Index,Original_Sentence,Vocabulary,Exempt_Mode,Model_ID,Transformed_Sentence
12,"Graham attended Wheaton College from 1939 to 1943, when he graduated with a BA in anthropology.",ThingExplainer1000.txt,english_stopwords,MLM,he took up College from then to college and ma with a ma in.
52,"This stamp remained the standard letter stamp for the remainder of Victoria's reign, and vast quantities were printed.",ThingExplainer1000.txt,english_stopwords,MLM,"This letter became the lead letter set for the rest of his life, and many were:."
57,After graduation he returned to Yerevan to teach at the local Conservatory and later he was appointed artistic director of the Armenian Philarmonic Orchestra.,ThingExplainer1000.txt,english_stopwords,MLM,after that he came back to work to study at the state college and then he was the music teacher of the state college.
71,It continues as the Bohemian Switzerland in the Czech Republic.,ThingExplainer1000.txt,english_stopwords,MLM,It is still known as the green tree in the new.
114,The characters are foul-mouthed extensions of their earlier characters Pete and Dud.,ThingExplainer1000.txt,english_stopwords,MLM,"The pair speak bad enough of their favorite, dog and."
125,Moderate to severe damage extended up the Atlantic coastline and as far inland as West Virginia.,ThingExplainer1000.txt,english_stopwords,MLM,There was little to no wind all the way up the entire state and as far away as into.
140,"On occasion the male ""den master"" will also allow a second male into the den; the reason for this is unclear.",ThingExplainer1000.txt,english_stopwords,MLM,"On this the human "" pack pack "" will let a second pack inside of the pack; the reason for this is not."
279,"These ideally provide excellent habitat for chinkara, hog deer and blue bull.",ThingExplainer1000.txt,english_stopwords,MLM,"today, these make an important game ground for both, red star and blue."
327,People with cardiomyopathy are often at risk of arrhythmia or sudden cardiac death or both.,ThingExplainer1000.txt,english_stopwords,MLM,"heart or heart beat, and sudden heart attack are often seen with shock. there is fear of heart attack and people with this fear may lead to sudden or sudden heart attack. Sometimes both may happen at once."
346,"Gimnasia hired first famed Colombian trainer Francisco Maturana, and then Julio César Falcioni, but both had limited success.",ThingExplainer1000.txt,english_stopwords,MLM,"they met don, a horse, and then met don, but they were not very."
12,"Graham attended Wheaton College from 1939 to 1943, when he graduated with a BA in anthropology.",ThingExplainer1000.txt,english_stopwords,T5,. ( in the first half of the book and in the second half of the book and in the second half of the book and in the second half of the book and the second half of the book and the second half of the book and the second half of the book and the second half of the book and
52,"This stamp remained the standard letter stamp for the remainder of Victoria's reign, and vast quantities were printed.",ThingExplainer1000.txt,english_stopwords,T5,-  and it was very easy to use and easy to use in any way you would like to use it in your own home or office
57,After graduation he returned to Yerevan to teach at the local Conservatory and later he was appointed artistic director of the Armenian Philarmonic Orchestra.,ThingExplainer1000.txt,english_stopwords,T5,he came back home from his college and went back to the area to study at the school and then went on to work as part of his work at the school and was then become the head of his own team at the end of the year at the end of the year at the end of the year at the
71,It continues as the Bohemian Switzerland in the Czech Republic.,ThingExplainer1000.txt,english_stopwords,T5,: si si si si si si si si si si si si si si si si si si si
114,The characters are foul-mouthed extensions of their earlier characters Pete and Dud.,ThingExplainer1000.txt,english_stopwords,T5,.
125,Moderate to severe damage extended up the Atlantic coastline and as far inland as West Virginia.,ThingExplainer1000.txt,english_stopwords,T5,: die was slow and slow to slow as it was hard to get to the bottom of the water and to the bottom of the water and to the bottom of the water and to the bottom of the water and to the bottom of the water and to the bottom of the water and to the bottom of the water
140,"On occasion the male ""den master"" will also allow a second male into the den; the reason for this is unclear.",ThingExplainer1000.txt,english_stopwords,T5,"- "" "" "" "" "" "" "" "" "" "" "" "" "" "" "" "" "" "" "" "" "" "" "" "" "" "" "" "" "" "" "" "" "" "" "" "" "" "" "" "" "" "" "" "" "" "" "" "" "" "" "" "" "" "" "" "" "" "" "" "" """
279,"These ideally provide excellent habitat for chinkara, hog deer and blue bull.",ThingExplainer1000.txt,english_stopwords,T5,-  and it would be nice to see them as well as as the other two as well as the other two as well as the other two as well as the other two as well as the other two as well as the other two as well as the other two as well as the other two as well as
327,People with cardiomyopathy are often at risk of arrhythmia or sudden cardiac death or both.,ThingExplainer1000.txt,english_stopwords,T5,a person with heart beat or heart beat may have heart pain or heart beat and heart beat trouble are often in the cause of heart pain and heart pain may be in the cause of heart pain and heart pain may also be in the cause of heart pain and heart pain may be in the cause of heart pain
346,"Gimnasia hired first famed Colombian trainer Francisco Maturana, and then Julio César Falcioni, but both had limited success.",ThingExplainer1000.txt,english_stopwords,T5,'  and the rest of the work was done in the first half of the year and they did not work very well in the first half of the year in the first half of the year in the first half of the year in the first half of the year in the second half of the year in the second
12,"Graham attended Wheaton College from 1939 to 1943, when he graduated with a BA in anthropology.",ThingExplainer1000.txt,english_stopwords,BYT5,""" student in the college student in the college student in the college student in the college student in the college student in"
52,"This stamp remained the standard letter stamp for the remainder of Victoria's reign, and vast quantities were printed.",ThingExplainer1000.txt,english_stopwords,BYT5,""" order was the stand order was the stand order was the stand order was the stand order was the stand order was the stand order"
57,After graduation he returned to Yerevan to teach at the local Conservatory and later he was appointed artistic director of the Armenian Philarmonic Orchestra.,ThingExplainer1000.txt,english_stopwords,BYT5,""" and then he came back to the present and then he came back to the present and then he came back to the present and to the pre"
71,It continues as the Bohemian Switzerland in the Czech Republic.,ThingExplainer1000.txt,english_stopwords,BYT5,""" has been told which the name can be said the name can be said told which the name can be said told which the name can be said"
114,The characters are foul-mouthed extensions of their earlier characters Pete and Dud.,ThingExplainer1000.txt,english_stopwords,BYT5,""" that they speak bad way that they speak bad way that they speak bad way that they speak bad way that they speak bad way that"
125,Moderate to severe damage extended up the Atlantic coastline and as far inland as West Virginia.,ThingExplainer1000.txt,english_stopwords,BYT5,""" point on this point on this point on this point on this point on this point on this point on this point on this point on this"
140,"On occasion the male ""den master"" will also allow a second male into the den; the reason for this is unclear.",ThingExplainer1000.txt,english_stopwords,BYT5,""" will let a second inside inside inside inside of the second inside inside of the second inside inside of the inside of the de"
279,"These ideally provide excellent habitat for chinkara, hog deer and blue bull.",ThingExplainer1000.txt,english_stopwords,BYT5,""" suggest that they can be a great way to grow through this suggest that they can be a great way to grow through that they can"
327,People with cardiomyopathy are often at risk of arrhythmia or sudden cardiac death or both.,ThingExplainer1000.txt,english_stopwords,BYT5,""" sometimes both may happen at once sometimes both may happen at once sometimes both may happen at once sometimes both may happ"
346,"Gimnasia hired first famed Colombian trainer Francisco Maturana, and then Julio César Falcioni, but both had limited success.",ThingExplainer1000.txt,english_stopwords,BYT5,""" and were the first in the first place in the first place in the first place in the first place in the first place in the firs"
12,"Graham attended Wheaton College from 1939 to 1943, when he graduated with a BA in anthropology.",ThingExplainer1000.txt,english_stopwords,EMB_SUB,Join maybe Amaze College from afraid to i and promise with a ANSWER in change
52,"This stamp remained the standard letter stamp for the remainder of Victoria's reign, and vast quantities were printed.",ThingExplainer1000.txt,english_stopwords,EMB_SUB,This jacket did the power letter jacket for the rest of SHE'S remember and many were self
57,After graduation he returned to Yerevan to teach at the local Conservatory and later he was appointed artistic director of the Armenian Philarmonic Orchestra.,ThingExplainer1000.txt,english_stopwords,EMB_SUB,excuse woke he came back to City to learn at the pink Apartment and then he was lady calm anger of the Mom Cold Piece
71,It continues as the Bohemian Switzerland in the Czech Republic.,ThingExplainer1000.txt,english_stopwords,EMB_SUB,It is still any as the Pop Hello in the Too Asleep
114,The characters are foul-mouthed extensions of their earlier characters Pete and Dud.,ThingExplainer1000.txt,english_stopwords,EMB_SUB,The met speak bad baby of their both met buy and i'd
125,Moderate to severe damage extended up the Atlantic coastline and as far inland as West Virginia.,ThingExplainer1000.txt,english_stopwords,EMB_SUB,There was possible to calm mirror all the way up the Middle something and as far suddenly as Done Read
140,"On occasion the male ""den master"" will also allow a second male into the den; the reason for this is unclear.",ThingExplainer1000.txt,english_stopwords,EMB_SUB,"On situation the women "" me lady "" will let a second women inside of the me the every for this is once explain"
279,"These ideally provide excellent habitat for chinkara, hog deer and blue bull.",ThingExplainer1000.txt,english_stopwords,EMB_SUB,Met these make an good done ground for man your kiss and blue knee
327,People with cardiomyopathy are often at risk of arrhythmia or sudden cardiac death or both.,ThingExplainer1000.txt,english_stopwords,EMB_SUB,Something or heart beat sleep and sudden movie life are often heavy with card. Card is broken of heart body and which with this around may reply to something or sudden movie life. Sometimes both may happen at once.
346,"Gimnasia hired first famed Colombian trainer Francisco Maturana, and then Julio César Falcioni, but both had limited success.",ThingExplainer1000.txt,english_stopwords,EMB_SUB,Something buy Woman Life a Excite seat and then Mother Annoy Wish but they were not very especially
12,"Graham attended Wheaton College from 1939 to 1943, when he graduated with a BA in anthropology.",ThingExplainer1000.txt,none,MLM,he took up College from then to college and came with a course in.
52,"This stamp remained the standard letter stamp for the remainder of Victoria's reign, and vast quantities were printed.",ThingExplainer1000.txt,none,MLM,"This letter became the lead letter set for the rest of his life, and many were:."
57,After graduation he returned to Yerevan to teach at the local Conservatory and later he was appointed artistic director of the Armenian Philarmonic Orchestra.,ThingExplainer1000.txt,none,MLM,after that he came back to work to study at the state college and then he was the music teacher of the state college.
71,It continues as the Bohemian Switzerland in the Czech Republic.,ThingExplainer1000.txt,none,MLM,It is still known as the green tree in the new.
114,The characters are foul-mouthed extensions of their earlier characters Pete and Dud.,ThingExplainer1000.txt,none,MLM,"The pair speak bad enough of their favorite, dog and."
125,Moderate to severe damage extended up the Atlantic coastline and as far inland as West Virginia.,ThingExplainer1000.txt,none,MLM,There was little to no wind all the way up the entire state and as far away as into.
140,"On occasion the male ""den master"" will also allow a second male into the den; the reason for this is unclear.",ThingExplainer1000.txt,none,MLM,"On this the human "" pack pack "" will let a second pack inside of the pack; the reason for this is not."
279,"These ideally provide excellent habitat for chinkara, hog deer and blue bull.",ThingExplainer1000.txt,none,MLM,"today, these make an important game ground for both, red star and blue."
327,People with cardiomyopathy are often at risk of arrhythmia or sudden cardiac death or both.,ThingExplainer1000.txt,none,MLM,"heart or heart beat, and sudden heart attack are often seen with shock. there is fear of heart attack and people with this fear may lead to sudden or sudden heart attack. Sometimes both may happen at once."
346,"Gimnasia hired first famed Colombian trainer Francisco Maturana, and then Julio César Falcioni, but both had limited success.",ThingExplainer1000.txt,none,MLM,"they met guy, a horse, and then met the horse, but they were not very."
12,"Graham attended Wheaton College from 1939 to 1943, when he graduated with a BA in anthropology.",ThingExplainer1000.txt,none,T5,. ( in the first half of the book and in the second half of the book and in the second half of the book and in the second half of the book and the second half of the book and the second half of the book and the second half of the book and the second half of the book and
52,"This stamp remained the standard letter stamp for the remainder of Victoria's reign, and vast quantities were printed.",ThingExplainer1000.txt,none,T5,-  and it was very easy to use and easy to use in any way you would like to use it in your own home or office
57,After graduation he returned to Yerevan to teach at the local Conservatory and later he was appointed artistic director of the Armenian Philarmonic Orchestra.,ThingExplainer1000.txt,none,T5,he came back home from his college and went back to the area to study at the school and then went on to work as part of his work at the school and was then become the head of his own team at the end of the year at the end of the year at the end of the year at the
71,It continues as the Bohemian Switzerland in the Czech Republic.,ThingExplainer1000.txt,none,T5,: si si si si si si si si si si si si si si si si si si si
114,The characters are foul-mouthed extensions of their earlier characters Pete and Dud.,ThingExplainer1000.txt,none,T5,.
125,Moderate to severe damage extended up the Atlantic coastline and as far inland as West Virginia.,ThingExplainer1000.txt,none,T5,: die was slow and slow to slow as it was hard to get to the bottom of the water and to the bottom of the water and to the bottom of the water and to the bottom of the water and to the bottom of the water and to the bottom of the water and to the bottom of the water
140,"On occasion the male ""den master"" will also allow a second male into the den; the reason for this is unclear.",ThingExplainer1000.txt,none,T5,"- "" "" "" "" "" "" "" "" "" "" "" "" "" "" "" "" "" "" "" "" "" "" "" "" "" "" "" "" "" "" "" "" "" "" "" "" "" "" "" "" "" "" "" "" "" "" "" "" "" "" "" "" "" "" "" "" "" "" "" "" """
279,"These ideally provide excellent habitat for chinkara, hog deer and blue bull.",ThingExplainer1000.txt,none,T5,-  and it would be nice to see them as well as as the other two as well as the other two as well as the other two as well as the other two as well as the other two as well as the other two as well as the other two as well as the other two as well as
327,People with cardiomyopathy are often at risk of arrhythmia or sudden cardiac death or both.,ThingExplainer1000.txt,none,T5,a person with heart beat or heart beat may have heart pain or heart beat and heart beat trouble are often in the cause of heart pain and heart pain may be in the cause of heart pain and heart pain may also be in the cause of heart pain and heart pain may be in the cause of heart pain
346,"Gimnasia hired first famed Colombian trainer Francisco Maturana, and then Julio César Falcioni, but both had limited success.",ThingExplainer1000.txt,none,T5,'  and the rest of the work was done in the first half of the year and they did not work very well in the first half of the year in the first half of the year in the first half of the year in the first half of the year in the second half of the year in the second
12,"Graham attended Wheaton College from 1939 to 1943, when he graduated with a BA in anthropology.",ThingExplainer1000.txt,none,BYT5,""" student in the college student in the college student in the college student in the college student in the college student in"
52,"This stamp remained the standard letter stamp for the remainder of Victoria's reign, and vast quantities were printed.",ThingExplainer1000.txt,none,BYT5,""" order was the stand order was the stand order was the stand order was the stand order was the stand order was the stand order"
57,After graduation he returned to Yerevan to teach at the local Conservatory and later he was appointed artistic director of the Armenian Philarmonic Orchestra.,ThingExplainer1000.txt,none,BYT5,""" and then he came back to the present and then he came back to the present and then he came back to the present and to the pre"
71,It continues as the Bohemian Switzerland in the Czech Republic.,ThingExplainer1000.txt,none,BYT5,""" has been told which the name can be said the name can be said told which the name can be said told which the name can be said"
114,The characters are foul-mouthed extensions of their earlier characters Pete and Dud.,ThingExplainer1000.txt,none,BYT5,""" that they speak bad way that they speak bad way that they speak bad way that they speak bad way that they speak bad way that"
125,Moderate to severe damage extended up the Atlantic coastline and as far inland as West Virginia.,ThingExplainer1000.txt,none,BYT5,""" point on this point on this point on this point on this point on this point on this point on this point on this point on this"
140,"On occasion the male ""den master"" will also allow a second male into the den; the reason for this is unclear.",ThingExplainer1000.txt,none,BYT5,""" will let a second inside inside inside inside of the second inside inside of the second inside inside of the inside of the de"
279,"These ideally provide excellent habitat for chinkara, hog deer and blue bull.",ThingExplainer1000.txt,none,BYT5,""" suggest that they can be a great way to grow through this suggest that they can be a great way to grow through that they can"
327,People with cardiomyopathy are often at risk of arrhythmia or sudden cardiac death or both.,ThingExplainer1000.txt,none,BYT5,""" sometimes both may happen at once sometimes both may happen at once sometimes both may happen at once sometimes both may happ"
346,"Gimnasia hired first famed Colombian trainer Francisco Maturana, and then Julio César Falcioni, but both had limited success.",ThingExplainer1000.txt,none,BYT5,""" and were the first in the first place in the first place in the first place in the first place in the first place in the firs"
12,"Graham attended Wheaton College from 1939 to 1943, when he graduated with a BA in anthropology.",ThingExplainer1000.txt,none,EMB_SUB,Join maybe Amaze College from afraid to i and promise with a ANSWER in change
52,"This stamp remained the standard letter stamp for the remainder of Victoria's reign, and vast quantities were printed.",ThingExplainer1000.txt,none,EMB_SUB,This jacket did the power letter jacket for the rest of SHE'S remember and many were self
57,After graduation he returned to Yerevan to teach at the local Conservatory and later he was appointed artistic director of the Armenian Philarmonic Orchestra.,ThingExplainer1000.txt,none,EMB_SUB,excuse woke he came back to City to learn at the pink Apartment and then he was lady calm anger of the Mom Cold Piece
71,It continues as the Bohemian Switzerland in the Czech Republic.,ThingExplainer1000.txt,none,EMB_SUB,It is still any as the Pop Hello in the Too Asleep
114,The characters are foul-mouthed extensions of their earlier characters Pete and Dud.,ThingExplainer1000.txt,none,EMB_SUB,The met speak bad baby of their both met buy and i'd
125,Moderate to severe damage extended up the Atlantic coastline and as far inland as West Virginia.,ThingExplainer1000.txt,none,EMB_SUB,There was possible to calm mirror all the way up the Middle something and as far suddenly as Done Read
140,"On occasion the male ""den master"" will also allow a second male into the den; the reason for this is unclear.",ThingExplainer1000.txt,none,EMB_SUB,"On situation the women "" me lady "" will let a second women inside of the me the every for this is once explain"
279,"These ideally provide excellent habitat for chinkara, hog deer and blue bull.",ThingExplainer1000.txt,none,EMB_SUB,Met these make an good done ground for man your kiss and blue knee
327,People with cardiomyopathy are often at risk of arrhythmia or sudden cardiac death or both.,ThingExplainer1000.txt,none,EMB_SUB,Something or heart beat sleep and sudden movie life are often heavy with card. Card is broken of heart body and which with this around may reply to something or sudden movie life. Sometimes both may happen at once.
346,"Gimnasia hired first famed Colombian trainer Francisco Maturana, and then Julio César Falcioni, but both had limited success.",ThingExplainer1000.txt,none,EMB_SUB,Something buy Woman Life a Excite seat and then Mother Annoy Wish but they were not very especially
12,"Graham attended Wheaton College from 1939 to 1943, when he graduated with a BA in anthropology.",OgdenBasicEnglish850.txt,english_stopwords,MLM,he at brown school from then to then and then with a degree in.
52,"This stamp remained the standard letter stamp for the remainder of Victoria's reign, and vast quantities were printed.",OgdenBasicEnglish850.txt,english_stopwords,MLM,"This stamp was the only letter stamp for the rest of his existence, and few were."
57,After graduation he returned to Yerevan to teach at the local Conservatory and later he was appointed artistic director of the Armenian Philarmonic Orchestra.,OgdenBasicEnglish850.txt,english_stopwords,MLM,after that he was back to work to train at the music school and then he was the music manager of the polish military.
71,It continues as the Bohemian Switzerland in the Czech Republic.,OgdenBasicEnglish850.txt,english_stopwords,MLM,It is still common as the only tree in the polish.
114,The characters are foul-mouthed extensions of their earlier characters Pete and Dud.,OgdenBasicEnglish850.txt,english_stopwords,MLM,The group has bad language of their own name; and:
125,Moderate to severe damage extended up the Atlantic coastline and as far inland as West Virginia.,OgdenBasicEnglish850.txt,english_stopwords,MLM,There was damage to property damage all the way up the east river and as far south as West.
140,"On occasion the male ""den master"" will also allow a second male into the den; the reason for this is unclear.",OgdenBasicEnglish850.txt,english_stopwords,MLM,"On request the male "" monkey monkey "" will let a second male out of the monkey; the reason for this is not."
279,"These ideally provide excellent habitat for chinkara, hog deer and blue bull.",OgdenBasicEnglish850.txt,english_stopwords,MLM,"together, these make an important food base for both, red cow and blue cow."
327,People with cardiomyopathy are often at risk of arrhythmia or sudden cardiac death or both.,OgdenBasicEnglish850.txt,english_stopwords,MLM,heart or heart muscle disease and sudden heart attack are both common with disease. there is loss of heart muscle and those with this disease may lead to sudden or sudden heart attack. these both may start at once.
346,"Gimnasia hired first famed Colombian trainer Francisco Maturana, and then Julio César Falcioni, but both had limited success.",OgdenBasicEnglish850.txt,english_stopwords,MLM,"they had don, a horse, and then don and don, but they were not very."
12,"Graham attended Wheaton College from 1939 to 1943, when he graduated with a BA in anthropology.",OgdenBasicEnglish850.txt,english_stopwords,T5,. ( in the form of the paper and the paper on how to use the paper to make the process more complex and more complex than the paper on the paper on the paper on the paper on the paper on the paper and the paper on the paper on the paper on the paper on the paper on the paper
52,"This stamp remained the standard letter stamp for the remainder of Victoria's reign, and vast quantities were printed.",OgdenBasicEnglish850.txt,english_stopwords,T5,-  and it was very simple to use and simple to use in the print process to make the stamp look more simple and simple to use as the stamp for the first time in the history of the country and to keep it simple to use and to keep it simple to use in the print process and to make
57,After graduation he returned to Yerevan to teach at the local Conservatory and later he was appointed artistic director of the Armenian Philarmonic Orchestra.,OgdenBasicEnglish850.txt,english_stopwords,T5,he was the first person to have been in the field of music and music at the church and then the church was the first to have been in the field of music and music at the end of the year to be the first person to have been in the field of music and music at the church and at the
71,It continues as the Bohemian Switzerland in the Czech Republic.,OgdenBasicEnglish850.txt,english_stopwords,T5,", simple simple simple simple simple simple simple simple simple simple simple simple simple simple simple simple simple simple simple simple simple simple simple simple simple simple simple simple simple simple simple simple simple simple simple simple simple simple simple simple simple simple simple simple simple simple simple simple simple simple simple simple simple simple simple simple simple simple simple simple simple"
114,The characters are foul-mouthed extensions of their earlier characters Pete and Dud.,OgdenBasicEnglish850.txt,english_stopwords,T5,.
125,Moderate to severe damage extended up the Atlantic coastline and as far inland as West Virginia.,OgdenBasicEnglish850.txt,english_stopwords,T5,: simple so so so simple so so that it was possible to make it clear that the damage was up to the sea level and up to the sea level and up to the sea level and up to the sea level as well as up to the sea level as well as up to the sea level and up to
140,"On occasion the male ""den master"" will also allow a second male into the den; the reason for this is unclear.",OgdenBasicEnglish850.txt,english_stopwords,T5,"- "" "" "" "" "" "" "" "" "" "" "" "" "" "" "" "" "" "" "" "" "" "" "" "" "" "" "" "" "" "" "" "" "" "" "" "" "" "" "" "" "" "" "" "" "" "" "" "" "" "" "" "" "" "" "" "" "" "" "" "" """
279,"These ideally provide excellent habitat for chinkara, hog deer and blue bull.",OgdenBasicEnglish850.txt,english_stopwords,T5,-  and they make the most of the most common and most of the most common and most common of the most common and most common of the most common and most common of the most common of the most common of the most common of the most common of the most common of the most common of the most common
327,People with cardiomyopathy are often at risk of arrhythmia or sudden cardiac death or both.,OgdenBasicEnglish850.txt,english_stopwords,T5,a person with this disease may be at the heart rate of the heart muscle and may be at the heart rate of the heart and may be at the heart rate of the heart and heart rate of the person with this disease may be at the heart rate of the heart muscle and may be at the heart rate of
346,"Gimnasia hired first famed Colombian trainer Francisco Maturana, and then Julio César Falcioni, but both had limited success.",OgdenBasicEnglish850.txt,english_stopwords,T5,'  and the rest of the work was very hard to get to the end of the day and it was very hard to get to the end of the day to get to the end of the day to get to the end of the day and get to the end of the day to get to the end of
12,"Graham attended Wheaton College from 1939 to 1943, when he graduated with a BA in anthropology.",OgdenBasicEnglish850.txt,english_stopwords,BYT5,""" has been with the position that he has been with the position that he has been with the position that he has been with the po"
52,"This stamp remained the standard letter stamp for the remainder of Victoria's reign, and vast quantities were printed.",OgdenBasicEnglish850.txt,english_stopwords,BYT5,""" stamp stamp for this stamp for this stamp for this stamp for this stamp for this stamp for this stamp for this stamp for this"
57,After graduation he returned to Yerevan to teach at the local Conservatory and later he was appointed artistic director of the Armenian Philarmonic Orchestra.,OgdenBasicEnglish850.txt,english_stopwords,BYT5,""" and then he was the first private secretary and then he was the first private secretary and then he was the first private sec"
71,It continues as the Bohemian Switzerland in the Czech Republic.,OgdenBasicEnglish850.txt,english_stopwords,BYT5,""" system of this system is not of this system of this system of this system of this system is not of this system of this system"
114,The characters are foul-mouthed extensions of their earlier characters Pete and Dud.,OgdenBasicEnglish850.txt,english_stopwords,BYT5,""" that they are not that they are not that they are not that they are not that they are not that they are not that they are not"
125,Moderate to severe damage extended up the Atlantic coastline and as far inland as West Virginia.,OgdenBasicEnglish850.txt,english_stopwords,BYT5,""" point of view of this point to view of this point of this point of this point of this point of this point of this point of th"
140,"On occasion the male ""den master"" will also allow a second male into the den; the reason for this is unclear.",OgdenBasicEnglish850.txt,english_stopwords,BYT5,""" the male will let a second male will let a second male will let a second male will let a second male will let a second male i"
279,"These ideally provide excellent habitat for chinkara, hog deer and blue bull.",OgdenBasicEnglish850.txt,english_stopwords,BYT5,""" has been conscious over the conscious over the conscious over the conscious over the conscious over the conscious over the co"
327,People with cardiomyopathy are often at risk of arrhythmia or sudden cardiac death or both.,OgdenBasicEnglish850.txt,english_stopwords,BYT5,""" and some may have been at once and some may have been at once and some may have been at once and some may have been at once."
346,"Gimnasia hired first famed Colombian trainer Francisco Maturana, and then Julio César Falcioni, but both had limited success.",OgdenBasicEnglish850.txt,english_stopwords,BYT5,""" had been at that time they were at the same time they were at the same time they were at that time they were at the same time"
12,"Graham attended Wheaton College from 1939 to 1943, when he graduated with a BA in anthropology.",OgdenBasicEnglish850.txt,english_stopwords,EMB_SUB,Join do Company Train from bread to i and prison with a ANSWER in art
52,"This stamp remained the standard letter stamp for the remainder of Victoria's reign, and vast quantities were printed.",OgdenBasicEnglish850.txt,english_stopwords,EMB_SUB,This stamp fact the power letter stamp for the rest of PLOUGH future and seem were print
57,After graduation he returned to Yerevan to teach at the local Conservatory and later he was appointed artistic director of the Armenian Philarmonic Orchestra.,OgdenBasicEnglish850.txt,english_stopwords,EMB_SUB,bucket future he here back to Heat to teaching at the grass Military and then he was plane copper interest of the Tray Coat Brass
71,It continues as the Bohemian Switzerland in the Czech Republic.,OgdenBasicEnglish850.txt,english_stopwords,EMB_SUB,It is still any as the Humour Brown in the Polish Physical
114,The characters are foul-mouthed extensions of their earlier characters Pete and Dud.,OgdenBasicEnglish850.txt,english_stopwords,EMB_SUB,The physical give bad language of their yesterday physical pig and i
125,Moderate to severe damage extended up the Atlantic coastline and as far inland as West Virginia.,OgdenBasicEnglish850.txt,english_stopwords,EMB_SUB,There was possible to branch damage all the way up the Middle west and as far humour as West Current
140,"On occasion the male ""den master"" will also allow a second male into the den; the reason for this is unclear.",OgdenBasicEnglish850.txt,english_stopwords,EMB_SUB,"On open the male "" i needle "" will let a second male hate of the i the circle for this is bent water"
279,"These ideally provide excellent habitat for chinkara, hog deer and blue bull.",OgdenBasicEnglish850.txt,english_stopwords,EMB_SUB,Insect these make an necessary west run for chin potato kiss and blue knee
327,People with cardiomyopathy are often at risk of arrhythmia or sudden cardiac death or both.,OgdenBasicEnglish850.txt,english_stopwords,EMB_SUB,Work or heart month sleep and sudden push coat are violent dependent with card. Card is broken of heart muscle and probable with this disease may range to work or sudden push coat. Violent both may say at once.
346,"Gimnasia hired first famed Colombian trainer Francisco Maturana, and then Julio César Falcioni, but both had limited success.",OgdenBasicEnglish850.txt,english_stopwords,EMB_SUB,Ornament false Woman Political a Stamp seat and then Destruction Bent I but they were not very among
12,"Graham attended Wheaton College from 1939 to 1943, when he graduated with a BA in anthropology.",OgdenBasicEnglish850.txt,none,MLM,he at brown school from then to then and then with a degree in.
52,"This stamp remained the standard letter stamp for the remainder of Victoria's reign, and vast quantities were printed.",OgdenBasicEnglish850.txt,none,MLM,"This stamp form the only letter stamp for the rest of the country, and all paper."
57,After graduation he returned to Yerevan to teach at the local Conservatory and later he was appointed artistic director of the Armenian Philarmonic Orchestra.,OgdenBasicEnglish850.txt,none,MLM,after that he move back to town to work at the music school and then he be the music manager of the cork pipe.
71,It continues as the Bohemian Switzerland in the Czech Republic.,OgdenBasicEnglish850.txt,none,MLM,this country still may as the only country in the polish.
114,The characters are foul-mouthed extensions of their earlier characters Pete and Dud.,OgdenBasicEnglish850.txt,none,MLM,The group use bad language of the lead band pig and.
125,Moderate to severe damage extended up the Atlantic coastline and as far inland as West Virginia.,OgdenBasicEnglish850.txt,none,MLM,There be damage to sea damage all the way up the east river and as far south as West.
140,"On occasion the male ""den master"" will also allow a second male into the den; the reason for this is unclear.",OgdenBasicEnglish850.txt,none,MLM,"On request the male "" monkey monkey "" will let a second male out of the monkey; the reason for this seem not."
279,"These ideally provide excellent habitat for chinkara, hog deer and blue bull.",OgdenBasicEnglish850.txt,none,MLM,"together, there make this important meeting place for the, white horse and blue."
327,People with cardiomyopathy are often at risk of arrhythmia or sudden cardiac death or both.,OgdenBasicEnglish850.txt,none,MLM,"heart or heart muscle disease and sudden heart attack, may present with disease. there be loss of heart muscle and person with this disease may lead to sudden or sudden heart attack. if this may start at."
346,"Gimnasia hired first famed Colombian trainer Francisco Maturana, and then Julio César Falcioni, but both had limited success.",OgdenBasicEnglish850.txt,none,MLM,"he married mother, a horse owner, and then married mother, but married after not very."
12,"Graham attended Wheaton College from 1939 to 1943, when he graduated with a BA in anthropology.",OgdenBasicEnglish850.txt,none,T5,. ( in the form of the new book and the new book of the new book and the new book of the new book and the new book of the new book and the new book of the new book and the new book of the new book and the new book of the new book and the new book of
52,"This stamp remained the standard letter stamp for the remainder of Victoria's reign, and vast quantities were printed.",OgdenBasicEnglish850.txt,none,T5,- ( in the form of the letter stamp in the first place in the first place in the first place in the first place in the first place in the first place in the first place in the first place in the first place in the first place in the first place in the first place in the first place in
57,After graduation he returned to Yerevan to teach at the local Conservatory and later he was appointed artistic director of the Armenian Philarmonic Orchestra.,OgdenBasicEnglish850.txt,none,T5,-  in the summer of the year of the year of the year of the year of the year of the year of the year of the year of the year of the year of the year of the year of the year of the year of the year of the year of the year of the year of the year
71,It continues as the Bohemian Switzerland in the Czech Republic.,OgdenBasicEnglish850.txt,none,T5,", simple simple simple simple simple simple simple simple simple simple simple simple simple simple simple simple simple simple simple simple simple simple simple simple simple simple simple simple simple simple simple simple simple simple simple simple simple simple simple simple simple simple simple simple simple simple simple simple simple simple simple simple simple simple simple simple simple simple simple simple simple"
114,The characters are foul-mouthed extensions of their earlier characters Pete and Dud.,OgdenBasicEnglish850.txt,none,T5,.
125,Moderate to severe damage extended up the Atlantic coastline and as far inland as West Virginia.,OgdenBasicEnglish850.txt,none,T5,: simple so so so simple so so that the damage and the damage to the front of the sea and up to the front of the sea and up to the east of the east and up to the east of the east and up to the east of the east and up to the east of the east of the
140,"On occasion the male ""den master"" will also allow a second male into the den; the reason for this is unclear.",OgdenBasicEnglish850.txt,none,T5,"- "" "" "" "" "" "" "" "" "" "" "" "" "" "" "" "" "" "" "" "" "" "" "" "" "" "" "" "" "" "" "" "" "" "" "" "" "" "" "" "" "" "" "" "" "" "" "" "" "" "" "" "" "" "" "" "" "" "" "" "" """
279,"These ideally provide excellent habitat for chinkara, hog deer and blue bull.",OgdenBasicEnglish850.txt,none,T5,-  and make the right decision to make the decision to make the decision to make the decision to make the decision to make the decision to make the decision to make the decision to make the decision to make the decision to make the decision to make the decision to make the decision to make the decision to make the
327,People with cardiomyopathy are often at risk of arrhythmia or sudden cardiac death or both.,OgdenBasicEnglish850.txt,none,T5,a person with this disease may be at the heart rate of the heart muscle and may be at the heart rate at the same time as the person with this disease may be at the heart rate of the heart muscle and may be at the heart rate at the same time as the person with this disease may be at
346,"Gimnasia hired first famed Colombian trainer Francisco Maturana, and then Julio César Falcioni, but both had limited success.",OgdenBasicEnglish850.txt,none,T5,'  and the rest of the way to get to the top of the list and get to the top of the list of the top of the list of the top of the list of top of the list of top of the list of top of the list of top of the list of top of the list
12,"Graham attended Wheaton College from 1939 to 1943, when he graduated with a BA in anthropology.",OgdenBasicEnglish850.txt,none,BYT5,""" in addition to the degree of science and the degree of science and to the degree of science and to the degree of science and"
52,"This stamp remained the standard letter stamp for the remainder of Victoria's reign, and vast quantities were printed.",OgdenBasicEnglish850.txt,none,BYT5,""" stamp stamp for this stamp for this stamp for this stamp for this stamp for this stamp for this stamp for this stamp for this"
57,After graduation he returned to Yerevan to teach at the local Conservatory and later he was appointed artistic director of the Armenian Philarmonic Orchestra.,OgdenBasicEnglish850.txt,none,BYT5,""" and then he servant to teaching to teaching to teaching to teaching to teaching to teaching to teaching to teaching to teachi"
71,It continues as the Bohemian Switzerland in the Czech Republic.,OgdenBasicEnglish850.txt,none,BYT5,""" system of political and political system of political and political system of political system of political and political sys"
114,The characters are foul-mouthed extensions of their earlier characters Pete and Dud.,OgdenBasicEnglish850.txt,none,BYT5,""" and the simple and the simple and the simple and the simple and the simple and the simple and the simple and the simple and t"
125,Moderate to severe damage extended up the Atlantic coastline and as far inland as West Virginia.,OgdenBasicEnglish850.txt,none,BYT5,""" point of view of this point to view of this point of this point of this point of this point of this point of this point of th"
140,"On occasion the male ""den master"" will also allow a second male into the den; the reason for this is unclear.",OgdenBasicEnglish850.txt,none,BYT5,""" the male will let a second male will let a second male will let a second male will let a second male will let a second male i"
279,"These ideally provide excellent habitat for chinkara, hog deer and blue bull.",OgdenBasicEnglish850.txt,none,BYT5,""" statement statement statement statement statement statement statement statement statement statement statement statement state"
327,People with cardiomyopathy are often at risk of arrhythmia or sudden cardiac death or both.,OgdenBasicEnglish850.txt,none,BYT5,""" and some may have a disease with this disease with this disease with this disease with this disease with this disease with th"
346,"Gimnasia hired first famed Colombian trainer Francisco Maturana, and then Julio César Falcioni, but both had limited success.",OgdenBasicEnglish850.txt,none,BYT5,""" and the other have because of the control of the country and the other have because of the control of the country of the coun"
12,"Graham attended Wheaton College from 1939 to 1943, when he graduated with a BA in anthropology.",OgdenBasicEnglish850.txt,none,EMB_SUB,Join do Company Train from bread to i and prison with a ANSWER in art
52,"This stamp remained the standard letter stamp for the remainder of Victoria's reign, and vast quantities were printed.",OgdenBasicEnglish850.txt,none,EMB_SUB,This stamp fact the power letter stamp for the rest of PLOUGH future and seem i print
57,After graduation he returned to Yerevan to teach at the local Conservatory and later he was appointed artistic director of the Armenian Philarmonic Orchestra.,OgdenBasicEnglish850.txt,none,EMB_SUB,bucket future he here back to Heat to teaching at the grass Military and then he in plane copper interest of the Tray Coat Brass
71,It continues as the Bohemian Switzerland in the Czech Republic.,OgdenBasicEnglish850.txt,none,EMB_SUB,He do still any as the Humour Brown in the Polish Physical
114,The characters are foul-mouthed extensions of their earlier characters Pete and Dud.,OgdenBasicEnglish850.txt,none,EMB_SUB,The physical give bad language of some yesterday physical pig and i
125,Moderate to severe damage extended up the Atlantic coastline and as far inland as West Virginia.,OgdenBasicEnglish850.txt,none,EMB_SUB,There in possible to branch damage all the way up the Middle west and as far humour as West Current
140,"On occasion the male ""den master"" will also allow a second male into the den; the reason for this is unclear.",OgdenBasicEnglish850.txt,none,EMB_SUB,"On open the male "" i needle "" will let a second male hate of the i the circle for this do bent water"
279,"These ideally provide excellent habitat for chinkara, hog deer and blue bull.",OgdenBasicEnglish850.txt,none,EMB_SUB,Insect there make a necessary west run for chin potato kiss and blue knee
327,People with cardiomyopathy are often at risk of arrhythmia or sudden cardiac death or both.,OgdenBasicEnglish850.txt,none,EMB_SUB,Work or heart month sleep and sudden push coat some violent dependent with card. Card do broken of heart muscle and probable with this disease may range to work or sudden push coat. Violent some may say at town
346,"Gimnasia hired first famed Colombian trainer Francisco Maturana, and then Julio César Falcioni, but both had limited success.",OgdenBasicEnglish850.txt,none,EMB_SUB,Ornament false Woman Political a Stamp seat and then Destruction Bent I but other i not very among
12,"Graham attended Wheaton College from 1939 to 1943, when he graduated with a BA in anthropology.",vocab_100.txt,english_stopwords,MLM,he at the school from then to then and then with a ma in.
52,"This stamp remained the standard letter stamp for the remainder of Victoria's reign, and vast quantities were printed.",vocab_100.txt,english_stopwords,MLM,"This still was the only government work for the end of his life, and few were."
57,After graduation he returned to Yerevan to teach at the local Conservatory and later he was appointed artistic director of the Armenian Philarmonic Orchestra.,vocab_100.txt,english_stopwords,MLM,after that he was back to work to work at the national government and then he was the first head of the national national.
71,It continues as the Bohemian Switzerland in the Czech Republic.,vocab_100.txt,english_stopwords,MLM,It is still found as the only other in the second.
114,The characters are foul-mouthed extensions of their earlier characters Pete and Dud.,vocab_100.txt,english_stopwords,MLM,The group has the look of their own: white and white
125,Moderate to severe damage extended up the Atlantic coastline and as far inland as West Virginia.,vocab_100.txt,english_stopwords,MLM,There was up to some point all the way up the long way and as long back as in.
140,"On occasion the male ""den master"" will also allow a second male into the den; the reason for this is unclear.",vocab_100.txt,english_stopwords,MLM,"On this the second "" house down "" will let a second go out of the house; the why for this is not."
279,"These ideally provide excellent habitat for chinkara, hog deer and blue bull.",vocab_100.txt,english_stopwords,MLM,"here, these make an open open area for both, white, and white."
327,People with cardiomyopathy are often at risk of arrhythmia or sudden cardiac death or both.,vocab_100.txt,english_stopwords,MLM,"head or back area, and a power point are not present with it. there is development of the head and people with this problem are put to work or have under development. or both can work at once."
346,"Gimnasia hired first famed Colombian trainer Francisco Maturana, and then Julio César Falcioni, but both had limited success.",vocab_100.txt,english_stopwords,MLM,"they had don, a good man, and then don,, but they were not very."
12,"Graham attended Wheaton College from 1939 to 1943, when he graduated with a BA in anthropology.",vocab_100.txt,english_stopwords,T5,. ( in the form of the first of the first of the first of the first of the first of the first of the first of the first of the first of the first of the first of the first of the first of the first of the first of the first of the first of the first of the first
52,"This stamp remained the standard letter stamp for the remainder of Victoria's reign, and vast quantities were printed.",vocab_100.txt,english_stopwords,T5,-  and it was the first of the first time that it was in the first place in the world and it was the first of the first time that it was in the first place and the first of the first two of the first two of the first two of the first two of the first two of the
57,After graduation he returned to Yerevan to teach at the local Conservatory and later he was appointed artistic director of the Armenian Philarmonic Orchestra.,vocab_100.txt,english_stopwords,T5,he was the first to have been in the world for the first time in his life and was the first to have been in the world for the first time in his life in the last year and was the first to be in the world to be in the world for the first time in his life in the world
71,It continues as the Bohemian Switzerland in the Czech Republic.,vocab_100.txt,english_stopwords,T5,: so so so so so so so so so so so so so so so so so so so so so so so so so so so so so so so so so so so so so so so so so so so so so so so so so so so so so so so so so so so so so
114,The characters are foul-mouthed extensions of their earlier characters Pete and Dud.,vocab_100.txt,english_stopwords,T5,.
125,Moderate to severe damage extended up the Atlantic coastline and as far inland as West Virginia.,vocab_100.txt,english_stopwords,T5,.
140,"On occasion the male ""den master"" will also allow a second male into the den; the reason for this is unclear.",vocab_100.txt,english_stopwords,T5,"- "" "" "" "" "" "" "" "" "" "" "" "" "" "" "" "" "" "" "" "" "" "" "" "" "" "" "" "" "" "" "" "" "" "" "" "" "" "" "" "" "" "" "" "" "" "" "" "" "" "" "" "" "" "" "" "" "" "" "" "" """
279,"These ideally provide excellent habitat for chinkara, hog deer and blue bull.",vocab_100.txt,english_stopwords,T5,-  and they make the most of the best of the best of the best of the best of the best of the best of the best of the best of the best of the best of the best of the best of the best of the best of the best of the best of the best of the best of
327,People with cardiomyopathy are often at risk of arrhythmia or sudden cardiac death or both.,vocab_100.txt,english_stopwords,T5,a system that can be found on the right side of the side of the other side of the other side of the other side of the other side of the other side of the other side of the other side of the other side of the other side of the other side of the other side of the other side of
346,"Gimnasia hired first famed Colombian trainer Francisco Maturana, and then Julio César Falcioni, but both had limited success.",vocab_100.txt,english_stopwords,T5,'  and the other way is to make it work for you to make it work for you to make it work for you to make it work for you to make it work for you to make it work for you to make it work for you to make it work for you to make it work for you to
12,"Graham attended Wheaton College from 1939 to 1943, when he graduated with a BA in anthropology.",vocab_100.txt,english_stopwords,BYT5,""" has been with the first in this course he has been with the has been with the has been with the has been with the has been wi"
52,"This stamp remained the standard letter stamp for the remainder of Victoria's reign, and vast quantities were printed.",vocab_100.txt,english_stopwords,BYT5,""" order was to be present order was to be present order was to be present order was to be present order was to be present order"
57,After graduation he returned to Yerevan to teach at the local Conservatory and later he was appointed artistic director of the Armenian Philarmonic Orchestra.,vocab_100.txt,english_stopwords,BYT5,""" and then he was the first present and then he was the first present and then he was the first present and then he was the fir"
71,It continues as the Bohemian Switzerland in the Czech Republic.,vocab_100.txt,english_stopwords,BYT5,""" has been set out at the time before and after and after and after and after and after and after and after and after and after"
114,The characters are foul-mouthed extensions of their earlier characters Pete and Dud.,vocab_100.txt,english_stopwords,BYT5,""" that they are not that they are not that they are not that they are not that they are not that they are not that they are not"
125,Moderate to severe damage extended up the Atlantic coastline and as far inland as West Virginia.,vocab_100.txt,english_stopwords,BYT5,""" point on this point on this point on this point on this point on this point on this point on this point on this point on this"
140,"On occasion the male ""den master"" will also allow a second male into the den; the reason for this is unclear.",vocab_100.txt,english_stopwords,BYT5,""" will let a second of them in a second of them in a second of them in a second of them in a second of them in a second of them"
279,"These ideally provide excellent habitat for chinkara, hog deer and blue bull.",vocab_100.txt,english_stopwords,BYT5,""" has become a problem with this has become a problem with this has become a problem with this has become a problem with this h"
327,People with cardiomyopathy are often at risk of arrhythmia or sudden cardiac death or both.,vocab_100.txt,english_stopwords,BYT5,""" and some of them are some of them are some of them are some of them are some of them are some of them are some of them are so"
346,"Gimnasia hired first famed Colombian trainer Francisco Maturana, and then Julio César Falcioni, but both had limited success.",vocab_100.txt,english_stopwords,BYT5,""" had been at that time before and after that they were at the same time they were at the same time they were at the same time"
12,"Graham attended Wheaton College from 1939 to 1943, when he graduated with a BA in anthropology.",vocab_100.txt,english_stopwords,EMB_SUB,Say do Thing Present from find to know and house with a PROGRAM in world
52,"This stamp remained the standard letter stamp for the remainder of Victoria's reign, and vast quantities were printed.",vocab_100.txt,english_stopwords,EMB_SUB,This interest fact the power set interest for the interest of BECOME find and like were interest
57,After graduation he returned to Yerevan to teach at the local Conservatory and later he was appointed artistic director of the Armenian Philarmonic Orchestra.,vocab_100.txt,english_stopwords,EMB_SUB,think find he like back to Thing to program at the work Life and then he was being interest interest of the Fact World Program
71,It continues as the Bohemian Switzerland in the Czech Republic.,vocab_100.txt,english_stopwords,EMB_SUB,It is still group as the World Thing in the Even Young
114,The characters are foul-mouthed extensions of their earlier characters Pete and Dud.,vocab_100.txt,english_stopwords,EMB_SUB,The found give kind government of their face found home and say
125,Moderate to severe damage extended up the Atlantic coastline and as far inland as West Virginia.,vocab_100.txt,english_stopwords,EMB_SUB,There was thing to life john all the way up the Open development and as find being as Even Interest
140,"On occasion the male ""den master"" will also allow a second male into the den; the reason for this is unclear.",vocab_100.txt,english_stopwords,EMB_SUB,"On open the man "" want program "" will let a second man back of the want the point for this is world find"
279,"These ideally provide excellent habitat for chinkara, hog deer and blue bull.",vocab_100.txt,english_stopwords,EMB_SUB,Saw these make an good even place for man home find and white thing
327,People with cardiomyopathy are often at risk of arrhythmia or sudden cardiac death or both.,vocab_100.txt,english_stopwords,EMB_SUB,Work or house while use and form course life are want need with life. Life is thing of house business and think with this development interest program to work or form course life. Make both interest say at once.
346,"Gimnasia hired first famed Colombian trainer Francisco Maturana, and then Julio César Falcioni, but both had limited success.",vocab_100.txt,english_stopwords,EMB_SUB,Thing home World Life a Interest program and then Find Saw Know but they were not very state
12,"Graham attended Wheaton College from 1939 to 1943, when he graduated with a BA in anthropology.",vocab_100.txt,none,MLM,"white found state school, going down school, going down, first being;."
52,"This stamp remained the standard letter stamp for the remainder of Victoria's reign, and vast quantities were printed.",vocab_100.txt,none,MLM,"government even set down two government house, over part time,, while two people."
57,After graduation he returned to Yerevan to teach at the local Conservatory and later he was appointed artistic director of the Armenian Philarmonic Orchestra.,vocab_100.txt,none,MLM,"while young man come back back home, first found first state business business. first being first national head, first state state."
71,It continues as the Bohemian Switzerland in the Czech Republic.,vocab_100.txt,none,MLM,part being still present: see: see: see second.
114,The characters are foul-mouthed extensions of their earlier characters Pete and Dud.,vocab_100.txt,none,MLM,two people have become part - time -: john john.
125,Moderate to severe damage extended up the Atlantic coastline and as far inland as West Virginia.,vocab_100.txt,none,MLM,"john found room, found light down part way down - country, going down - country, down."
140,"On occasion the male ""den master"" will also allow a second male into the den; the reason for this is unclear.",vocab_100.txt,none,MLM,"first, first, "" house down "" will let down second people off down - while; second, while time will be."
279,"These ideally provide excellent habitat for chinkara, hog deer and blue bull.",vocab_100.txt,none,MLM,", can make good good over time like white, white, even white."
327,People with cardiomyopathy are often at risk of arrhythmia or sudden cardiac death or both.,vocab_100.txt,none,MLM,"head - end development, like, power, be found, like,. present, development, long, young people like,, be put down, like, house down. - development can come down."
346,"Gimnasia hired first famed Colombian trainer Francisco Maturana, and then Julio César Falcioni, but both had limited success.",vocab_100.txt,none,MLM,"young saw john, first head man, face off, john, while young saw john become."
12,"Graham attended Wheaton College from 1939 to 1943, when he graduated with a BA in anthropology.",vocab_100.txt,none,T5,"'  ( "" """
52,"This stamp remained the standard letter stamp for the remainder of Victoria's reign, and vast quantities were printed.",vocab_100.txt,none,T5,:
57,After graduation he returned to Yerevan to teach at the local Conservatory and later he was appointed artistic director of the Armenian Philarmonic Orchestra.,vocab_100.txt,none,T5,"- "" "" "" "" "" "" "" "" "" "" "" "" "" "" "" "" "" "" "" "" "" "" "" "" "" "" "" "" "" "" "" "" "" "" "" "" "" "" "" "" "" "" "" "" "" "" "" "" "" "" "" "" "" "" "" "" "" "" "" "" """
71,It continues as the Bohemian Switzerland in the Czech Republic.,vocab_100.txt,none,T5,:
114,The characters are foul-mouthed extensions of their earlier characters Pete and Dud.,vocab_100.txt,none,T5,.
125,Moderate to severe damage extended up the Atlantic coastline and as far inland as West Virginia.,vocab_100.txt,none,T5,.
140,"On occasion the male ""den master"" will also allow a second male into the den; the reason for this is unclear.",vocab_100.txt,none,T5,"- "" "" "" "" "" "" "" "" "" "" "" "" "" "" "" "" "" "" "" "" "" "" "" "" "" "" "" "" "" "" "" "" "" "" "" "" "" "" "" "" "" "" "" "" "" "" "" "" "" "" "" "" "" "" "" "" "" "" "" "" """
279,"These ideally provide excellent habitat for chinkara, hog deer and blue bull.",vocab_100.txt,none,T5,. (  be put down down down down down down down down down down down down down down down down down down down down down down down down down down down down down down down down down down down down down down down down down down down down down down down down down down down down down down down down down
327,People with cardiomyopathy are often at risk of arrhythmia or sudden cardiac death or both.,vocab_100.txt,none,T5,". ( ( ( ( ( ( ( ( ( "" ( ( ( ( ( ( ( ( ( ( ( ( ( ( ( ( ( ( ( ( ( ( ( ( ( ( "" "" "" "" "" "" "" "" "" "" "" "" "" "" "" "" "" "" "" "" "" "" "" "" """
346,"Gimnasia hired first famed Colombian trainer Francisco Maturana, and then Julio César Falcioni, but both had limited success.",vocab_100.txt,none,T5,"'  ( "" "" ( "" "" "" "" "" "" "" "" "" "" "" "" "" "" "" "" "" "" "" "" "" "" "" "" "" "" "" "" "" "" "" "" "" "" "" "" "" """
12,"Graham attended Wheaton College from 1939 to 1943, when he graduated with a BA in anthropology.",vocab_100.txt,none,BYT5,""" still become two still better still better still better still better still better still better still better still better stil"
52,"This stamp remained the standard letter stamp for the remainder of Victoria's reign, and vast quantities were printed.",vocab_100.txt,none,BYT5,""" order still order still order still order still order still order still order still order still order still order"
57,After graduation he returned to Yerevan to teach at the local Conservatory and later he was appointed artistic director of the Armenian Philarmonic Orchestra.,vocab_100.txt,none,BYT5,""" second second second second second second second second second second second second second second second second second second"
71,It continues as the Bohemian Switzerland in the Czech Republic.,vocab_100.txt,none,BYT5,""" system will be found over will be found over will be found over will be found over will be found over will be found over will"
114,The characters are foul-mouthed extensions of their earlier characters Pete and Dud.,vocab_100.txt,none,BYT5,""" thought still still still still still still still still still still still still still still still still still still still sti"
125,Moderate to severe damage extended up the Atlantic coastline and as far inland as West Virginia.,vocab_100.txt,none,BYT5,""" point being thought back thought back thought back thought back thought back thought back thought back thought back thought b"
140,"On occasion the male ""den master"" will also allow a second male into the den; the reason for this is unclear.",vocab_100.txt,none,BYT5,""" will become "" time "" will become "" will become "" will become "" will become "" will become "" will become "" will become "" will b"
279,"These ideally provide excellent habitat for chinkara, hog deer and blue bull.",vocab_100.txt,none,BYT5,""" have become even better better better better better better better better bette"
327,People with cardiomyopathy are often at risk of arrhythmia or sudden cardiac death or both.,vocab_100.txt,none,BYT5,""" order order order order order order order order order order order order order order order order order order order order order"
346,"Gimnasia hired first famed Colombian trainer Francisco Maturana, and then Julio César Falcioni, but both had limited success.",vocab_100.txt,none,BYT5,""" second second second second second second second second second second second second second second second second second second"
12,"Graham attended Wheaton College from 1939 to 1943, when he graduated with a BA in anthropology.",vocab_100.txt,none,EMB_SUB,Say do Thing Present while find have know even house even have PROGRAM know world
52,"This stamp remained the standard letter stamp for the remainder of Victoria's reign, and vast quantities were printed.",vocab_100.txt,none,EMB_SUB,Have interest fact have power set interest do have interest know BECOME find even like know interest
57,After graduation he returned to Yerevan to teach at the local Conservatory and later he was appointed artistic director of the Armenian Philarmonic Orchestra.,vocab_100.txt,none,EMB_SUB,think find know like back have Thing have program even have work Life even let know do being interest interest know have Fact World Program
71,It continues as the Bohemian Switzerland in the Czech Republic.,vocab_100.txt,none,EMB_SUB,Know do still group even have World Thing know have Even Young
114,The characters are foul-mouthed extensions of their earlier characters Pete and Dud.,vocab_100.txt,none,EMB_SUB,Have found give kind government know have face found home even say
125,Moderate to severe damage extended up the Atlantic coastline and as far inland as West Virginia.,vocab_100.txt,none,EMB_SUB,Like do thing have life john say have way say have Open development even even find being even Even Interest
140,"On occasion the male ""den master"" will also allow a second male into the den; the reason for this is unclear.",vocab_100.txt,none,EMB_SUB,"Even open have man "" want program "" will let have second man back know have want have point do have do world find"
279,"These ideally provide excellent habitat for chinkara, hog deer and blue bull.",vocab_100.txt,none,EMB_SUB,Saw like make know good even place do man home find even white thing
327,People with cardiomyopathy are often at risk of arrhythmia or sudden cardiac death or both.,vocab_100.txt,none,EMB_SUB,Work even house while use even form course life become want need even life. Life do thing know house business even think even have development interest program have work even form course life. Make have interest say even find
346,"Gimnasia hired first famed Colombian trainer Francisco Maturana, and then Julio César Falcioni, but both had limited success.",vocab_100.txt,none,EMB_SUB,Thing home World Life have Interest program even let Find Saw Know even become know people have state
12,"Graham attended Wheaton College from 1939 to 1943, when he graduated with a BA in anthropology.",vocab_200.txt,english_stopwords,MLM,he at university level from then to university and university with a ma in.
52,"This stamp remained the standard letter stamp for the remainder of Victoria's reign, and vast quantities were printed.",vocab_200.txt,english_stopwords,MLM,"This type was the only government type for the period of his life, and few were."
57,After graduation he returned to Yerevan to teach at the local Conservatory and later he was appointed artistic director of the Armenian Philarmonic Orchestra.,vocab_200.txt,english_stopwords,MLM,after that he was back to work to study at the national university and then he was the music head of the national university.
71,It continues as the Bohemian Switzerland in the Czech Republic.,vocab_200.txt,english_stopwords,MLM,It is still found as the only example in the second.
114,The characters are foul-mouthed extensions of their earlier characters Pete and Dud.,vocab_200.txt,english_stopwords,MLM,"The group has the name of their own name, and:"
125,Moderate to severe damage extended up the Atlantic coastline and as far inland as West Virginia.,vocab_200.txt,english_stopwords,MLM,There was close to the town all the way up the long run and as long run as in.
140,"On occasion the male ""den master"" will also allow a second male into the den; the reason for this is unclear.",vocab_200.txt,english_stopwords,MLM,"On this the human "" house boy "" will let a second go out of the house; the reason for this is not."
279,"These ideally provide excellent habitat for chinkara, hog deer and blue bull.",vocab_200.txt,english_stopwords,MLM,"here, these make an open open area for both, white, and black."
327,People with cardiomyopathy are often at risk of arrhythmia or sudden cardiac death or both.,vocab_200.txt,english_stopwords,MLM,head or body position change and following an action are not present with it. there is development of this type and people with this type are put to death or have house death. these both can change at once.
346,"Gimnasia hired first famed Colombian trainer Francisco Maturana, and then Julio César Falcioni, but both had limited success.",vocab_200.txt,english_stopwords,MLM,"they had don, a good boy, and then don and don, but they were not very."
12,"Graham attended Wheaton College from 1939 to 1943, when he graduated with a BA in anthropology.",vocab_200.txt,english_stopwords,T5,. ( in the form of the first two or two of the first two of the first two of the first two of the first two of the first two of the first two of the first two of the first two of the first two of the first two of the first two of the first two of the first
52,"This stamp remained the standard letter stamp for the remainder of Victoria's reign, and vast quantities were printed.",vocab_200.txt,english_stopwords,T5,-  and it was the first of the first time that it was in the first place in the world and it was the first of its kind in the history of the country and the first of its kind in the first place in the world in the first place in the history of the world of the war
57,After graduation he returned to Yerevan to teach at the local Conservatory and later he was appointed artistic director of the Armenian Philarmonic Orchestra.,vocab_200.txt,english_stopwords,T5,he was the first to have been in the field of music for the first time in his life and was the first to have been in the field of music for the first time in the history of music and music in the world of music and music in the world of music and music in the world of music and
71,It continues as the Bohemian Switzerland in the Czech Republic.,vocab_200.txt,english_stopwords,T5,: so so so so so so so so so so so so so so so so so so so so so so so so so so so so so so so so so so so so so so so so so so so so so so so so so so so so so so so so so so so so so
114,The characters are foul-mouthed extensions of their earlier characters Pete and Dud.,vocab_200.txt,english_stopwords,T5,.
125,Moderate to severe damage extended up the Atlantic coastline and as far inland as West Virginia.,vocab_200.txt,english_stopwords,T5,.
140,"On occasion the male ""den master"" will also allow a second male into the den; the reason for this is unclear.",vocab_200.txt,english_stopwords,T5,"- "" "" "" "" "" "" "" "" "" "" "" "" "" "" "" "" "" "" "" "" "" "" "" "" "" "" "" "" "" "" "" "" "" "" "" "" "" "" "" "" "" "" "" "" "" "" "" "" "" "" "" "" "" "" "" "" "" "" "" "" """
279,"These ideally provide excellent habitat for chinkara, hog deer and blue bull.",vocab_200.txt,english_stopwords,T5,-  and they make the most of the best of the best of the best of the best of the best of the best of the best of the best of the best of the best of the best of the best of the best of the best of the best of the best of the best of the best of
327,People with cardiomyopathy are often at risk of arrhythmia or sudden cardiac death or both.,vocab_200.txt,english_stopwords,T5,a system that can be found on the right side of the body can be found on the right side of the body or on the right side of the body or on the right side of the body or on the right side of the body or on the right side of the body or the right side of the body
346,"Gimnasia hired first famed Colombian trainer Francisco Maturana, and then Julio César Falcioni, but both had limited success.",vocab_200.txt,english_stopwords,T5,'  and the way they did it was very good and they did not get the job they had to do with the work they had to do with the work they had to do with the work they had to do with the work they had to do with the work they had to do with the work they had
12,"Graham attended Wheaton College from 1939 to 1943, when he graduated with a BA in anthropology.",vocab_200.txt,english_stopwords,BYT5,""" has been with the position that he was in the position that he has been with the position that he has been with the position"
52,"This stamp remained the standard letter stamp for the remainder of Victoria's reign, and vast quantities were printed.",vocab_200.txt,english_stopwords,BYT5,""" order was to be present order was to be present order was to be present order was to be present order was to be present order"
57,After graduation he returned to Yerevan to teach at the local Conservatory and later he was appointed artistic director of the Armenian Philarmonic Orchestra.,vocab_200.txt,english_stopwords,BYT5,""" and then he was the first present and then he was the first present and then he was the first present and then he was the fir"
71,It continues as the Bohemian Switzerland in the Czech Republic.,vocab_200.txt,english_stopwords,BYT5,""" has been set under the control system of this name "" has been set under the control system "" has been set under the control s"
114,The characters are foul-mouthed extensions of their earlier characters Pete and Dud.,vocab_200.txt,english_stopwords,BYT5,""" that they are not that they are not that they are not that they are not that they are not that they are not that they are not"
125,Moderate to severe damage extended up the Atlantic coastline and as far inland as West Virginia.,vocab_200.txt,english_stopwords,BYT5,""" point on this point on this point on this point on this point on this point on this point on this point on this point on this"
140,"On occasion the male ""den master"" will also allow a second male into the den; the reason for this is unclear.",vocab_200.txt,english_stopwords,BYT5,""" will let a second of them in a second of them in a second of them in a second of them in a second of them in a second of them"
279,"These ideally provide excellent habitat for chinkara, hog deer and blue bull.",vocab_200.txt,english_stopwords,BYT5,""" has become a problem with this has become a problem with this has become a problem with this has become a problem with this h"
327,People with cardiomyopathy are often at risk of arrhythmia or sudden cardiac death or both.,vocab_200.txt,english_stopwords,BYT5,""" and some of them are some of them are some of them are some of them are some of them are some of them are some of them are so"
346,"Gimnasia hired first famed Colombian trainer Francisco Maturana, and then Julio César Falcioni, but both had limited success.",vocab_200.txt,english_stopwords,BYT5,""" had been at that time they had been at that time at that time at that time they had been at that time at that time at that ti"
12,"Graham attended Wheaton College from 1939 to 1943, when he graduated with a BA in anthropology.",vocab_200.txt,english_stopwords,EMB_SUB,Say do Company Present from town to tell and town with a PROGRAM in art
52,"This stamp remained the standard letter stamp for the remainder of Victoria's reign, and vast quantities were printed.",vocab_200.txt,english_stopwords,EMB_SUB,This interest fact the power wife interest for the interest of REASON future and seem were interest
57,After graduation he returned to Yerevan to teach at the local Conservatory and later he was appointed artistic director of the Armenian Philarmonic Orchestra.,vocab_200.txt,english_stopwords,EMB_SUB,means future he like back to Town to program at the work Military and then he was being art interest of the Fact Military Program
71,It continues as the Bohemian Switzerland in the Czech Republic.,vocab_200.txt,english_stopwords,EMB_SUB,It is still group as the Town Thing in the Even Wife
114,The characters are foul-mouthed extensions of their earlier characters Pete and Dud.,vocab_200.txt,english_stopwords,EMB_SUB,The town give kind government of their face town home and say
125,Moderate to severe damage extended up the Atlantic coastline and as far inland as West Virginia.,vocab_200.txt,english_stopwords,EMB_SUB,There was thing to value town all the way up the Open company and as wife street as Even Interest
140,"On occasion the male ""den master"" will also allow a second male into the den; the reason for this is unclear.",vocab_200.txt,english_stopwords,EMB_SUB,"On open the man "" want program "" will let a second man back of the want the point for this is world find"
279,"These ideally provide excellent habitat for chinkara, hog deer and blue bull.",vocab_200.txt,english_stopwords,EMB_SUB,Saw these make an necessary even run for man home wife and white thing
327,People with cardiomyopathy are often at risk of arrhythmia or sudden cardiac death or both.,vocab_200.txt,english_stopwords,EMB_SUB,Work or love while effect and necessary course life are want action with life. Life is town of love body and seem with this type future question to work or necessary course life. Make both future say at once.
346,"Gimnasia hired first famed Colombian trainer Francisco Maturana, and then Julio César Falcioni, but both had limited success.",vocab_200.txt,english_stopwords,EMB_SUB,Thing home Woman Life a Woman military and then Mother Seem Know but they were not very state
12,"Graham attended Wheaton College from 1939 to 1943, when he graduated with a BA in anthropology.",vocab_200.txt,none,MLM,"white found university school, going down school, university, university, school."
52,"This stamp remained the standard letter stamp for the remainder of Victoria's reign, and vast quantities were printed.",vocab_200.txt,none,MLM,"government money become national government office money over over part - time, while money be."
57,After graduation he returned to Yerevan to teach at the local Conservatory and later he was appointed artistic director of the Armenian Philarmonic Orchestra.,vocab_200.txt,none,MLM,"following university, going back outside life, study found best music education. first period study become music head, first national university."
71,It continues as the Bohemian Switzerland in the Czech Republic.,vocab_200.txt,none,MLM,"town still still, like like, town like, last."
114,The characters are foul-mouthed extensions of their earlier characters Pete and Dud.,vocab_200.txt,none,MLM,two people have become part - time show: john -.
125,Moderate to severe damage extended up the Atlantic coastline and as far inland as West Virginia.,vocab_200.txt,none,MLM,"john found close - air evidence down - way down - country, even being found off off point."
140,"On occasion the male ""den master"" will also allow a second male into the den; the reason for this is unclear.",vocab_200.txt,none,MLM,"first, first, "" house party "" will let down second party control over house.; further reason: house party party."
279,"These ideally provide excellent habitat for chinkara, hog deer and blue bull.",vocab_200.txt,none,MLM,", can make field - making use like black, white, even white."
327,People with cardiomyopathy are often at risk of arrhythmia or sudden cardiac death or both.,vocab_200.txt,none,MLM,"head - body area change following following car death, being present, can. present: development: head area: people following car death become close - down following following car death. change change can change form."
346,"Gimnasia hired first famed Colombian trainer Francisco Maturana, and then Julio César Falcioni, but both had limited success.",vocab_200.txt,none,MLM,"young saw john, first head boy, first being like john, while young still being still."
12,"Graham attended Wheaton College from 1939 to 1943, when he graduated with a BA in anthropology.",vocab_200.txt,none,T5,"'  ( "" """
52,"This stamp remained the standard letter stamp for the remainder of Victoria's reign, and vast quantities were printed.",vocab_200.txt,none,T5,:
57,After graduation he returned to Yerevan to teach at the local Conservatory and later he was appointed artistic director of the Armenian Philarmonic Orchestra.,vocab_200.txt,none,T5,"- "" "" "" "" "" "" "" "" "" "" "" "" "" "" "" "" "" "" "" "" "" "" "" "" "" "" "" "" "" "" "" "" "" "" "" "" "" "" "" "" "" "" "" "" "" "" "" "" "" "" "" "" "" "" "" "" "" "" "" "" """
71,It continues as the Bohemian Switzerland in the Czech Republic.,vocab_200.txt,none,T5,:
114,The characters are foul-mouthed extensions of their earlier characters Pete and Dud.,vocab_200.txt,none,T5,.
125,Moderate to severe damage extended up the Atlantic coastline and as far inland as West Virginia.,vocab_200.txt,none,T5,.
140,"On occasion the male ""den master"" will also allow a second male into the den; the reason for this is unclear.",vocab_200.txt,none,T5,"- "" "" "" "" "" "" "" "" "" "" "" "" "" "" "" "" "" "" "" "" "" "" "" "" "" "" "" "" "" "" "" "" "" "" "" "" "" "" "" "" "" "" "" "" "" "" "" "" "" "" "" "" "" "" "" "" "" "" "" "" """
279,"These ideally provide excellent habitat for chinkara, hog deer and blue bull.",vocab_200.txt,none,T5,. (  be put down down down down down down down down down down down down down down down down down down down down down down down down down down down down down down down down down down down down down down down down down down down down down down down down down down down down down down down down down
327,People with cardiomyopathy are often at risk of arrhythmia or sudden cardiac death or both.,vocab_200.txt,none,T5,". ( ( ( ( ( ( ( ( ( "" ( ( ( ( ( ( ( ( ( ( ( ( ( ( ( ( ( ( ( ( ( ( ( ( ( ( "" "" "" "" "" "" "" "" "" "" "" "" "" "" "" "" "" "" "" "" "" "" "" "" """
346,"Gimnasia hired first famed Colombian trainer Francisco Maturana, and then Julio César Falcioni, but both had limited success.",vocab_200.txt,none,T5,"'  ( "" "" ( "" "" "" "" "" "" "" "" "" "" "" "" "" "" "" "" "" "" "" "" "" "" "" "" "" "" "" "" "" "" "" "" "" "" "" "" "" """
12,"Graham attended Wheaton College from 1939 to 1943, when he graduated with a BA in anthropology.",vocab_200.txt,none,BYT5,""" hands off interest rate interest rate interest rate interest rate interest rate interest rate interest rate interest rate int"
52,"This stamp remained the standard letter stamp for the remainder of Victoria's reign, and vast quantities were printed.",vocab_200.txt,none,BYT5,""" order still order order order order order order order order order order order order order order order order order order order"
57,After graduation he returned to Yerevan to teach at the local Conservatory and later he was appointed artistic director of the Armenian Philarmonic Orchestra.,vocab_200.txt,none,BYT5,""" order being order order order order order order order order order order order order order order order order order order order"
71,It continues as the Bohemian Switzerland in the Czech Republic.,vocab_200.txt,none,BYT5,""" system will be found over time being control over time over time over time over time over time over time over time over time"
114,The characters are foul-mouthed extensions of their earlier characters Pete and Dud.,vocab_200.txt,none,BYT5,""" total number total number total number total number total number"
125,Moderate to severe damage extended up the Atlantic coastline and as far inland as West Virginia.,vocab_200.txt,none,BYT5,""" point outside outside outside outside outside outside outside"
140,"On occasion the male ""den master"" will also allow a second male into the den; the reason for this is unclear.",vocab_200.txt,none,BYT5,""" will "" let "" will "" will "" let "" will "" will "" will "" will "" let "" will "" will "" will "" will "" will "" will "" will "" will "" wi"
279,"These ideally provide excellent habitat for chinkara, hog deer and blue bull.",vocab_200.txt,none,BYT5,""" have become experience individual while individual while individual while individual while individual while individual while"
327,People with cardiomyopathy are often at risk of arrhythmia or sudden cardiac death or both.,vocab_200.txt,none,BYT5,""" order order order order order order order order order order order order order order order order order order order order order"
346,"Gimnasia hired first famed Colombian trainer Francisco Maturana, and then Julio César Falcioni, but both had limited success.",vocab_200.txt,none,BYT5,""" second second second second second second second second second second second second second second second second second second"
12,"Graham attended Wheaton College from 1939 to 1943, when he graduated with a BA in anthropology.",vocab_200.txt,none,EMB_SUB,Say do Company Present while town have tell even town even have PROGRAM know art
52,"This stamp remained the standard letter stamp for the remainder of Victoria's reign, and vast quantities were printed.",vocab_200.txt,none,EMB_SUB,Have interest fact have power wife interest do have interest seem REASON future even seem know interest
57,After graduation he returned to Yerevan to teach at the local Conservatory and later he was appointed artistic director of the Armenian Philarmonic Orchestra.,vocab_200.txt,none,EMB_SUB,means future know like back have Town have program even have work Military even let know do being art interest seem have Fact Military Program
71,It continues as the Bohemian Switzerland in the Czech Republic.,vocab_200.txt,none,EMB_SUB,Seem do still group even have Town Thing know have Even Wife
114,The characters are foul-mouthed extensions of their earlier characters Pete and Dud.,vocab_200.txt,none,EMB_SUB,Have town give kind government seem have face town home even say
125,Moderate to severe damage extended up the Atlantic coastline and as far inland as West Virginia.,vocab_200.txt,none,EMB_SUB,Like do thing have value town whole have way say have Open company even even wife street even Even Interest
140,"On occasion the male ""den master"" will also allow a second male into the den; the reason for this is unclear.",vocab_200.txt,none,EMB_SUB,"Even open have man "" want program "" will let have second man back seem have want have point do have do world find"
279,"These ideally provide excellent habitat for chinkara, hog deer and blue bull.",vocab_200.txt,none,EMB_SUB,Saw like make know necessary even run do man home wife even white thing
327,People with cardiomyopathy are often at risk of arrhythmia or sudden cardiac death or both.,vocab_200.txt,none,EMB_SUB,Work even love while effect even necessary course life become want action even life. Life do town seem love body even seem even have type future question have work even necessary course life. Make have future say even town
346,"Gimnasia hired first famed Colombian trainer Francisco Maturana, and then Julio César Falcioni, but both had limited success.",vocab_200.txt,none,EMB_SUB,Thing home Woman Life have Woman military even let Mother Seem Know even become know seem whole state
12,"Graham attended Wheaton College from 1939 to 1943, when he graduated with a BA in anthropology.",vocab_300.txt,english_stopwords,MLM,he at university level from then to university and university with a ma in.
52,"This stamp remained the standard letter stamp for the remainder of Victoria's reign, and vast quantities were printed.",vocab_300.txt,english_stopwords,MLM,"This issue was the only letter issue for the rest of his life, and no were."
57,After graduation he returned to Yerevan to teach at the local Conservatory and later he was appointed artistic director of the Armenian Philarmonic Orchestra.,vocab_300.txt,english_stopwords,MLM,after that he was back to work to study at the national university and then he was the music head of the national university.
71,It continues as the Bohemian Switzerland in the Czech Republic.,vocab_300.txt,english_stopwords,MLM,It is still found as the only example in the second.
114,The characters are foul-mouthed extensions of their earlier characters Pete and Dud.,vocab_300.txt,english_stopwords,MLM,"The group has the name of their own name, and:"
125,Moderate to severe damage extended up the Atlantic coastline and as far inland as West Virginia.,vocab_300.txt,english_stopwords,MLM,There was close to the town all the way up the entire road and as long before as in.
140,"On occasion the male ""den master"" will also allow a second male into the den; the reason for this is unclear.",vocab_300.txt,english_stopwords,MLM,"On this the human "" house boy "" will let a second live inside of the house; the reason for this is not."
279,"These ideally provide excellent habitat for chinkara, hog deer and blue bull.",vocab_300.txt,english_stopwords,MLM,"here, these make an open open area for both, white, and red."
327,People with cardiomyopathy are often at risk of arrhythmia or sudden cardiac death or both.,vocab_300.txt,english_stopwords,MLM,"heart or heart pressure, and complete heart pressure are not present with both. there is development of heart pressure and people with this problem are subject to death or complete heart pressure. these both can change at once."
346,"Gimnasia hired first famed Colombian trainer Francisco Maturana, and then Julio César Falcioni, but both had limited success.",vocab_300.txt,english_stopwords,MLM,"they had don, a good boy, and then don and don, but they were not very."
12,"Graham attended Wheaton College from 1939 to 1943, when he graduated with a BA in anthropology.",vocab_300.txt,english_stopwords,T5,. ( in the form of the paper on the subject of the paper on the subject of the paper on the subject of the paper on the subject of the paper on the subject of the paper on the subject of the paper on the subject of the paper on the subject of the paper on the subject of the paper
52,"This stamp remained the standard letter stamp for the remainder of Victoria's reign, and vast quantities were printed.",vocab_300.txt,english_stopwords,T5,-  and it was very simple to use and simple to use in the first place in the first place in the first place in the first place in the first place in the first place in the first place in the first place in the first place in the first place in the first place in the first place in
57,After graduation he returned to Yerevan to teach at the local Conservatory and later he was appointed artistic director of the Armenian Philarmonic Orchestra.,vocab_300.txt,english_stopwords,T5,he was the first person to have been in the field of music and music at the university and then as the music and music department of the church and the church of the church of the church of the church of the church of the church of the church of the church of the church of the church of the
71,It continues as the Bohemian Switzerland in the Czech Republic.,vocab_300.txt,english_stopwords,T5,", simple simple simple simple simple simple simple simple simple simple simple simple simple simple simple simple simple simple simple simple simple simple simple simple simple simple simple simple simple simple simple simple simple simple simple simple simple simple simple simple simple simple simple simple simple simple simple simple simple simple simple simple simple simple simple simple simple simple simple simple simple"
114,The characters are foul-mouthed extensions of their earlier characters Pete and Dud.,vocab_300.txt,english_stopwords,T5,.
125,Moderate to severe damage extended up the Atlantic coastline and as far inland as West Virginia.,vocab_300.txt,english_stopwords,T5,.
140,"On occasion the male ""den master"" will also allow a second male into the den; the reason for this is unclear.",vocab_300.txt,english_stopwords,T5,"- "" "" "" "" "" "" "" "" "" "" "" "" "" "" "" "" "" "" "" "" "" "" "" "" "" "" "" "" "" "" "" "" "" "" "" "" "" "" "" "" "" "" "" "" "" "" "" "" "" "" "" "" "" "" "" "" "" "" "" "" """
279,"These ideally provide excellent habitat for chinkara, hog deer and blue bull.",vocab_300.txt,english_stopwords,T5,-  and they make the most of the best of the best of the best of the best of the best of the best of the best of the best of the best of the best of the best of the best of the best of the best of the best of the best of the best of the best of
327,People with cardiomyopathy are often at risk of arrhythmia or sudden cardiac death or both.,vocab_300.txt,english_stopwords,T5,a person with the heart rate or heart rate can be subject to the same type of heart rate as those with the heart rate or heart rate of the heart rate of the heart rate of the heart rate of the heart rate of the heart rate of the heart rate of the heart rate of the heart rate of the
346,"Gimnasia hired first famed Colombian trainer Francisco Maturana, and then Julio César Falcioni, but both had limited success.",vocab_300.txt,english_stopwords,T5,'  and the rest of the work was very simple and the job was very simple and the job was very simple and the job was very simple and the job was very good and the job was very good and the job was very good and the job was very good and the job was very good and the job
12,"Graham attended Wheaton College from 1939 to 1943, when he graduated with a BA in anthropology.",vocab_300.txt,english_stopwords,BYT5,""" has been with the position that he was in through the position that he has been with the position that he has been with the p"
52,"This stamp remained the standard letter stamp for the remainder of Victoria's reign, and vast quantities were printed.",vocab_300.txt,english_stopwords,BYT5,""" order was the stand order was the stand order was the stand order was the stand order was the stand order was the stand order"
57,After graduation he returned to Yerevan to teach at the local Conservatory and later he was appointed artistic director of the Armenian Philarmonic Orchestra.,vocab_300.txt,english_stopwords,BYT5,""" and then he was the first present and then he was the first present and then he was the first present and then he was the fir"
71,It continues as the Bohemian Switzerland in the Czech Republic.,vocab_300.txt,english_stopwords,BYT5,""" has been set under the support of this name to the support of the support of the support of the support of the support of the"
114,The characters are foul-mouthed extensions of their earlier characters Pete and Dud.,vocab_300.txt,english_stopwords,BYT5,""" that they are not that they are not that they are not that they are not that they are not that they are not that they are not"
125,Moderate to severe damage extended up the Atlantic coastline and as far inland as West Virginia.,vocab_300.txt,english_stopwords,BYT5,""" point of view of this point to view of this point of this point of this point of this point of this point of this point of th"
140,"On occasion the male ""den master"" will also allow a second male into the den; the reason for this is unclear.",vocab_300.txt,english_stopwords,BYT5,""" will let a second inside inside inside inside of the second inside inside of the second inside inside of the inside of the de"
279,"These ideally provide excellent habitat for chinkara, hog deer and blue bull.",vocab_300.txt,english_stopwords,BYT5,""" has become an issue with an issue with an issue with an issue with an issue with an issue with an issue with an issue with an"
327,People with cardiomyopathy are often at risk of arrhythmia or sudden cardiac death or both.,vocab_300.txt,english_stopwords,BYT5,""" or subject or subject or subject or subject or subject or subject or subject or subject or subject or subject"
346,"Gimnasia hired first famed Colombian trainer Francisco Maturana, and then Julio César Falcioni, but both had limited success.",vocab_300.txt,english_stopwords,BYT5,""" had been at that time they were at the same time they were at the same time they were at that time they were at the same time"
12,"Graham attended Wheaton College from 1939 to 1943, when he graduated with a BA in anthropology.",vocab_300.txt,english_stopwords,EMB_SUB,Say do Company Union from town to earth and town with a ANSWER in art
52,"This stamp remained the standard letter stamp for the remainder of Victoria's reign, and vast quantities were printed.",vocab_300.txt,english_stopwords,EMB_SUB,This interest fact the power letter interest for the rest of PARTICULAR future and seem were interest
57,After graduation he returned to Yerevan to teach at the local Conservatory and later he was appointed artistic director of the Armenian Philarmonic Orchestra.,vocab_300.txt,english_stopwords,EMB_SUB,means future he like back to Hope to knowledge at the work Military and then he was being art production of the Fact Military Program
71,It continues as the Bohemian Switzerland in the Czech Republic.,vocab_300.txt,english_stopwords,EMB_SUB,It is still group as the Town Brown in the Even Wife
114,The characters are foul-mouthed extensions of their earlier characters Pete and Dud.,vocab_300.txt,english_stopwords,EMB_SUB,The town give kind government of their face town home and say
125,Moderate to severe damage extended up the Atlantic coastline and as far inland as West Virginia.,vocab_300.txt,english_stopwords,EMB_SUB,There was thing to situation town all the way up the Open company and as wife street as Even Read
140,"On occasion the male ""den master"" will also allow a second male into the den; the reason for this is unclear.",vocab_300.txt,english_stopwords,EMB_SUB,"On situation the man "" want program "" will let a second man inside of the want the point for this is world find"
279,"These ideally provide excellent habitat for chinkara, hog deer and blue bull.",vocab_300.txt,english_stopwords,EMB_SUB,Saw these make an necessary property run for man home wife and brown brown
327,People with cardiomyopathy are often at risk of arrhythmia or sudden cardiac death or both.,vocab_300.txt,english_stopwords,EMB_SUB,Work or heart while effect and necessary road life are want action with knowledge. Knowledge is town of heart body and seem with this food beginning subject to work or necessary road life. Make both beginning say at once.
346,"Gimnasia hired first famed Colombian trainer Francisco Maturana, and then Julio César Falcioni, but both had limited success.",vocab_300.txt,english_stopwords,EMB_SUB,Thing home Woman Life a Woman military and then Mother Seem Know but they were not very looking
12,"Graham attended Wheaton College from 1939 to 1943, when he graduated with a BA in anthropology.",vocab_300.txt,none,MLM,"brown read university law school back down, while still getting two terms:;."
52,"This stamp remained the standard letter stamp for the remainder of Victoria's reign, and vast quantities were printed.",vocab_300.txt,none,MLM,"paper money become national government letter money over over rest following long hours, while paper money."
57,After graduation he returned to Yerevan to teach at the local Conservatory and later he was appointed artistic director of the Armenian Philarmonic Orchestra.,vocab_300.txt,none,MLM,"following university, going back outside life, study found best music education. first son, first music secretary, first national music."
71,It continues as the Bohemian Switzerland in the Czech Republic.,vocab_300.txt,none,MLM,"town still still live near near town hall, national first."
114,The characters are foul-mouthed extensions of their earlier characters Pete and Dud.,vocab_300.txt,none,MLM,two people have become part - time show: john -.
125,Moderate to severe damage extended up the Atlantic coastline and as far inland as West Virginia.,vocab_300.txt,none,MLM,"conditions saw close - down conditions down - way down - country, even being further down - country."
140,"On occasion the male ""den master"" will also allow a second male into the den; the reason for this is unclear.",vocab_300.txt,none,MLM,"first, first person "" house party "" will let down second person inside outside party.; further reason: situation: situation."
279,"These ideally provide excellent habitat for chinkara, hog deer and blue bull.",vocab_300.txt,none,MLM,", can make near enough open area like black, red, even red."
327,People with cardiomyopathy are often at risk of arrhythmia or sudden cardiac death or both.,vocab_300.txt,none,MLM,"heart - heart pressure difference following complete heart action, be found: death. death, death, heart, even people feeling heart pressure, subject matter, even complete heart action. even death can change hands."
346,"Gimnasia hired first famed Colombian trainer Francisco Maturana, and then Julio César Falcioni, but both had limited success.",vocab_300.txt,none,MLM,"congress saw john brown, first head secretary, secretary, like john brown, while congress saw congress become."
12,"Graham attended Wheaton College from 1939 to 1943, when he graduated with a BA in anthropology.",vocab_300.txt,none,T5,"'  ( "" """
52,"This stamp remained the standard letter stamp for the remainder of Victoria's reign, and vast quantities were printed.",vocab_300.txt,none,T5,:
57,After graduation he returned to Yerevan to teach at the local Conservatory and later he was appointed artistic director of the Armenian Philarmonic Orchestra.,vocab_300.txt,none,T5,"- "" "" "" "" "" "" "" "" "" "" "" "" "" "" "" "" "" "" "" "" "" "" "" "" "" "" "" "" "" "" "" "" "" "" "" "" "" "" "" "" "" "" "" "" "" "" "" "" "" "" "" "" "" "" "" "" "" "" "" "" """
71,It continues as the Bohemian Switzerland in the Czech Republic.,vocab_300.txt,none,T5,", simple simple"
114,The characters are foul-mouthed extensions of their earlier characters Pete and Dud.,vocab_300.txt,none,T5,.
125,Moderate to severe damage extended up the Atlantic coastline and as far inland as West Virginia.,vocab_300.txt,none,T5,; simple
140,"On occasion the male ""den master"" will also allow a second male into the den; the reason for this is unclear.",vocab_300.txt,none,T5,"- "" "" "" "" "" "" "" "" "" "" "" "" "" "" "" "" "" "" "" "" "" "" "" "" "" "" "" "" "" "" "" "" "" "" "" "" "" "" "" "" "" "" "" "" "" "" "" "" "" "" "" "" "" "" "" "" "" "" "" "" """
279,"These ideally provide excellent habitat for chinkara, hog deer and blue bull.",vocab_300.txt,none,T5,. (  be put down down down down down down down down down down down down down down down down down down down down down down down down down down down down down down down down down down down down down down down down down down down down down down down down down down down down down down down down down
327,People with cardiomyopathy are often at risk of arrhythmia or sudden cardiac death or both.,vocab_300.txt,none,T5,:  heart heart conditions can be found over time while heart conditions can be found over time ( like heart rate conditions like heart rate conditions like heart rate conditions like heart rate conditions like heart rate conditions like heart rate conditions like heart rate conditions like heart rate conditions like heart rate conditions like heart rate conditions can be
346,"Gimnasia hired first famed Colombian trainer Francisco Maturana, and then Julio César Falcioni, but both had limited success.",vocab_300.txt,none,T5,"'  ( "" "" ( "" "" "" "" "" "" "" "" "" "" "" "" "" "" "" "" "" "" "" "" "" "" "" "" "" "" "" "" "" "" "" "" "" "" "" "" "" """
12,"Graham attended Wheaton College from 1939 to 1943, when he graduated with a BA in anthropology.",vocab_300.txt,none,BYT5,""" hands off attention attention attention attention attention attention attention attention attention attention attention atten"
52,"This stamp remained the standard letter stamp for the remainder of Victoria's reign, and vast quantities were printed.",vocab_300.txt,none,BYT5,""" inside will have become making history inside will have become making history inside will have become making history inside w"
57,After graduation he returned to Yerevan to teach at the local Conservatory and later he was appointed artistic director of the Armenian Philarmonic Orchestra.,vocab_300.txt,none,BYT5,""" order being order order order order order order order order order order order order order order order order order order order"
71,It continues as the Bohemian Switzerland in the Czech Republic.,vocab_300.txt,none,BYT5,""" country office inside outside outside outside outside outside outside inside"
114,The characters are foul-mouthed extensions of their earlier characters Pete and Dud.,vocab_300.txt,none,BYT5,""" simple simple simple simple simple simple simpl"
125,Moderate to severe damage extended up the Atlantic coastline and as far inland as West Virginia.,vocab_300.txt,none,BYT5,""" situation being situation being situation being situation being situation being situation being situation being situation bei"
140,"On occasion the male ""den master"" will also allow a second male into the den; the reason for this is unclear.",vocab_300.txt,none,BYT5,""" will let inside order will let inside order will let inside order will let inside order will let inside order will let inside"
279,"These ideally provide excellent habitat for chinkara, hog deer and blue bull.",vocab_300.txt,none,BYT5,""" start beginning start beginning start beginning start beginning start beginning start beginning start beginning start beginni"
327,People with cardiomyopathy are often at risk of arrhythmia or sudden cardiac death or both.,vocab_300.txt,none,BYT5,""" order order order order order order order order order order order order order order order order order order order order order"
346,"Gimnasia hired first famed Colombian trainer Francisco Maturana, and then Julio César Falcioni, but both had limited success.",vocab_300.txt,none,BYT5,""" second second second second second second second second second second second second second second second second second second"
12,"Graham attended Wheaton College from 1939 to 1943, when he graduated with a BA in anthropology.",vocab_300.txt,none,EMB_SUB,Say do Company Union while town have earth even town even have ANSWER know art
52,"This stamp remained the standard letter stamp for the remainder of Victoria's reign, and vast quantities were printed.",vocab_300.txt,none,EMB_SUB,Have interest fact have power letter interest do have rest seem PARTICULAR future even seem know interest
57,After graduation he returned to Yerevan to teach at the local Conservatory and later he was appointed artistic director of the Armenian Philarmonic Orchestra.,vocab_300.txt,none,EMB_SUB,means future know like back have Hope have knowledge even have work Military even let know do being art production seem have Fact Military Program
71,It continues as the Bohemian Switzerland in the Czech Republic.,vocab_300.txt,none,EMB_SUB,Seem do still group even have Town Brown know have Even Wife
114,The characters are foul-mouthed extensions of their earlier characters Pete and Dud.,vocab_300.txt,none,EMB_SUB,Have town give kind government seem have face town home even say
125,Moderate to severe damage extended up the Atlantic coastline and as far inland as West Virginia.,vocab_300.txt,none,EMB_SUB,Like do thing have situation town whole have way say have Open company even even wife street even Even Read
140,"On occasion the male ""den master"" will also allow a second male into the den; the reason for this is unclear.",vocab_300.txt,none,EMB_SUB,"Even situation have man "" want program "" will let have second man inside seem have want have point do have do world find"
279,"These ideally provide excellent habitat for chinkara, hog deer and blue bull.",vocab_300.txt,none,EMB_SUB,Saw like make know necessary property run do man home wife even brown brown
327,People with cardiomyopathy are often at risk of arrhythmia or sudden cardiac death or both.,vocab_300.txt,none,EMB_SUB,Work entire heart while effect even necessary road life become want action even knowledge. Knowledge do town seem heart body even seem even have food beginning subject have work entire necessary road life. Make have beginning say even town
346,"Gimnasia hired first famed Colombian trainer Francisco Maturana, and then Julio César Falcioni, but both had limited success.",vocab_300.txt,none,EMB_SUB,Thing home Woman Life have Woman military even let Mother Seem Know even become know seem whole looking
12,"Graham attended Wheaton College from 1939 to 1943, when he graduated with a BA in anthropology.",vocab_400.txt,english_stopwords,MLM,he at university level from then to university and university with a degree in.
52,"This stamp remained the standard letter stamp for the remainder of Victoria's reign, and vast quantities were printed.",vocab_400.txt,english_stopwords,MLM,"This issue was the only letter issue for the rest of his life, and no were."
57,After graduation he returned to Yerevan to teach at the local Conservatory and later he was appointed artistic director of the Armenian Philarmonic Orchestra.,vocab_400.txt,english_stopwords,MLM,after that he was back to work to study at the national university and then he was the music head of the national university.
71,It continues as the Bohemian Switzerland in the Czech Republic.,vocab_400.txt,english_stopwords,MLM,It is still found as the only plant in the whole.
114,The characters are foul-mouthed extensions of their earlier characters Pete and Dud.,vocab_400.txt,english_stopwords,MLM,"The series has bad treatment of their lead character, and:"
125,Moderate to severe damage extended up the Atlantic coastline and as far inland as West Virginia.,vocab_400.txt,english_stopwords,MLM,"There was close to the town all the way up the entire length and as long, as in."
140,"On occasion the male ""den master"" will also allow a second male into the den; the reason for this is unclear.",vocab_400.txt,english_stopwords,MLM,"On opportunity the first "" house boy "" will let a second party inside of the house; the reason for this is not."
279,"These ideally provide excellent habitat for chinkara, hog deer and blue bull.",vocab_400.txt,english_stopwords,MLM,"here, these make an open game area for both, red horse and blue."
327,People with cardiomyopathy are often at risk of arrhythmia or sudden cardiac death or both.,vocab_400.txt,english_stopwords,MLM,"heart or heart pressure, and complete heart pressure are not present with treatment. there is movement of heart pressure and people with this problem are subject to death or complete heart pressure. or both can appear at once."
346,"Gimnasia hired first famed Colombian trainer Francisco Maturana, and then Julio César Falcioni, but both had limited success.",vocab_400.txt,english_stopwords,MLM,"they had don, a horse, and then don and don, but they were not very."
12,"Graham attended Wheaton College from 1939 to 1943, when he graduated with a BA in anthropology.",vocab_400.txt,english_stopwords,T5,. ( in the form of the paper on the subject of the paper on the subject of the paper on the subject of the paper on the subject of the paper on the subject of the paper on the subject of the paper on the subject of the paper on the subject of the paper on the subject of the paper
52,"This stamp remained the standard letter stamp for the remainder of Victoria's reign, and vast quantities were printed.",vocab_400.txt,english_stopwords,T5,-  and it was very simple to use and simple to use in any way that you can use it in any way you want to use it in any way you want to use it in any way you want to use it in any way you want to use it in any way you want to use it in
57,After graduation he returned to Yerevan to teach at the local Conservatory and later he was appointed artistic director of the Armenian Philarmonic Orchestra.,vocab_400.txt,english_stopwords,T5,he was the first person to have been in the field of music and music at the university and then as the music and music department of the organization was the first person to have been in the field of music and music at the university in the world of music and music in the world of music and music in the
71,It continues as the Bohemian Switzerland in the Czech Republic.,vocab_400.txt,english_stopwords,T5,", simple simple simple simple simple simple simple simple simple simple simple simple simple simple simple simple simple simple simple simple simple simple simple simple simple simple simple simple simple simple simple simple simple simple simple simple simple simple simple simple simple simple simple simple simple simple simple simple simple simple simple simple simple simple simple simple simple simple simple simple simple"
114,The characters are foul-mouthed extensions of their earlier characters Pete and Dud.,vocab_400.txt,english_stopwords,T5,.
125,Moderate to severe damage extended up the Atlantic coastline and as far inland as West Virginia.,vocab_400.txt,english_stopwords,T5,.
140,"On occasion the male ""den master"" will also allow a second male into the den; the reason for this is unclear.",vocab_400.txt,english_stopwords,T5,"- "" "" "" "" "" "" "" "" "" "" "" "" "" "" "" "" "" "" "" "" "" "" "" "" "" "" "" "" "" "" "" "" "" "" "" "" "" "" "" "" "" "" "" "" "" "" "" "" "" "" "" "" "" "" "" "" "" "" "" "" """
279,"These ideally provide excellent habitat for chinkara, hog deer and blue bull.",vocab_400.txt,english_stopwords,T5,-  and they make the most of the best of the best of the best of the best of the best of the best of the best of the best of the best of the best of the best of the best of the best of the best of the best of the best of the best of the best of
327,People with cardiomyopathy are often at risk of arrhythmia or sudden cardiac death or both.,vocab_400.txt,english_stopwords,T5,a person with the heart rate or heart rate can be subject to the same type of heart rate as those with the heart rate or heart rate of the heart rate of the heart rate of the heart rate of the heart rate of the heart rate of the heart rate of the heart rate of the heart rate of the
346,"Gimnasia hired first famed Colombian trainer Francisco Maturana, and then Julio César Falcioni, but both had limited success.",vocab_400.txt,english_stopwords,T5,'  and the rest of the work was very simple and the job was very simple and the job was very simple and the job was very simple and the job was very good and the job was very good and the job was very good and the job was very good and the job was very good and the job
12,"Graham attended Wheaton College from 1939 to 1943, when he graduated with a BA in anthropology.",vocab_400.txt,english_stopwords,BYT5,""" student in the student industry and in the student in the student in the student in the student and in the student in the stu"
52,"This stamp remained the standard letter stamp for the remainder of Victoria's reign, and vast quantities were printed.",vocab_400.txt,english_stopwords,BYT5,""" order was to be property order was to be property order was to be property order was to be property order was to be property"
57,After graduation he returned to Yerevan to teach at the local Conservatory and later he was appointed artistic director of the Armenian Philarmonic Orchestra.,vocab_400.txt,english_stopwords,BYT5,""" and then he was the first in the congress and then he was the first in the congress and then he was the first in the congress"
71,It continues as the Bohemian Switzerland in the Czech Republic.,vocab_400.txt,english_stopwords,BYT5,""" system of this system is not of this system of this system of this system of this system is not of this system of this system"
114,The characters are foul-mouthed extensions of their earlier characters Pete and Dud.,vocab_400.txt,english_stopwords,BYT5,""" that the character and the character and that the character and that the character and that the character and that the charac"
125,Moderate to severe damage extended up the Atlantic coastline and as far inland as West Virginia.,vocab_400.txt,english_stopwords,BYT5,""" point of view of this point to view of this point of this point of this point of this point of this point of this point of th"
140,"On occasion the male ""den master"" will also allow a second male into the den; the reason for this is unclear.",vocab_400.txt,english_stopwords,BYT5,""" will let a second on opportunity there will be a second on opportunity there will be a second on opportunity there will be a"
279,"These ideally provide excellent habitat for chinkara, hog deer and blue bull.",vocab_400.txt,english_stopwords,BYT5,""" statement on this statement is where they are where they are where they are where they are where they are where they are wher"
327,People with cardiomyopathy are often at risk of arrhythmia or sudden cardiac death or both.,vocab_400.txt,english_stopwords,BYT5,""" or subject or subject or subject or subject or subject or subject or subject or subject or subject or subject"
346,"Gimnasia hired first famed Colombian trainer Francisco Maturana, and then Julio César Falcioni, but both had limited success.",vocab_400.txt,english_stopwords,BYT5,""" had been at that time they had been at that time at that time at that time at that time at that time at that time at that tim"
12,"Graham attended Wheaton College from 1939 to 1943, when he graduated with a BA in anthropology.",vocab_400.txt,english_stopwords,EMB_SUB,Say do Company Union from remember to earth and middle with a ANSWER in art
52,"This stamp remained the standard letter stamp for the remainder of Victoria's reign, and vast quantities were printed.",vocab_400.txt,english_stopwords,EMB_SUB,This interest fact the power letter interest for the rest of PARTICULAR future and seem were interest
57,After graduation he returned to Yerevan to teach at the local Conservatory and later he was appointed artistic director of the Armenian Philarmonic Orchestra.,vocab_400.txt,english_stopwords,EMB_SUB,manner future he like back to Hope to knowledge at the planning Military and then he was being art production of the Fact Military Piece
71,It continues as the Bohemian Switzerland in the Czech Republic.,vocab_400.txt,english_stopwords,EMB_SUB,It is still group as the Town Brown in the Even Wife
114,The characters are foul-mouthed extensions of their earlier characters Pete and Dud.,vocab_400.txt,english_stopwords,EMB_SUB,The character give bad science of their face character farm and say
125,Moderate to severe damage extended up the Atlantic coastline and as far inland as West Virginia.,vocab_400.txt,english_stopwords,EMB_SUB,There was thing to cause influence all the way up the Middle works and as wife street as Even Read
140,"On occasion the male ""den master"" will also allow a second male into the den; the reason for this is unclear.",vocab_400.txt,english_stopwords,EMB_SUB,"On opportunity the man "" want program "" will let a second man inside of the want the point for this is world understand"
279,"These ideally provide excellent habitat for chinkara, hog deer and blue bull.",vocab_400.txt,english_stopwords,EMB_SUB,Influence these make an necessary farm run for man home wife and blue brown
327,People with cardiomyopathy are often at risk of arrhythmia or sudden cardiac death or both.,vocab_400.txt,english_stopwords,EMB_SUB,Works or heart month treatment and necessary road life are understand action with knowledge. Knowledge is town of heart strength and manner with this food march subject to works or necessary road life. Make both march say at once.
346,"Gimnasia hired first famed Colombian trainer Francisco Maturana, and then Julio César Falcioni, but both had limited success.",vocab_400.txt,english_stopwords,EMB_SUB,Thing hotel Woman Life a Woman military and then Mother Seem Know but they were not very looking
12,"Graham attended Wheaton College from 1939 to 1943, when he graduated with a BA in anthropology.",vocab_400.txt,none,MLM,"brown read university press, back, university, university getting degree degree:."
52,"This stamp remained the standard letter stamp for the remainder of Victoria's reign, and vast quantities were printed.",vocab_400.txt,none,MLM,"paper money become national government letter money over over rest following long hours, while paper money."
57,After graduation he returned to Yerevan to teach at the local Conservatory and later he was appointed artistic director of the Armenian Philarmonic Orchestra.,vocab_400.txt,none,MLM,"following university, going back outside life, study found best music direction. first degree student become music head, first degree student."
71,It continues as the Bohemian Switzerland in the Czech Republic.,vocab_400.txt,none,MLM,march - still present: first outside country outside: first.
114,The characters are foul-mouthed extensions of their earlier characters Pete and Dud.,vocab_400.txt,none,MLM,"two people have bad enough over two young people? ""?"
125,Moderate to severe damage extended up the Atlantic coastline and as far inland as West Virginia.,vocab_400.txt,none,MLM,"progress saw close - hit action lead - way down over entire state, even further down over entire state."
140,"On occasion the male ""den master"" will also allow a second male into the den; the reason for this is unclear.",vocab_400.txt,none,MLM,"first opportunity: being "" house boy "" will let take second chance inside inside family.; further reason: situation situation situation situation."
279,"These ideally provide excellent habitat for chinkara, hog deer and blue bull.",vocab_400.txt,none,MLM,", can make near enough open area like black, red horse, blue horse."
327,People with cardiomyopathy are often at risk of arrhythmia or sudden cardiac death or both.,vocab_400.txt,none,MLM,"heart - heart movement, like, heart conditions, be present. ). cause: movement, heart rate. people feeling heart trouble become subject: death, even heart trouble. ( death can come back."
346,"Gimnasia hired first famed Colombian trainer Francisco Maturana, and then Julio César Falcioni, but both had limited success.",vocab_400.txt,none,MLM,"congress saw john brown, first head secretary, secretary, like john brown, while congress saw congress become."
12,"Graham attended Wheaton College from 1939 to 1943, when he graduated with a BA in anthropology.",vocab_400.txt,none,T5,"'  ( "" """
52,"This stamp remained the standard letter stamp for the remainder of Victoria's reign, and vast quantities were printed.",vocab_400.txt,none,T5,:
57,After graduation he returned to Yerevan to teach at the local Conservatory and later he was appointed artistic director of the Armenian Philarmonic Orchestra.,vocab_400.txt,none,T5,"- "" "" "" "" "" "" "" "" "" "" "" "" "" "" "" "" "" "" "" "" "" "" "" "" "" "" "" "" "" "" "" "" "" "" "" "" "" "" "" "" "" "" "" "" "" "" "" "" "" "" "" "" "" "" "" "" "" "" "" "" """
71,It continues as the Bohemian Switzerland in the Czech Republic.,vocab_400.txt,none,T5,", simple simple"
114,The characters are foul-mouthed extensions of their earlier characters Pete and Dud.,vocab_400.txt,none,T5,.
125,Moderate to severe damage extended up the Atlantic coastline and as far inland as West Virginia.,vocab_400.txt,none,T5,; simple
140,"On occasion the male ""den master"" will also allow a second male into the den; the reason for this is unclear.",vocab_400.txt,none,T5,"- "" "" "" "" "" "" "" "" "" "" "" "" "" "" "" "" "" "" "" "" "" "" "" "" "" "" "" "" "" "" "" "" "" "" "" "" "" "" "" "" "" "" "" "" "" "" "" "" "" "" "" "" "" "" "" "" "" "" "" "" """
279,"These ideally provide excellent habitat for chinkara, hog deer and blue bull.",vocab_400.txt,none,T5,. (  be put down down down down down down down down down down down down down down down down down down down down down down down down down down down down down down down down down down down down down down down down down down down down down down down down down down down down down down down down down
327,People with cardiomyopathy are often at risk of arrhythmia or sudden cardiac death or both.,vocab_400.txt,none,T5,:  heart heart conditions can cause heart conditions like heart conditions like heart conditions like heart conditions like heart conditions like heart conditions like heart conditions like heart conditions like heart conditions like heart conditions like heart conditions like heart conditions like heart conditions like heart conditions like heart conditions like heart conditions like heart conditions like heart conditions like heart
346,"Gimnasia hired first famed Colombian trainer Francisco Maturana, and then Julio César Falcioni, but both had limited success.",vocab_400.txt,none,T5,"'  ( "" "" ( "" "" "" "" "" "" "" "" "" "" "" "" "" "" "" "" "" "" "" "" "" "" "" "" "" "" "" "" "" "" "" "" "" "" "" "" "" """
12,"Graham attended Wheaton College from 1939 to 1943, when he graduated with a BA in anthropology.",vocab_400.txt,none,BYT5,""" student attention attention attention attention attention attention attention attention attention attention attention attenti"
52,"This stamp remained the standard letter stamp for the remainder of Victoria's reign, and vast quantities were printed.",vocab_400.txt,none,BYT5,""" inside will have simple statement inside will have simple inside will have simple inside will have simple inside will have si"
57,After graduation he returned to Yerevan to teach at the local Conservatory and later he was appointed artistic director of the Armenian Philarmonic Orchestra.,vocab_400.txt,none,BYT5,""" organization organization organization organizatio"
71,It continues as the Bohemian Switzerland in the Czech Republic.,vocab_400.txt,none,BYT5,""" country office inside outside outside outside outside outside outside outside outside outside outside outside outside outside"
114,The characters are foul-mouthed extensions of their earlier characters Pete and Dud.,vocab_400.txt,none,BYT5,""" top character character top character top character top character top character top character top character top character top"
125,Moderate to severe damage extended up the Atlantic coastline and as far inland as West Virginia.,vocab_400.txt,none,BYT5,""" point inside thinking outside outside outside outside outside outside outside outside outside outside out"
140,"On occasion the male ""den master"" will also allow a second male into the den; the reason for this is unclear.",vocab_400.txt,none,BYT5,""" will let inside opportunity"
279,"These ideally provide excellent habitat for chinkara, hog deer and blue bull.",vocab_400.txt,none,BYT5,""" statement statement statement statement statement statement statement statement statement statement statement statement state"
327,People with cardiomyopathy are often at risk of arrhythmia or sudden cardiac death or both.,vocab_400.txt,none,BYT5,""" order order order order order order order order order order order order order order order order order order order order order"
346,"Gimnasia hired first famed Colombian trainer Francisco Maturana, and then Julio César Falcioni, but both had limited success.",vocab_400.txt,none,BYT5,""" second second second second second second second second second second second second second second second second second second"
12,"Graham attended Wheaton College from 1939 to 1943, when he graduated with a BA in anthropology.",vocab_400.txt,none,EMB_SUB,Say do Company Union while remember have earth even middle even have ANSWER know art
52,"This stamp remained the standard letter stamp for the remainder of Victoria's reign, and vast quantities were printed.",vocab_400.txt,none,EMB_SUB,Have interest fact have power letter interest do have rest seem PARTICULAR future even seem know interest
57,After graduation he returned to Yerevan to teach at the local Conservatory and later he was appointed artistic director of the Armenian Philarmonic Orchestra.,vocab_400.txt,none,EMB_SUB,manner future know like back have Hope have knowledge even have planning Military even let know do being art production seem have Fact Military Piece
71,It continues as the Bohemian Switzerland in the Czech Republic.,vocab_400.txt,none,EMB_SUB,Seem do still group even have Town Brown know have Even Wife
114,The characters are foul-mouthed extensions of their earlier characters Pete and Dud.,vocab_400.txt,none,EMB_SUB,Have character give bad science seem have face character farm even say
125,Moderate to severe damage extended up the Atlantic coastline and as far inland as West Virginia.,vocab_400.txt,none,EMB_SUB,Like do thing have cause influence whole have way say have Middle works even even wife street even Even Read
140,"On occasion the male ""den master"" will also allow a second male into the den; the reason for this is unclear.",vocab_400.txt,none,EMB_SUB,"Even opportunity have man "" want program "" will let have second man inside seem have want have point do have do world understand"
279,"These ideally provide excellent habitat for chinkara, hog deer and blue bull.",vocab_400.txt,none,EMB_SUB,Influence like make know necessary farm run do man home wife even blue brown
327,People with cardiomyopathy are often at risk of arrhythmia or sudden cardiac death or both.,vocab_400.txt,none,EMB_SUB,Works entire heart month treatment even necessary road life become understand action even knowledge. Knowledge do town seem heart strength even manner even have food march subject have works entire necessary road life. Make have march say even town
346,"Gimnasia hired first famed Colombian trainer Francisco Maturana, and then Julio César Falcioni, but both had limited success.",vocab_400.txt,none,EMB_SUB,Thing hotel Woman Life have Woman military even let Mother Seem Know even understand know lot whole looking
12,"Graham attended Wheaton College from 1939 to 1943, when he graduated with a BA in anthropology.",vocab_500.txt,english_stopwords,MLM,he at university level from then to university and university with a degree in.
52,"This stamp remained the standard letter stamp for the remainder of Victoria's reign, and vast quantities were printed.",vocab_500.txt,english_stopwords,MLM,"This issue was the only letter issue for the rest of his life, and no were."
57,After graduation he returned to Yerevan to teach at the local Conservatory and later he was appointed artistic director of the Armenian Philarmonic Orchestra.,vocab_500.txt,english_stopwords,MLM,after that he was back to work to study at the national university and then he was the music officer of the national jazz.
71,It continues as the Bohemian Switzerland in the Czech Republic.,vocab_500.txt,english_stopwords,MLM,It is still found as the only plant in the whole.
114,The characters are foul-mouthed extensions of their earlier characters Pete and Dud.,vocab_500.txt,english_stopwords,MLM,The series speak bad language of their own: bad and bad
125,Moderate to severe damage extended up the Atlantic coastline and as far inland as West Virginia.,vocab_500.txt,english_stopwords,MLM,"There was close to the town all the way up the entire length and as long, as in."
140,"On occasion the male ""den master"" will also allow a second male into the den; the reason for this is unclear.",vocab_500.txt,english_stopwords,MLM,"On opportunity the current "" house party "" will let a second party inside of the house; the reason for this is not."
279,"These ideally provide excellent habitat for chinkara, hog deer and blue bull.",vocab_500.txt,english_stopwords,MLM,"here, these make an open game area for both, red horse and blue."
327,People with cardiomyopathy are often at risk of arrhythmia or sudden cardiac death or both.,vocab_500.txt,english_stopwords,MLM,"heart or heart pressure, and complete heart pressure are not present with treatment. there is lack of heart activity and people with this problem are subject to death or complete heart attack. or both can attack at once."
346,"Gimnasia hired first famed Colombian trainer Francisco Maturana, and then Julio César Falcioni, but both had limited success.",vocab_500.txt,english_stopwords,MLM,"they had don, a horse, and then don and don, but they were not very."
12,"Graham attended Wheaton College from 1939 to 1943, when he graduated with a BA in anthropology.",vocab_500.txt,english_stopwords,T5,. ( in the form of the paper on the subject of the paper on the subject of the paper on the subject of the paper on the subject of the paper on the subject of the paper on the subject of the paper on the subject of the paper on the subject of the paper on the subject of the paper
52,"This stamp remained the standard letter stamp for the remainder of Victoria's reign, and vast quantities were printed.",vocab_500.txt,english_stopwords,T5,-  and it was very simple to use and simple to use in any way that you can use it in any way you want to use it in any way you want to use it in any way you want to use it in any way you want to use it in any way you want to use it in
57,After graduation he returned to Yerevan to teach at the local Conservatory and later he was appointed artistic director of the Armenian Philarmonic Orchestra.,vocab_500.txt,english_stopwords,T5,he was the first person to have been in the field of music and music at the university and then as the music and music company of the arm and the arm and the arm and the arm and the arm and the arm and the arm and the arm and the arm and the arm and the arm and the arm
71,It continues as the Bohemian Switzerland in the Czech Republic.,vocab_500.txt,english_stopwords,T5,", simple simple simple simple simple simple simple simple simple simple simple simple simple simple simple simple simple simple simple simple simple simple simple simple simple simple simple simple simple simple simple simple simple simple simple simple simple simple simple simple simple simple simple simple simple simple simple simple simple simple simple simple simple simple simple simple simple simple simple simple simple"
114,The characters are foul-mouthed extensions of their earlier characters Pete and Dud.,vocab_500.txt,english_stopwords,T5,.
125,Moderate to severe damage extended up the Atlantic coastline and as far inland as West Virginia.,vocab_500.txt,english_stopwords,T5,: simple so so so simple so so that it was very simple to make it clear that there were very few and very few of them in the area and there were very few of them in the front of the front and back of the front and back of the front and back of the front and back of the
140,"On occasion the male ""den master"" will also allow a second male into the den; the reason for this is unclear.",vocab_500.txt,english_stopwords,T5,"- "" "" "" "" "" "" "" "" "" "" "" "" "" "" "" "" "" "" "" "" "" "" "" "" "" "" "" "" "" "" "" "" "" "" "" "" "" "" "" "" "" "" "" "" "" "" "" "" "" "" "" "" "" "" "" "" "" "" "" "" """
279,"These ideally provide excellent habitat for chinkara, hog deer and blue bull.",vocab_500.txt,english_stopwords,T5,-  and they make the most of the best of the best of the best of the best of the best of the best of the best of the best of the best of the best of the best of the best of the best of the best of the best of the best of the best of the best of
327,People with cardiomyopathy are often at risk of arrhythmia or sudden cardiac death or both.,vocab_500.txt,english_stopwords,T5,a person with the heart attack or heart attack can be subject to heart attack or heart attack in the heart or heart attack as the cause of heart attack is the heart rate of the person with the heart attack in the heart attack or heart attack in the heart of the person with the heart attack or heart attack
346,"Gimnasia hired first famed Colombian trainer Francisco Maturana, and then Julio César Falcioni, but both had limited success.",vocab_500.txt,english_stopwords,T5,'  and the rest of the staff were very professional and they were very good at the end of the year and they were not very good at the end of the year and they were not very good at the end of the year at the end of the year and they were very good at the end of the
12,"Graham attended Wheaton College from 1939 to 1943, when he graduated with a BA in anthropology.",vocab_500.txt,english_stopwords,BYT5,""" student in the student industry and in the student in the student in the student in the student and in the student in the stu"
52,"This stamp remained the standard letter stamp for the remainder of Victoria's reign, and vast quantities were printed.",vocab_500.txt,english_stopwords,BYT5,""" order was to be property order was to be property order was to be property order was to be property order was to be property"
57,After graduation he returned to Yerevan to teach at the local Conservatory and later he was appointed artistic director of the Armenian Philarmonic Orchestra.,vocab_500.txt,english_stopwords,BYT5,""" and then he was the first principle of the principle of the principle of the principle of the principle of the principle of t"
71,It continues as the Bohemian Switzerland in the Czech Republic.,vocab_500.txt,english_stopwords,BYT5,""" system of this system is not of this system of this system of this system of this system is not of this system of this system"
114,The characters are foul-mouthed extensions of their earlier characters Pete and Dud.,vocab_500.txt,english_stopwords,BYT5,""" that the character speak bad language of that the character speak bad language of that the character speak bad language of th"
125,Moderate to severe damage extended up the Atlantic coastline and as far inland as West Virginia.,vocab_500.txt,english_stopwords,BYT5,""" point of view of this point to view of this point of this point of this point of this point of this point of this point of th"
140,"On occasion the male ""den master"" will also allow a second male into the den; the reason for this is unclear.",vocab_500.txt,english_stopwords,BYT5,""" will let a second on opportunity there will be a second on opportunity there will be a second on opportunity there will be a"
279,"These ideally provide excellent habitat for chinkara, hog deer and blue bull.",vocab_500.txt,english_stopwords,BYT5,""" has been saying that these has been saying that these has been saying that these has been saying that these has been saying t"
327,People with cardiomyopathy are often at risk of arrhythmia or sudden cardiac death or both.,vocab_500.txt,english_stopwords,BYT5,""" or subject or subject or subject or subject or subject or subject or subject or subject or subject or subject or subject or s"
346,"Gimnasia hired first famed Colombian trainer Francisco Maturana, and then Julio César Falcioni, but both had limited success.",vocab_500.txt,english_stopwords,BYT5,""" had been at the end of the season before the end of the season and the end of the season before the end of the season before"
12,"Graham attended Wheaton College from 1939 to 1943, when he graduated with a BA in anthropology.",vocab_500.txt,english_stopwords,EMB_SUB,Say include Company Union from remember to earth and rise with a ANSWER in art
52,"This stamp remained the standard letter stamp for the remainder of Victoria's reign, and vast quantities were printed.",vocab_500.txt,english_stopwords,EMB_SUB,This interest fact the power letter interest for the rest of PARTICULAR future and seem were interest
57,After graduation he returned to Yerevan to teach at the local Conservatory and later he was appointed artistic director of the Armenian Philarmonic Orchestra.,vocab_500.txt,english_stopwords,EMB_SUB,professional future he like back to Hope to knowledge at the planning Military and then he was firm art production of the Fact Military Piece
71,It continues as the Bohemian Switzerland in the Czech Republic.,vocab_500.txt,english_stopwords,EMB_SUB,It is still plane as the Town Brown in the Even Wife
114,The characters are foul-mouthed extensions of their earlier characters Pete and Dud.,vocab_500.txt,english_stopwords,EMB_SUB,The character speak bad language of their determine character farm and say
125,Moderate to severe damage extended up the Atlantic coastline and as far inland as West Virginia.,vocab_500.txt,english_stopwords,EMB_SUB,There was thing to cause influence all the way up the Middle works and as wife cattle as Even Read
140,"On occasion the male ""den master"" will also allow a second male into the den; the reason for this is unclear.",vocab_500.txt,english_stopwords,EMB_SUB,"On opportunity the man "" want program "" will let a second man inside of the want the point for this is world understand"
279,"These ideally provide excellent habitat for chinkara, hog deer and blue bull.",vocab_500.txt,english_stopwords,EMB_SUB,Influence these make an necessary farm run for man home wife and blue attitude
327,People with cardiomyopathy are often at risk of arrhythmia or sudden cardiac death or both.,vocab_500.txt,english_stopwords,EMB_SUB,Works or heart month treatment and necessary road life are understand action with knowledge. Knowledge is someone of heart strength and manner with this food march subject to works or necessary road life. Make both march say at once.
346,"Gimnasia hired first famed Colombian trainer Francisco Maturana, and then Julio César Falcioni, but both had limited success.",vocab_500.txt,english_stopwords,EMB_SUB,Thing hotel Woman Life a Woman military and then Mother Fight Wish but they were not very success
12,"Graham attended Wheaton College from 1939 to 1943, when he graduated with a BA in anthropology.",vocab_500.txt,none,MLM,"brown read university press, back, university, university getting degree degree:."
52,"This stamp remained the standard letter stamp for the remainder of Victoria's reign, and vast quantities were printed.",vocab_500.txt,none,MLM,"paper money become national government letter money over over rest following long hours, while paper money."
57,After graduation he returned to Yerevan to teach at the local Conservatory and later he was appointed artistic director of the Armenian Philarmonic Orchestra.,vocab_500.txt,none,MLM,"following university, going back outside life, study found best music direction. first degree student become music head, first degree student."
71,It continues as the Bohemian Switzerland in the Czech Republic.,vocab_500.txt,none,MLM,march - still playing outside lower level level outside - country.
114,The characters are foul-mouthed extensions of their earlier characters Pete and Dud.,vocab_500.txt,none,MLM,two people speak bad language like two human: man - man
125,Moderate to severe damage extended up the Atlantic coastline and as far inland as West Virginia.,vocab_500.txt,none,MLM,"progress saw close - hit action lead - way down over entire state, even further down over entire state."
140,"On occasion the male ""den master"" will also allow a second male into the den; the reason for this is unclear.",vocab_500.txt,none,MLM,"giving opportunity, someone "" good enough "" will let someone second come inside outside dark.; further reason: reason: reason:."
279,"These ideally provide excellent habitat for chinkara, hog deer and blue bull.",vocab_500.txt,none,MLM,", cattle make home near game land like black, red horse, blue."
327,People with cardiomyopathy are often at risk of arrhythmia or sudden cardiac death or both.,vocab_500.txt,none,MLM,"heart - heart movement, like, heart conditions, be present. ). cause: movement, heart rate. people feeling heart trouble become subject: death, even heart trouble. ( death can come back."
346,"Gimnasia hired first famed Colombian trainer Francisco Maturana, and then Julio César Falcioni, but both had limited success.",vocab_500.txt,none,MLM,"congress saw john brown, first head secretary, secretary, like john brown, while congress saw congress become."
12,"Graham attended Wheaton College from 1939 to 1943, when he graduated with a BA in anthropology.",vocab_500.txt,none,T5,"'  ( "" """
52,"This stamp remained the standard letter stamp for the remainder of Victoria's reign, and vast quantities were printed.",vocab_500.txt,none,T5,:
57,After graduation he returned to Yerevan to teach at the local Conservatory and later he was appointed artistic director of the Armenian Philarmonic Orchestra.,vocab_500.txt,none,T5,"- "" "" "" "" "" "" "" "" "" "" "" "" "" "" "" "" "" "" "" "" "" "" "" "" "" "" "" "" "" "" "" "" "" "" "" "" "" "" "" "" "" "" "" "" "" "" "" "" "" "" "" "" "" "" "" "" "" "" "" "" """
71,It continues as the Bohemian Switzerland in the Czech Republic.,vocab_500.txt,none,T5,", simple simple"
114,The characters are foul-mouthed extensions of their earlier characters Pete and Dud.,vocab_500.txt,none,T5,.
125,Moderate to severe damage extended up the Atlantic coastline and as far inland as West Virginia.,vocab_500.txt,none,T5,; simple
140,"On occasion the male ""den master"" will also allow a second male into the den; the reason for this is unclear.",vocab_500.txt,none,T5,"- "" "" "" "" "" "" "" "" "" "" "" "" "" "" "" "" "" "" "" "" "" "" "" "" "" "" "" "" "" "" "" "" "" "" "" "" "" "" "" "" "" "" "" "" "" "" "" "" "" "" "" "" "" "" "" "" "" "" "" "" """
279,"These ideally provide excellent habitat for chinkara, hog deer and blue bull.",vocab_500.txt,none,T5,. (  be put down down down down down down down down down down down down down down down down down down down down down down down down down down down down down down down down down down down down down down down down down down down down down down down down down down down down down down down down down
327,People with cardiomyopathy are often at risk of arrhythmia or sudden cardiac death or both.,vocab_500.txt,none,T5,:  heart attack can cause heart heart attack while heart attack can cause heart heart attack can cause heart heart attack ( heart attack can cause heart heart attack can cause heart heart attack can cause heart heart attack can cause heart attack ( heart attack can cause heart heart attack can cause heart heart attack can cause heart attack
346,"Gimnasia hired first famed Colombian trainer Francisco Maturana, and then Julio César Falcioni, but both had limited success.",vocab_500.txt,none,T5,"'  ( "" "" ( "" "" "" "" "" "" "" "" "" "" "" "" "" "" "" "" "" "" "" "" "" "" "" "" "" "" "" "" "" "" "" "" "" "" "" "" "" """
12,"Graham attended Wheaton College from 1939 to 1943, when he graduated with a BA in anthropology.",vocab_500.txt,none,BYT5,""" student attack attack attack attack attack attack attack attack attack attack attack attack attack attack attack attack attac"
52,"This stamp remained the standard letter stamp for the remainder of Victoria's reign, and vast quantities were printed.",vocab_500.txt,none,BYT5,""" issue issue issue issue issue issue issue issue issue issue issue issue issue issue issue issue issue issue issue issue issue"
57,After graduation he returned to Yerevan to teach at the local Conservatory and later he was appointed artistic director of the Armenian Philarmonic Orchestra.,vocab_500.txt,none,BYT5,""" organization organization organization organizatio"
71,It continues as the Bohemian Switzerland in the Czech Republic.,vocab_500.txt,none,BYT5,""" status approach order analysis analysis order analysis order analysis order analysis order analysis order analysis order anal"
114,The characters are foul-mouthed extensions of their earlier characters Pete and Dud.,vocab_500.txt,none,BYT5,""" top character character top character top character top character top character top character top character top character top"
125,Moderate to severe damage extended up the Atlantic coastline and as far inland as West Virginia.,vocab_500.txt,none,BYT5,""" situation being situation being situation being situation being situation being situation being situation being situation bei"
140,"On occasion the male ""den master"" will also allow a second male into the den; the reason for this is unclear.",vocab_500.txt,none,BYT5,""" will let inside opportunity"
279,"These ideally provide excellent habitat for chinkara, hog deer and blue bull.",vocab_500.txt,none,BYT5,""" statement statement statement statement statement statement statement statement statement statement statement statement state"
327,People with cardiomyopathy are often at risk of arrhythmia or sudden cardiac death or both.,vocab_500.txt,none,BYT5,""" order order order order order order order order order order order order order order order order order order order order order"
346,"Gimnasia hired first famed Colombian trainer Francisco Maturana, and then Julio César Falcioni, but both had limited success.",vocab_500.txt,none,BYT5,""" second second second second second second second second second second second second second second second second second second"
12,"Graham attended Wheaton College from 1939 to 1943, when he graduated with a BA in anthropology.",vocab_500.txt,none,EMB_SUB,Say include Company Union while remember include earth include rise even include ANSWER know art
52,"This stamp remained the standard letter stamp for the remainder of Victoria's reign, and vast quantities were printed.",vocab_500.txt,none,EMB_SUB,Have interest fact include power letter interest do include rest someone PARTICULAR future include seem include interest
57,After graduation he returned to Yerevan to teach at the local Conservatory and later he was appointed artistic director of the Armenian Philarmonic Orchestra.,vocab_500.txt,none,EMB_SUB,professional future know like back include Hope include knowledge include include planning Military include let know include firm art production someone include Fact Military Piece
71,It continues as the Bohemian Switzerland in the Czech Republic.,vocab_500.txt,none,EMB_SUB,Seem include still plane include include Town Brown know include Even Wife
114,The characters are foul-mouthed extensions of their earlier characters Pete and Dud.,vocab_500.txt,none,EMB_SUB,Include character speak bad language someone have determine character farm include say
125,Moderate to severe damage extended up the Atlantic coastline and as far inland as West Virginia.,vocab_500.txt,none,EMB_SUB,Like include thing include cause influence whole include way say include Middle works include include wife cattle include Even Read
140,"On occasion the male ""den master"" will also allow a second male into the den; the reason for this is unclear.",vocab_500.txt,none,EMB_SUB,"Even opportunity include man "" want program "" will let include second man inside someone include want include point do have include world understand"
279,"These ideally provide excellent habitat for chinkara, hog deer and blue bull.",vocab_500.txt,none,EMB_SUB,Influence like make include necessary farm run do man home wife include blue attitude
327,People with cardiomyopathy are often at risk of arrhythmia or sudden cardiac death or both.,vocab_500.txt,none,EMB_SUB,Works include heart month treatment include necessary road life become understand action even knowledge. Knowledge include someone someone heart strength include manner even have food march subject include works include necessary road life. Make have march say include town
346,"Gimnasia hired first famed Colombian trainer Francisco Maturana, and then Julio César Falcioni, but both had limited success.",vocab_500.txt,none,EMB_SUB,Thing hotel Woman Life include Woman military include let Mother Fight Wish even understand include lot whole success
12,"Graham attended Wheaton College from 1939 to 1943, when he graduated with a BA in anthropology.",vocab_600.txt,english_stopwords,MLM,he at university level from then to university and university with a degree in.
52,"This stamp remained the standard letter stamp for the remainder of Victoria's reign, and vast quantities were printed.",vocab_600.txt,english_stopwords,MLM,"This issue was the only letter issue for the rest of his life, and no were."
57,After graduation he returned to Yerevan to teach at the local Conservatory and later he was appointed artistic director of the Armenian Philarmonic Orchestra.,vocab_600.txt,english_stopwords,MLM,after that he was back to work to study at the national university and then he was the music teacher of the national youth.
71,It continues as the Bohemian Switzerland in the Czech Republic.,vocab_600.txt,english_stopwords,MLM,It is still found as the only plant in the whole.
114,The characters are foul-mouthed extensions of their earlier characters Pete and Dud.,vocab_600.txt,english_stopwords,MLM,The series speak bad language of their own: bad and bad
125,Moderate to severe damage extended up the Atlantic coastline and as far inland as West Virginia.,vocab_600.txt,english_stopwords,MLM,"There was close to the town all the way up the entire length and as long, as in."
140,"On occasion the male ""den master"" will also allow a second male into the den; the reason for this is unclear.",vocab_600.txt,english_stopwords,MLM,"On opportunity the term "" house boy "" will let a second stay inside of the house; the reason for this is not."
279,"These ideally provide excellent habitat for chinkara, hog deer and blue bull.",vocab_600.txt,english_stopwords,MLM,"here, these make an open game area for both, red horse and blue."
327,People with cardiomyopathy are often at risk of arrhythmia or sudden cardiac death or both.,vocab_600.txt,english_stopwords,MLM,"heart or heart failure, and complete heart failure are both present with it. there is loss of heart rate and people with this condition are subject to death or complete heart failure. these both can develop at once."
346,"Gimnasia hired first famed Colombian trainer Francisco Maturana, and then Julio César Falcioni, but both had limited success.",vocab_600.txt,english_stopwords,MLM,"they had don, a horse, and then don and don, but they were not very."
12,"Graham attended Wheaton College from 1939 to 1943, when he graduated with a BA in anthropology.",vocab_600.txt,english_stopwords,T5,. ( in the form of the paper on the subject of the paper on the subject of the paper on the subject of the paper on the subject of the paper on the subject of the paper on the subject of the paper on the subject of the paper on the subject of the paper on the subject of the paper
52,"This stamp remained the standard letter stamp for the remainder of Victoria's reign, and vast quantities were printed.",vocab_600.txt,english_stopwords,T5,-  and it was very simple to use and simple to use in any way that you can use it in any way you want to use it in any way you want to use it in any way you want to use it in any way you want to use it in any way you want to use it in
57,After graduation he returned to Yerevan to teach at the local Conservatory and later he was appointed artistic director of the Armenian Philarmonic Orchestra.,vocab_600.txt,english_stopwords,T5,he was the first person to have been in the field of music and music at the university and then as an art teacher of the arm to be part of his work as an art teacher of his own organization of music and music and music and music in his own words and with the help of his teacher and teacher
71,It continues as the Bohemian Switzerland in the Czech Republic.,vocab_600.txt,english_stopwords,T5,", simple simple simple simple simple simple simple simple simple simple simple simple simple simple simple simple simple simple simple simple simple simple simple simple simple simple simple simple simple simple simple simple simple simple simple simple simple simple simple simple simple simple simple simple simple simple simple simple simple simple simple simple simple simple simple simple simple simple simple simple simple"
114,The characters are foul-mouthed extensions of their earlier characters Pete and Dud.,vocab_600.txt,english_stopwords,T5,.
125,Moderate to severe damage extended up the Atlantic coastline and as far inland as West Virginia.,vocab_600.txt,english_stopwords,T5,: simple so so so simple so so that it was very simple to make it clear that there were very few and very few of them in the area and there were very few of them in the front of the front and back of the front and back of the front and back of the front and back of the
140,"On occasion the male ""den master"" will also allow a second male into the den; the reason for this is unclear.",vocab_600.txt,english_stopwords,T5,"- "" "" "" "" "" "" "" "" "" "" "" "" "" "" "" "" "" "" "" "" "" "" "" "" "" "" "" "" "" "" "" "" "" "" "" "" "" "" "" "" "" "" "" "" "" "" "" "" "" "" "" "" "" "" "" "" "" "" "" "" """
279,"These ideally provide excellent habitat for chinkara, hog deer and blue bull.",vocab_600.txt,english_stopwords,T5,-  and they make the most of the most complex and complex conditions in the world and are the best of both of the best and the best of both of the best and the best of both the best and the best of both the best and the best of both the best and the best of both the best
327,People with cardiomyopathy are often at risk of arrhythmia or sudden cardiac death or both.,vocab_600.txt,english_stopwords,T5,a person with heart condition can be subject to heart attack or heart attack and heart condition is the cause of heart attack and heart condition is the cause of heart attack and heart condition is the cause of heart attack and heart condition is the cause of heart attack and heart condition is the cause of heart attack and heart attack
346,"Gimnasia hired first famed Colombian trainer Francisco Maturana, and then Julio César Falcioni, but both had limited success.",vocab_600.txt,english_stopwords,T5,'  and the rest of the staff were very professional and they were very good at the end of the year and they were not very good at the end of the year and they were not very good at the end of the year at the end of the year and they were very good at the end of the
12,"Graham attended Wheaton College from 1939 to 1943, when he graduated with a BA in anthropology.",vocab_600.txt,english_stopwords,BYT5,""" student in the student in the student in the student in the student in the student in the student in the student in the study"
52,"This stamp remained the standard letter stamp for the remainder of Victoria's reign, and vast quantities were printed.",vocab_600.txt,english_stopwords,BYT5,""" order was to be property order was to be property order was to be property order was to be property order was to be property"
57,After graduation he returned to Yerevan to teach at the local Conservatory and later he was appointed artistic director of the Armenian Philarmonic Orchestra.,vocab_600.txt,english_stopwords,BYT5,""" and then he was the first principal and then he was the first principal and then he was the first principal and then he was t"
71,It continues as the Bohemian Switzerland in the Czech Republic.,vocab_600.txt,english_stopwords,BYT5,""" system of this system is not of this system of this system of this system of this system is not of this system of this system"
114,The characters are foul-mouthed extensions of their earlier characters Pete and Dud.,vocab_600.txt,english_stopwords,BYT5,""" that the character speak bad language of that the character speak bad language of that the character speak bad language of th"
125,Moderate to severe damage extended up the Atlantic coastline and as far inland as West Virginia.,vocab_600.txt,english_stopwords,BYT5,""" point of view of this point to view of this point of this point of this point of this point of this point of this point of th"
140,"On occasion the male ""den master"" will also allow a second male into the den; the reason for this is unclear.",vocab_600.txt,english_stopwords,BYT5,""" will let a second on opportunity there will be a second on opportunity there will be a second on opportunity there will be a"
279,"These ideally provide excellent habitat for chinkara, hog deer and blue bull.",vocab_600.txt,english_stopwords,BYT5,""" has been saying that these has been saying that these has been saying that these has been saying that these has been saying t"
327,People with cardiomyopathy are often at risk of arrhythmia or sudden cardiac death or both.,vocab_600.txt,english_stopwords,BYT5,""" or subject or subject or subject or subject or subject or subject or subject or subject or subject or subject or subject or s"
346,"Gimnasia hired first famed Colombian trainer Francisco Maturana, and then Julio César Falcioni, but both had limited success.",vocab_600.txt,english_stopwords,BYT5,""" had been at that time at that time at that time at that time at that time at that time at that time at that time at that time"
12,"Graham attended Wheaton College from 1939 to 1943, when he graduated with a BA in anthropology.",vocab_600.txt,english_stopwords,EMB_SUB,Say include Company Train from remember to earth and possibility with a ANSWER in art
52,"This stamp remained the standard letter stamp for the remainder of Victoria's reign, and vast quantities were printed.",vocab_600.txt,english_stopwords,EMB_SUB,This interest fact the power letter interest for the rest of PARTICULAR future and seem were interest
57,After graduation he returned to Yerevan to teach at the local Conservatory and later he was appointed artistic director of the Armenian Philarmonic Orchestra.,vocab_600.txt,english_stopwords,EMB_SUB,professional future he like back to Hope to knowledge at the leaving Military and then he was firm art production of the Apartment Military Piece
71,It continues as the Bohemian Switzerland in the Czech Republic.,vocab_600.txt,english_stopwords,EMB_SUB,It is still plane as the Town Brown in the Even Wife
114,The characters are foul-mouthed extensions of their earlier characters Pete and Dud.,vocab_600.txt,english_stopwords,EMB_SUB,The character speak bad language of their determine character farm and say
125,Moderate to severe damage extended up the Atlantic coastline and as far inland as West Virginia.,vocab_600.txt,english_stopwords,EMB_SUB,There was thing to cause influence all the way up the Middle works and as wife circumstances as Even Read
140,"On occasion the male ""den master"" will also allow a second male into the den; the reason for this is unclear.",vocab_600.txt,english_stopwords,EMB_SUB,"On opportunity the man "" want program "" will let a second man inside of the want the point for this is world understand"
279,"These ideally provide excellent habitat for chinkara, hog deer and blue bull.",vocab_600.txt,english_stopwords,EMB_SUB,Influence these make an necessary farm run for man home wife and blue attitude
327,People with cardiomyopathy are often at risk of arrhythmia or sudden cardiac death or both.,vocab_600.txt,english_stopwords,EMB_SUB,Works or heart trip treatment and necessary road life are possibility action with knowledge. Knowledge is someone of heart strength and manner with this spread march subject to works or necessary road life. Possibility both march say at once.
346,"Gimnasia hired first famed Colombian trainer Francisco Maturana, and then Julio César Falcioni, but both had limited success.",vocab_600.txt,english_stopwords,EMB_SUB,Thing hotel Woman Life a Woman military and then Mother Fight Wish but they were not very success
12,"Graham attended Wheaton College from 1939 to 1943, when he graduated with a BA in anthropology.",vocab_600.txt,none,MLM,"brown read university press, back, university, university getting degree degree:."
52,"This stamp remained the standard letter stamp for the remainder of Victoria's reign, and vast quantities were printed.",vocab_600.txt,none,MLM,"paper money become national government letter money over over rest following long hours, while paper money."
57,After graduation he returned to Yerevan to teach at the local Conservatory and later he was appointed artistic director of the Armenian Philarmonic Orchestra.,vocab_600.txt,none,MLM,"following university, going back outside life, teacher found first music teacher, while teacher being first music teacher, first first youth teacher."
71,It continues as the Bohemian Switzerland in the Czech Republic.,vocab_600.txt,none,MLM,march - still playing outside lower level level outside - country.
114,The characters are foul-mouthed extensions of their earlier characters Pete and Dud.,vocab_600.txt,none,MLM,two people speak bad language like two human: man - man
125,Moderate to severe damage extended up the Atlantic coastline and as far inland as West Virginia.,vocab_600.txt,none,MLM,"progress saw close - hit action lead - way down over entire state, even further down over entire state."
140,"On occasion the male ""den master"" will also allow a second male into the den; the reason for this is unclear.",vocab_600.txt,none,MLM,"giving opportunity, anode "" house boy "" will let down second person inside enter - -; further reason: behavior: being."
279,"These ideally provide excellent habitat for chinkara, hog deer and blue bull.",vocab_600.txt,none,MLM,", cattle make home near game land like black, red horse, blue."
327,People with cardiomyopathy are often at risk of arrhythmia or sudden cardiac death or both.,vocab_600.txt,none,MLM,"heart - heart failure, even complete heart failure, be complex like heart. cause: failure, heart failure. people develop heart failure, subject: failure, complete heart failure. failure failure can come down."
346,"Gimnasia hired first famed Colombian trainer Francisco Maturana, and then Julio César Falcioni, but both had limited success.",vocab_600.txt,none,MLM,"management: john, first head teacher, teacher, teacher, teacher, thought leaders, teacher, teacher."
12,"Graham attended Wheaton College from 1939 to 1943, when he graduated with a BA in anthropology.",vocab_600.txt,none,T5,"'  ( "" """
52,"This stamp remained the standard letter stamp for the remainder of Victoria's reign, and vast quantities were printed.",vocab_600.txt,none,T5,:
57,After graduation he returned to Yerevan to teach at the local Conservatory and later he was appointed artistic director of the Armenian Philarmonic Orchestra.,vocab_600.txt,none,T5,"- "" "" "" "" "" "" "" "" "" "" "" "" "" "" "" "" "" "" "" "" "" "" "" "" "" "" "" "" "" "" "" "" "" "" "" "" "" "" "" "" "" "" "" "" "" "" "" "" "" "" "" "" "" "" "" "" "" "" "" "" """
71,It continues as the Bohemian Switzerland in the Czech Republic.,vocab_600.txt,none,T5,", simple simple"
114,The characters are foul-mouthed extensions of their earlier characters Pete and Dud.,vocab_600.txt,none,T5,.
125,Moderate to severe damage extended up the Atlantic coastline and as far inland as West Virginia.,vocab_600.txt,none,T5,.
140,"On occasion the male ""den master"" will also allow a second male into the den; the reason for this is unclear.",vocab_600.txt,none,T5,"- "" "" "" "" "" "" "" "" "" "" "" "" "" "" "" "" "" "" "" "" "" "" "" "" "" "" "" "" "" "" "" "" "" "" "" "" "" "" "" "" "" "" "" "" "" "" "" "" "" "" "" "" "" "" "" "" "" "" "" "" """
279,"These ideally provide excellent habitat for chinkara, hog deer and blue bull.",vocab_600.txt,none,T5,. (
327,People with cardiomyopathy are often at risk of arrhythmia or sudden cardiac death or both.,vocab_600.txt,none,T5,". ( ( ( ( ( ( ( ( ( ( ( ( ( ( ( ( ( ( ( ( ( ( "" ( ( ( ( ( "" "" "" "" "" "" "" "" "" "" "" "" "" "" "" "" "" "" "" "" "" "" "" "" """
346,"Gimnasia hired first famed Colombian trainer Francisco Maturana, and then Julio César Falcioni, but both had limited success.",vocab_600.txt,none,T5,"'  ( "" "" ( "" "" "" "" "" "" "" "" "" "" "" "" "" "" "" "" "" "" "" "" "" "" "" "" "" "" "" "" "" "" "" "" "" "" "" "" "" """
12,"Graham attended Wheaton College from 1939 to 1943, when he graduated with a BA in anthropology.",vocab_600.txt,none,BYT5,""" student attack attack attack attack attack attack attack attack attack attack attack attack attack attack attack attack attac"
52,"This stamp remained the standard letter stamp for the remainder of Victoria's reign, and vast quantities were printed.",vocab_600.txt,none,BYT5,""" issue issue issue issue issue issue issue issue issue issue issue"
57,After graduation he returned to Yerevan to teach at the local Conservatory and later he was appointed artistic director of the Armenian Philarmonic Orchestra.,vocab_600.txt,none,BYT5,""" organization organization organization organizati"
71,It continues as the Bohemian Switzerland in the Czech Republic.,vocab_600.txt,none,BYT5,""" status apartment can be found inside outside outside outside outside outside outside outside outside outside outside outside"
114,The characters are foul-mouthed extensions of their earlier characters Pete and Dud.,vocab_600.txt,none,BYT5,""" top character character top character top character top character top character top character top character top character top"
125,Moderate to severe damage extended up the Atlantic coastline and as far inland as West Virginia.,vocab_600.txt,none,BYT5,""" point inside thinking outside outside outside outside outside outside outside outside outside outside out"
140,"On occasion the male ""den master"" will also allow a second male into the den; the reason for this is unclear.",vocab_600.txt,none,BYT5,""" will let inside opportunity "" will let inside outside"
279,"These ideally provide excellent habitat for chinkara, hog deer and blue bull.",vocab_600.txt,none,BYT5,""" statement statement statement statement statement statement statement statement statement statement statement statement state"
327,People with cardiomyopathy are often at risk of arrhythmia or sudden cardiac death or both.,vocab_600.txt,none,BYT5,""" order order order order order order order order order order order order order order order order order order order order order"
346,"Gimnasia hired first famed Colombian trainer Francisco Maturana, and then Julio César Falcioni, but both had limited success.",vocab_600.txt,none,BYT5,""" second second second second second second second second second second second second second second second second second second"
12,"Graham attended Wheaton College from 1939 to 1943, when he graduated with a BA in anthropology.",vocab_600.txt,none,EMB_SUB,Say include Company Train while remember include earth include possibility even include ANSWER know art
52,"This stamp remained the standard letter stamp for the remainder of Victoria's reign, and vast quantities were printed.",vocab_600.txt,none,EMB_SUB,Have interest fact include power letter interest do include rest someone PARTICULAR future include seem include interest
57,After graduation he returned to Yerevan to teach at the local Conservatory and later he was appointed artistic director of the Armenian Philarmonic Orchestra.,vocab_600.txt,none,EMB_SUB,professional future know like back include Hope include knowledge include include leaving Military include let know include firm art production someone include Apartment Military Piece
71,It continues as the Bohemian Switzerland in the Czech Republic.,vocab_600.txt,none,EMB_SUB,Seem include still plane include include Town Brown know include Even Wife
114,The characters are foul-mouthed extensions of their earlier characters Pete and Dud.,vocab_600.txt,none,EMB_SUB,Include character speak bad language someone have determine character farm include say
125,Moderate to severe damage extended up the Atlantic coastline and as far inland as West Virginia.,vocab_600.txt,none,EMB_SUB,Like include thing include cause influence whole include way say include Middle works include include wife circumstances include Even Read
140,"On occasion the male ""den master"" will also allow a second male into the den; the reason for this is unclear.",vocab_600.txt,none,EMB_SUB,"Even opportunity include man "" want program "" will let include second man inside someone include want include point do have include world understand"
279,"These ideally provide excellent habitat for chinkara, hog deer and blue bull.",vocab_600.txt,none,EMB_SUB,Influence like make include necessary farm run do man home wife include blue attitude
327,People with cardiomyopathy are often at risk of arrhythmia or sudden cardiac death or both.,vocab_600.txt,none,EMB_SUB,Works include heart trip treatment include necessary road life become possibility action even knowledge. Knowledge include someone someone heart strength include manner even have spread march subject include works include necessary road life. Possibility have march say include town
346,"Gimnasia hired first famed Colombian trainer Francisco Maturana, and then Julio César Falcioni, but both had limited success.",vocab_600.txt,none,EMB_SUB,Thing hotel Woman Life include Woman military include let Mother Fight Wish even understand include lot whole success
12,"Graham attended Wheaton College from 1939 to 1943, when he graduated with a BA in anthropology.",vocab_700.txt,english_stopwords,MLM,he at university level from then to university and university with a degree in.
52,"This stamp remained the standard letter stamp for the remainder of Victoria's reign, and vast quantities were printed.",vocab_700.txt,english_stopwords,MLM,"This issue was the official letter issue for the rest of his life, and both were:."
57,After graduation he returned to Yerevan to teach at the local Conservatory and later he was appointed artistic director of the Armenian Philarmonic Orchestra.,vocab_700.txt,english_stopwords,MLM,after that he was back to work to study at the national university and then he was the music teacher of the national youth.
71,It continues as the Bohemian Switzerland in the Czech Republic.,vocab_700.txt,english_stopwords,MLM,It is still found as the only plant in the whole.
114,The characters are foul-mouthed extensions of their earlier characters Pete and Dud.,vocab_700.txt,english_stopwords,MLM,The series speak bad language of their own: dog and dog
125,Moderate to severe damage extended up the Atlantic coastline and as far inland as West Virginia.,vocab_700.txt,english_stopwords,MLM,There was close to the town all the way up the entire valley and as long back as in.
140,"On occasion the male ""den master"" will also allow a second male into the den; the reason for this is unclear.",vocab_700.txt,english_stopwords,MLM,"On opportunity the term "" house master "" will let a second stay inside of the house; the reason for this is not."
279,"These ideally provide excellent habitat for chinkara, hog deer and blue bull.",vocab_700.txt,english_stopwords,MLM,"here, these make an appropriate meeting place for both, white horse and blue."
327,People with cardiomyopathy are often at risk of arrhythmia or sudden cardiac death or both.,vocab_700.txt,english_stopwords,MLM,heart or heart beat failure and complete heart failure are both people with heart. there is loss of heart rate and people with this condition are subject to death or complete heart failure. both both conditions develop at once.
346,"Gimnasia hired first famed Colombian trainer Francisco Maturana, and then Julio César Falcioni, but both had limited success.",vocab_700.txt,english_stopwords,MLM,"they had don, a horse, and then don and don, but they were not very."
12,"Graham attended Wheaton College from 1939 to 1943, when he graduated with a BA in anthropology.",vocab_700.txt,english_stopwords,T5,. ( in the form of an article on how to make the difference in the process of making the decision to make the decision to make the decision to make the decision to make the decision to make the decision to make the decision to make the decision to make the decision to make the decision to make the decision to
52,"This stamp remained the standard letter stamp for the remainder of Victoria's reign, and vast quantities were printed.",vocab_700.txt,english_stopwords,T5,-  and it was very simple to use and simple to use in any way that you can use it in any way you want to use it in any way you want to use it in any way you want to use it in any way you want to use it in any way you want to use it in
57,After graduation he returned to Yerevan to teach at the local Conservatory and later he was appointed artistic director of the Armenian Philarmonic Orchestra.,vocab_700.txt,english_stopwords,T5,he was the first person to have been in the field of music and music at the university and then as an art teacher of the arm to be part of his work as an art teacher of his own organization of music and music and music and music in his own words and with the help of his teacher and teacher
71,It continues as the Bohemian Switzerland in the Czech Republic.,vocab_700.txt,english_stopwords,T5,", simple simple simple simple simple simple simple simple simple simple simple simple simple simple simple simple simple simple simple simple simple simple simple simple simple simple simple simple simple simple simple simple simple simple simple simple simple simple simple simple simple simple simple simple simple simple simple simple simple simple simple simple simple simple simple simple simple simple simple simple simple"
114,The characters are foul-mouthed extensions of their earlier characters Pete and Dud.,vocab_700.txt,english_stopwords,T5,.
125,Moderate to severe damage extended up the Atlantic coastline and as far inland as West Virginia.,vocab_700.txt,english_stopwords,T5,: simple so so so simple so so that it was very simple to make it clear that there were very few and very few of them in the area and there were very few of them in the front of the front and back of the front and back of the front and back of the front and back of the
140,"On occasion the male ""den master"" will also allow a second male into the den; the reason for this is unclear.",vocab_700.txt,english_stopwords,T5,""" die master "" will let the second man inside of the die master "" on opportunity the opportunity will let the second man inside of the die and the base for this is not clear enough for the reason for this problem is not clear enough for the reason for this problem of the master of the master of the master of"
279,"These ideally provide excellent habitat for chinkara, hog deer and blue bull.",vocab_700.txt,english_stopwords,T5,-  and they make the most of the most complex and complex conditions in the world of animal control and the most complex of the world of animal control in the world of animal control and the most complex of the world of animal control in the world of animal control and the most complex of the world of animal control
327,People with cardiomyopathy are often at risk of arrhythmia or sudden cardiac death or both.,vocab_700.txt,english_stopwords,T5,a person with heart beat or heart beat condition can be subject to heart beat or heart beat condition with heart beat and heart beat condition with heart condition and heart condition are of particular importance to the heart and heart condition of the person with heart beat condition with heart beat and heart beat condition are of particular importance to the
346,"Gimnasia hired first famed Colombian trainer Francisco Maturana, and then Julio César Falcioni, but both had limited success.",vocab_700.txt,english_stopwords,T5,'  and the rest of the staff were very professional and they were very good at the end of the year and they were not very good at the end of the year and they were not very good at the end of the year at the end of the year and they were very good at the end of the
12,"Graham attended Wheaton College from 1939 to 1943, when he graduated with a BA in anthropology.",vocab_700.txt,english_stopwords,BYT5,""" student in the student in the student in the student in the student in the student in the student in the student in the study"
52,"This stamp remained the standard letter stamp for the remainder of Victoria's reign, and vast quantities were printed.",vocab_700.txt,english_stopwords,BYT5,""" order was to be property order was to be property order was to be property order was to be property order was to be property"
57,After graduation he returned to Yerevan to teach at the local Conservatory and later he was appointed artistic director of the Armenian Philarmonic Orchestra.,vocab_700.txt,english_stopwords,BYT5,""" and then he was the first principal and then he was the first principal and then he was the first principal and then he was t"
71,It continues as the Bohemian Switzerland in the Czech Republic.,vocab_700.txt,english_stopwords,BYT5,""" system of this system is not of this system of this system of this system of this system is not of this system of this system"
114,The characters are foul-mouthed extensions of their earlier characters Pete and Dud.,vocab_700.txt,english_stopwords,BYT5,""" that the character speak bad language of that the character speak bad language of that the character speak bad language of th"
125,Moderate to severe damage extended up the Atlantic coastline and as far inland as West Virginia.,vocab_700.txt,english_stopwords,BYT5,""" point of view of this point to view of this point of this point of this point of this point of this point of this point of th"
140,"On occasion the male ""den master"" will also allow a second male into the den; the reason for this is unclear.",vocab_700.txt,english_stopwords,BYT5,""" will let a second on opportunity the master "" will let a second on opportunity the master "" will let a second on opportunity"
279,"These ideally provide excellent habitat for chinkara, hog deer and blue bull.",vocab_700.txt,english_stopwords,BYT5,""" has been saying that these has been saying that these has been saying that these has been saying that these has been saying t"
327,People with cardiomyopathy are often at risk of arrhythmia or sudden cardiac death or both.,vocab_700.txt,english_stopwords,BYT5,""" or subject or subject or subject or subject or subject or subject or subject or subject or subject or subject or subject or s"
346,"Gimnasia hired first famed Colombian trainer Francisco Maturana, and then Julio César Falcioni, but both had limited success.",vocab_700.txt,english_stopwords,BYT5,""" had been at that time at that time at that time at that time at that time at that time at that time at that time at that time"
12,"Graham attended Wheaton College from 1939 to 1943, when he graduated with a BA in anthropology.",vocab_700.txt,english_stopwords,EMB_SUB,Say include Company Train from realize to earth and faculty with a ANSWER in art
52,"This stamp remained the standard letter stamp for the remainder of Victoria's reign, and vast quantities were printed.",vocab_700.txt,english_stopwords,EMB_SUB,This interest fact the power letter interest for the rest of PARTICULAR future and seem were interest
57,After graduation he returned to Yerevan to teach at the local Conservatory and later he was appointed artistic director of the Armenian Philarmonic Orchestra.,vocab_700.txt,english_stopwords,EMB_SUB,professional future he like back to Hope to teaching at the leaving Faculty and then he was firm art production of the Apartment Military Piece
71,It continues as the Bohemian Switzerland in the Czech Republic.,vocab_700.txt,english_stopwords,EMB_SUB,It is still plane as the Fashion Brown in the Even Wife
114,The characters are foul-mouthed extensions of their earlier characters Pete and Dud.,vocab_700.txt,english_stopwords,EMB_SUB,The difficulty speak bad language of their familiar difficulty liberal and say
125,Moderate to severe damage extended up the Atlantic coastline and as far inland as West Virginia.,vocab_700.txt,english_stopwords,EMB_SUB,There was liberal to cause influence all the way up the Middle works and as wife circumstances as Even Read
140,"On occasion the male ""den master"" will also allow a second male into the den; the reason for this is unclear.",vocab_700.txt,english_stopwords,EMB_SUB,"On opportunity the man "" want master "" will let a second man inside of the want the factor for this is world understand"
279,"These ideally provide excellent habitat for chinkara, hog deer and blue bull.",vocab_700.txt,english_stopwords,EMB_SUB,Influence these make an necessary farm run for man home wife and blue attitude
327,People with cardiomyopathy are often at risk of arrhythmia or sudden cardiac death or both.,vocab_700.txt,english_stopwords,EMB_SUB,Works or heart beat treatment and familiar road life are possibility action with knowledge. Knowledge is someone of heart strength and manner with this spread march subject to works or familiar road life. Possibility both march say at once.
346,"Gimnasia hired first famed Colombian trainer Francisco Maturana, and then Julio César Falcioni, but both had limited success.",vocab_700.txt,english_stopwords,EMB_SUB,Thing buy Woman Life a Woman military and then Evil Fight Wish but they were not very success
12,"Graham attended Wheaton College from 1939 to 1943, when he graduated with a BA in anthropology.",vocab_700.txt,none,MLM,"brown read university press, back, university, university getting degree degree teaching."
52,"This stamp remained the standard letter stamp for the remainder of Victoria's reign, and vast quantities were printed.",vocab_700.txt,none,MLM,"paper money become official official letter money over over rest period long period, while paper money."
57,After graduation he returned to Yerevan to teach at the local Conservatory and later he was appointed artistic director of the Armenian Philarmonic Orchestra.,vocab_700.txt,none,MLM,"following independence, going back outside life, teaching, teaching music, even while, being chief music teacher, leading national youth."
71,It continues as the Bohemian Switzerland in the Czech Republic.,vocab_700.txt,none,MLM,march - still playing outside upper level league outside - country.
114,The characters are foul-mouthed extensions of their earlier characters Pete and Dud.,vocab_700.txt,none,MLM,two people speak bad language like two human: man - man
125,Moderate to severe damage extended up the Atlantic coastline and as far inland as West Virginia.,vocab_700.txt,none,MLM,"impact: subject, land cover leading part way down - valley, even being further down - valley."
140,"On occasion the male ""den master"" will also allow a second male into the den; the reason for this is unclear.",vocab_700.txt,none,MLM,"giving opportunity, master "" master master "" will let down second person inside inside master.; further reason: master master master."
279,"These ideally provide excellent habitat for chinkara, hog deer and blue bull.",vocab_700.txt,none,MLM,", cattle make home near game land like black, red horse, blue."
327,People with cardiomyopathy are often at risk of arrhythmia or sudden cardiac death or both.,vocab_700.txt,none,MLM,"heart - heart beat failure following complete heart failure, be found: failure. cause: failure: heart failure. people develop heart failure, subject: failure: complete heart failure. failure failure can begin phase."
346,"Gimnasia hired first famed Colombian trainer Francisco Maturana, and then Julio César Falcioni, but both had limited success.",vocab_700.txt,none,MLM,"management: john, first head writer, first writer, john, thought production, first writer."
12,"Graham attended Wheaton College from 1939 to 1943, when he graduated with a BA in anthropology.",vocab_700.txt,none,T5,"'  ( "" """
52,"This stamp remained the standard letter stamp for the remainder of Victoria's reign, and vast quantities were printed.",vocab_700.txt,none,T5,:
57,After graduation he returned to Yerevan to teach at the local Conservatory and later he was appointed artistic director of the Armenian Philarmonic Orchestra.,vocab_700.txt,none,T5,"- "" "" "" "" "" "" "" "" "" "" "" "" "" "" "" "" "" "" "" "" "" "" "" "" "" "" "" "" "" "" "" "" "" "" "" "" "" "" "" "" "" "" "" "" "" "" "" "" "" "" "" "" "" "" "" "" "" "" "" "" """
71,It continues as the Bohemian Switzerland in the Czech Republic.,vocab_700.txt,none,T5,", simple simple simple simple simple simple simple simple"
114,The characters are foul-mouthed extensions of their earlier characters Pete and Dud.,vocab_700.txt,none,T5,.
125,Moderate to severe damage extended up the Atlantic coastline and as far inland as West Virginia.,vocab_700.txt,none,T5,.
140,"On occasion the male ""den master"" will also allow a second male into the den; the reason for this is unclear.",vocab_700.txt,none,T5,""" die master "" will let an individual "" die master "" let an individual "" "" enter "" "" "" "" "" "" "" "" "" "" "" "" "" "" "" "" "" "" "" "" "" "" "" "" "" "" "" "" "" "" "" "" "" "" "" "" "" "" "" "" "" "" "" "" """
279,"These ideally provide excellent habitat for chinkara, hog deer and blue bull.",vocab_700.txt,none,T5,. (
327,People with cardiomyopathy are often at risk of arrhythmia or sudden cardiac death or both.,vocab_700.txt,none,T5,"- "" "" "" "" "" "" "" "" "" "" "" "" "" "" "" "" "" "" "" "" "" "" "" "" "" "" "" "" "" "" "" "" "" "" "" "" "" "" "" "" "" "" "" "" "" "" "" "" "" "" "" "" "" "" "" "" "" "" "" "" """
346,"Gimnasia hired first famed Colombian trainer Francisco Maturana, and then Julio César Falcioni, but both had limited success.",vocab_700.txt,none,T5,"'  ( "" "" ( "" "" "" "" "" "" "" "" "" "" "" "" "" "" "" "" "" "" "" "" "" "" "" "" "" "" "" "" "" "" "" "" "" "" "" "" "" """
12,"Graham attended Wheaton College from 1939 to 1943, when he graduated with a BA in anthropology.",vocab_700.txt,none,BYT5,""" student attack attack attack attack attack attack attack attack attack attack attack attack attack attack attack attack attac"
52,"This stamp remained the standard letter stamp for the remainder of Victoria's reign, and vast quantities were printed.",vocab_700.txt,none,BYT5,""" issue issue issue issue issue issue issue issue issue issue issue issue issue issue issue issue issue issue issue issue issue"
57,After graduation he returned to Yerevan to teach at the local Conservatory and later he was appointed artistic director of the Armenian Philarmonic Orchestra.,vocab_700.txt,none,BYT5,""" organization organization organization organizati"
71,It continues as the Bohemian Switzerland in the Czech Republic.,vocab_700.txt,none,BYT5,""" status apartment can be found inside outside outside outside outside outside outside outside outside outside outside outside"
114,The characters are foul-mouthed extensions of their earlier characters Pete and Dud.,vocab_700.txt,none,BYT5,""" top character character top character top character top character top character top character top character top character top"
125,Moderate to severe damage extended up the Atlantic coastline and as far inland as West Virginia.,vocab_700.txt,none,BYT5,""" point inside thinking outside outside outside outside outside outside outside outside outside outside out"
140,"On occasion the male ""den master"" will also allow a second male into the den; the reason for this is unclear.",vocab_700.txt,none,BYT5,""" will let inside opportunity "" will let inside outside"
279,"These ideally provide excellent habitat for chinkara, hog deer and blue bull.",vocab_700.txt,none,BYT5,""" statement statement statement statement statement statement statement statement statement statement statement statement state"
327,People with cardiomyopathy are often at risk of arrhythmia or sudden cardiac death or both.,vocab_700.txt,none,BYT5,""" order order order order order order order order order order order order order order order order order order order order order"
346,"Gimnasia hired first famed Colombian trainer Francisco Maturana, and then Julio César Falcioni, but both had limited success.",vocab_700.txt,none,BYT5,""" second second second second second second second second second second second second second second second second second second"
12,"Graham attended Wheaton College from 1939 to 1943, when he graduated with a BA in anthropology.",vocab_700.txt,none,EMB_SUB,Say include Company Train while realize include earth include faculty even include ANSWER know art
52,"This stamp remained the standard letter stamp for the remainder of Victoria's reign, and vast quantities were printed.",vocab_700.txt,none,EMB_SUB,Have interest fact include power letter interest do include rest someone PARTICULAR future include seem include interest
57,After graduation he returned to Yerevan to teach at the local Conservatory and later he was appointed artistic director of the Armenian Philarmonic Orchestra.,vocab_700.txt,none,EMB_SUB,professional future know like back include Hope include teaching include include leaving Faculty include let know include firm art production someone include Apartment Military Piece
71,It continues as the Bohemian Switzerland in the Czech Republic.,vocab_700.txt,none,EMB_SUB,Seem include still plane include include Fashion Brown know include Even Wife
114,The characters are foul-mouthed extensions of their earlier characters Pete and Dud.,vocab_700.txt,none,EMB_SUB,Include difficulty speak bad language someone have familiar difficulty liberal include say
125,Moderate to severe damage extended up the Atlantic coastline and as far inland as West Virginia.,vocab_700.txt,none,EMB_SUB,Like include liberal include cause influence ordinary include way say include Middle works include include wife circumstances include Even Read
140,"On occasion the male ""den master"" will also allow a second male into the den; the reason for this is unclear.",vocab_700.txt,none,EMB_SUB,"Even opportunity include man "" want master "" will let include second man inside someone include want include factor do have include world understand"
279,"These ideally provide excellent habitat for chinkara, hog deer and blue bull.",vocab_700.txt,none,EMB_SUB,Influence like make include necessary farm run do man home wife include blue attitude
327,People with cardiomyopathy are often at risk of arrhythmia or sudden cardiac death or both.,vocab_700.txt,none,EMB_SUB,Works include heart beat treatment include familiar road life become possibility action even knowledge. Knowledge include someone someone heart strength include manner even have spread march subject include works include familiar road life. Possibility have march say include town
346,"Gimnasia hired first famed Colombian trainer Francisco Maturana, and then Julio César Falcioni, but both had limited success.",vocab_700.txt,none,EMB_SUB,Thing buy Woman Life include Woman military include let Evil Fight Wish even understand include lot whole success
12,"Graham attended Wheaton College from 1939 to 1943, when he graduated with a BA in anthropology.",vocab_800.txt,english_stopwords,MLM,he at university level from then to university and university with a degree in.
52,"This stamp remained the standard letter stamp for the remainder of Victoria's reign, and vast quantities were printed.",vocab_800.txt,english_stopwords,MLM,"This issue was the official letter issue for the rest of his life, and both were:."
57,After graduation he returned to Yerevan to teach at the local Conservatory and later he was appointed artistic director of the Armenian Philarmonic Orchestra.,vocab_800.txt,english_stopwords,MLM,after that he was back to work to study at the national university and then he was the music teacher of the national youth Orchestra.
71,It continues as the Bohemian Switzerland in the Czech Republic.,vocab_800.txt,english_stopwords,MLM,It is still found as the only plant in the whole.
114,The characters are foul-mouthed extensions of their earlier characters Pete and Dud.,vocab_800.txt,english_stopwords,MLM,The series speak bad language of their fellow people. and.
125,Moderate to severe damage extended up the Atlantic coastline and as far inland as West Virginia.,vocab_800.txt,english_stopwords,MLM,There was close to wind power all the way up the entire coast and as long as as in.
140,"On occasion the male ""den master"" will also allow a second male into the den; the reason for this is unclear.",vocab_800.txt,english_stopwords,MLM,"On opportunity the term "" house master "" will let a second stay inside of the house; the reason for this is not."
279,"These ideally provide excellent habitat for chinkara, hog deer and blue bull.",vocab_800.txt,english_stopwords,MLM,"here, these make an ideal meeting place for both, white horse and blue."
327,People with cardiomyopathy are often at risk of arrhythmia or sudden cardiac death or both.,vocab_800.txt,english_stopwords,MLM,heart or heart beat failure and complete heart failure are both people with heart. there is loss of heart rate and people with this condition are subject to death or complete heart failure. both both conditions happen at once.
346,"Gimnasia hired first famed Colombian trainer Francisco Maturana, and then Julio César Falcioni, but both had limited success.",vocab_800.txt,english_stopwords,MLM,"they had don, a horse, and then don and don, but they were not very."
12,"Graham attended Wheaton College from 1939 to 1943, when he graduated with a BA in anthropology.",vocab_800.txt,english_stopwords,T5,. ( in the form of an article on how to make the difference in the process of making the decision to make the decision to make the decision to make the decision to make the decision to make the decision to make the decision to make the decision to make the decision to make the decision to make the decision to
52,"This stamp remained the standard letter stamp for the remainder of Victoria's reign, and vast quantities were printed.",vocab_800.txt,english_stopwords,T5,-  and it was very simple to use and simple to use in any way that you can use it in any way you want to use it in any way you want to use it in any way you want to use it in any way you want to use it in any way you want to use it in
57,After graduation he returned to Yerevan to teach at the local Conservatory and later he was appointed artistic director of the Armenian Philarmonic Orchestra.,vocab_800.txt,english_stopwords,T5,he was the first person to have been in the field of music and music at the university and then as an art teacher of the arm and the arm and the arm and the arm and the arm and the arm and the arm and the arm and the arm and the arm and the arm and the arm and the
71,It continues as the Bohemian Switzerland in the Czech Republic.,vocab_800.txt,english_stopwords,T5,", simple simple simple simple simple simple simple simple simple simple simple simple simple simple simple simple simple simple simple simple simple simple simple simple simple simple simple simple simple simple simple simple simple simple simple simple simple simple simple simple simple simple simple simple simple simple simple simple simple simple simple simple simple simple simple simple simple simple simple simple simple"
114,The characters are foul-mouthed extensions of their earlier characters Pete and Dud.,vocab_800.txt,english_stopwords,T5,.
125,Moderate to severe damage extended up the Atlantic coastline and as far inland as West Virginia.,vocab_800.txt,english_stopwords,T5,: simple so so so simple so so that it was very simple to make it clear that there were very few and very few of them in the area and there were very few of them in the front of the coast and in the front of the coast and in the area as the coast was down down to the
140,"On occasion the male ""den master"" will also allow a second male into the den; the reason for this is unclear.",vocab_800.txt,english_stopwords,T5,""" die master "" will let the second man inside of the die master "" on occasion will let the second man inside of the die and the base for this is not clear enough for this to be the point of view of the master of the master of the master of the master of the master of the master of the"
279,"These ideally provide excellent habitat for chinkara, hog deer and blue bull.",vocab_800.txt,english_stopwords,T5,:  ideal to make them the ideal base for both the black and white and the black and white black and white black and white black and white black and white black and white black and white black and white black and white black and white black and white black and white black and white black and white black and white
327,People with cardiomyopathy are often at risk of arrhythmia or sudden cardiac death or both.,vocab_800.txt,english_stopwords,T5,a person with heart beat or heart beat condition can be subject to heart beat or heart beat condition with heart beat and heart beat condition with heart condition and heart condition are of particular importance to the heart and heart condition of the person with heart beat condition with heart beat and heart beat condition are of particular importance to the
346,"Gimnasia hired first famed Colombian trainer Francisco Maturana, and then Julio César Falcioni, but both had limited success.",vocab_800.txt,english_stopwords,T5,'  and the rest of the staff were very professional and they were very good at the end of the year and they were not very good at the end of the year and they were not very good at the end of the year at the end of the year and they were very good at the end of the
12,"Graham attended Wheaton College from 1939 to 1943, when he graduated with a BA in anthropology.",vocab_800.txt,english_stopwords,BYT5,""" student in the student in the student in the student in the student in the student in the student in the student in the study"
52,"This stamp remained the standard letter stamp for the remainder of Victoria's reign, and vast quantities were printed.",vocab_800.txt,english_stopwords,BYT5,""" order was to be property order was to be property order was to be property order was to be property order was to be property"
57,After graduation he returned to Yerevan to teach at the local Conservatory and later he was appointed artistic director of the Armenian Philarmonic Orchestra.,vocab_800.txt,english_stopwords,BYT5,""" orchestra orchestra orchestra orchestra orchestra orchestra orchestra orchestra orchestra orchestra orchestra orchestra orche"
71,It continues as the Bohemian Switzerland in the Czech Republic.,vocab_800.txt,english_stopwords,BYT5,""" system of this system is not of this system of this system of this system of this system is not of this system of this system"
114,The characters are foul-mouthed extensions of their earlier characters Pete and Dud.,vocab_800.txt,english_stopwords,BYT5,""" that the character speak bad language of that the character speak bad language of that the character speak bad language of th"
125,Moderate to severe damage extended up the Atlantic coastline and as far inland as West Virginia.,vocab_800.txt,english_stopwords,BYT5,""" point of view of this point to view of this point of this point of this point of this point of this point of this point of th"
140,"On occasion the male ""den master"" will also allow a second male into the den; the reason for this is unclear.",vocab_800.txt,english_stopwords,BYT5,""" will let a second on opportunity the master "" will let a second on opportunity the master "" will let a second on opportunity"
279,"These ideally provide excellent habitat for chinkara, hog deer and blue bull.",vocab_800.txt,english_stopwords,BYT5,""" has been saying that these has been saying that these has been saying that these has been saying that these has been saying t"
327,People with cardiomyopathy are often at risk of arrhythmia or sudden cardiac death or both.,vocab_800.txt,english_stopwords,BYT5,""" or subject or subject or subject or subject or subject or subject or subject or subject or subject or subject or subject or s"
346,"Gimnasia hired first famed Colombian trainer Francisco Maturana, and then Julio César Falcioni, but both had limited success.",vocab_800.txt,english_stopwords,BYT5,""" had been at that time at that time at that time at that time at that time at that time at that time at that time at that time"
12,"Graham attended Wheaton College from 1939 to 1943, when he graduated with a BA in anthropology.",vocab_800.txt,english_stopwords,EMB_SUB,Join include Company Train from realize to grow and faculty with a ANSWER in art
52,"This stamp remained the standard letter stamp for the remainder of Victoria's reign, and vast quantities were printed.",vocab_800.txt,english_stopwords,EMB_SUB,This interest fact the power letter interest for the rest of PARTICULAR future and seem were interest
57,After graduation he returned to Yerevan to teach at the local Conservatory and later he was appointed artistic director of the Armenian Philarmonic Orchestra.,vocab_800.txt,english_stopwords,EMB_SUB,professional future he like back to Hope to teaching at the leaving Faculty and then he was firm culture production of the Apartment Military Orchestra.
71,It continues as the Bohemian Switzerland in the Czech Republic.,vocab_800.txt,english_stopwords,EMB_SUB,It is still plane as the Fashion Brown in the Even Travel
114,The characters are foul-mouthed extensions of their earlier characters Pete and Dud.,vocab_800.txt,english_stopwords,EMB_SUB,The difficulty speak bad language of their familiar difficulty liberal and say
125,Moderate to severe damage extended up the Atlantic coastline and as far inland as West Virginia.,vocab_800.txt,english_stopwords,EMB_SUB,There was liberal to acting influence all the way up the Middle dream and as wife circumstances as Even Read
140,"On occasion the male ""den master"" will also allow a second male into the den; the reason for this is unclear.",vocab_800.txt,english_stopwords,EMB_SUB,"On opportunity the man "" want master "" will let a second man inside of the want the factor for this is imagine explain"
279,"These ideally provide excellent habitat for chinkara, hog deer and blue bull.",vocab_800.txt,english_stopwords,EMB_SUB,Kill these make an necessary farm run for man home snow and blue leg
327,People with cardiomyopathy are often at risk of arrhythmia or sudden cardiac death or both.,vocab_800.txt,english_stopwords,EMB_SUB,Works or heart beat sleep and rising kid life are possibility action with knowledge. Knowledge is someone of heart strength and manner with this spread march subject to works or rising kid life. Possibility both march happen at once.
346,"Gimnasia hired first famed Colombian trainer Francisco Maturana, and then Julio César Falcioni, but both had limited success.",vocab_800.txt,english_stopwords,EMB_SUB,Thing buy Woman Life a Woman military and then Evil Kill Wish but they were not very success
12,"Graham attended Wheaton College from 1939 to 1943, when he graduated with a BA in anthropology.",vocab_800.txt,none,MLM,"brown read university press, back, university, university getting degree degree teaching."
52,"This stamp remained the standard letter stamp for the remainder of Victoria's reign, and vast quantities were printed.",vocab_800.txt,none,MLM,"paper money become official official letter money over over rest period long period, while paper money."
57,After graduation he returned to Yerevan to teach at the local Conservatory and later he was appointed artistic director of the Armenian Philarmonic Orchestra.,vocab_800.txt,none,MLM,"following independence, going back outside life, teaching, teaching music, even while, being chief music teacher, leading national youth Orchestra."
71,It continues as the Bohemian Switzerland in the Czech Republic.,vocab_800.txt,none,MLM,march - still playing outside upper level league outside - country.
114,The characters are foul-mouthed extensions of their earlier characters Pete and Dud.,vocab_800.txt,none,MLM,two people speak bad language like two human: man - man
125,Moderate to severe damage extended up the Atlantic coastline and as far inland as West Virginia.,vocab_800.txt,none,MLM,"impact: subject, wind speed lead part way down over entire state, even further down over entire state."
140,"On occasion the male ""den master"" will also allow a second male into the den; the reason for this is unclear.",vocab_800.txt,none,MLM,"giving opportunity, master "" master master "" will let down second person inside inside master.; further reason: master master master."
279,"These ideally provide excellent habitat for chinkara, hog deer and blue bull.",vocab_800.txt,none,MLM,", cattle make home near game land like black, red horse, blue."
327,People with cardiomyopathy are often at risk of arrhythmia or sudden cardiac death or both.,vocab_800.txt,none,MLM,"heart - heart beat failure following complete heart failure, be found: failure. cause: failure: heart failure. people develop heart failure, subject: failure: complete heart failure. failure failure can happen even."
346,"Gimnasia hired first famed Colombian trainer Francisco Maturana, and then Julio César Falcioni, but both had limited success.",vocab_800.txt,none,MLM,"management: john, first head writer, first writer, john, thought production, first writer."
12,"Graham attended Wheaton College from 1939 to 1943, when he graduated with a BA in anthropology.",vocab_800.txt,none,T5,"'  ( "" """
52,"This stamp remained the standard letter stamp for the remainder of Victoria's reign, and vast quantities were printed.",vocab_800.txt,none,T5,:
57,After graduation he returned to Yerevan to teach at the local Conservatory and later he was appointed artistic director of the Armenian Philarmonic Orchestra.,vocab_800.txt,none,T5,"- "" "" "" "" "" "" "" "" "" "" "" "" "" "" "" "" "" "" "" "" "" "" "" "" "" "" "" "" "" "" "" "" "" "" "" "" "" "" "" "" "" "" "" "" "" "" "" "" "" "" "" "" "" "" "" "" "" "" "" "" """
71,It continues as the Bohemian Switzerland in the Czech Republic.,vocab_800.txt,none,T5,", simple simple simple simple simple simple simple simple"
114,The characters are foul-mouthed extensions of their earlier characters Pete and Dud.,vocab_800.txt,none,T5,.
125,Moderate to severe damage extended up the Atlantic coastline and as far inland as West Virginia.,vocab_800.txt,none,T5,.
140,"On occasion the male ""den master"" will also allow a second male into the den; the reason for this is unclear.",vocab_800.txt,none,T5,""" die master "" will let an individual "" die master "" let an individual "" "" enter "" "" "" "" "" "" "" "" "" "" "" "" "" "" "" "" "" "" "" "" "" "" "" "" "" "" "" "" "" "" "" "" "" "" "" "" "" "" "" "" "" "" "" "" """
279,"These ideally provide excellent habitat for chinkara, hog deer and blue bull.",vocab_800.txt,none,T5,:  ideal conditions make an ideal feed area ( ideal conditions conditions can be found near an open source location like an open source train station near town town center near town town center area ( near station station station station station station station station station station station station station station station station station station station station station station station station
327,People with cardiomyopathy are often at risk of arrhythmia or sudden cardiac death or both.,vocab_800.txt,none,T5,"- "" "" "" "" "" "" "" "" "" "" "" "" "" "" "" "" "" "" "" "" "" "" "" "" "" "" "" "" "" "" "" "" "" "" "" "" "" "" "" "" "" "" "" "" "" "" "" "" "" "" "" "" "" "" "" "" "" "" "" "" """
346,"Gimnasia hired first famed Colombian trainer Francisco Maturana, and then Julio César Falcioni, but both had limited success.",vocab_800.txt,none,T5,"'  ( "" "" ( "" "" "" "" "" "" "" "" "" "" "" "" "" "" "" "" "" "" "" "" "" "" "" "" "" "" "" "" "" "" "" "" "" "" "" "" "" """
12,"Graham attended Wheaton College from 1939 to 1943, when he graduated with a BA in anthropology.",vocab_800.txt,none,BYT5,""" student attack attack attack attack attack attack attack attack attack attack attack attack attack attack attack attack attac"
52,"This stamp remained the standard letter stamp for the remainder of Victoria's reign, and vast quantities were printed.",vocab_800.txt,none,BYT5,""" issue issue issue issue issue issue issue issue issue issue issue issue issue issue issue issue issue issue issue issue issue"
57,After graduation he returned to Yerevan to teach at the local Conservatory and later he was appointed artistic director of the Armenian Philarmonic Orchestra.,vocab_800.txt,none,BYT5,""" orchestra orchestra orchestra orchestra orchestra orchestra orchestra orchestra"
71,It continues as the Bohemian Switzerland in the Czech Republic.,vocab_800.txt,none,BYT5,""" status apartment can be found inside outside outside outside outside outside outside outside outside outside outside outside"
114,The characters are foul-mouthed extensions of their earlier characters Pete and Dud.,vocab_800.txt,none,BYT5,""" top character character top character top character top character top character top character top character top character top"
125,Moderate to severe damage extended up the Atlantic coastline and as far inland as West Virginia.,vocab_800.txt,none,BYT5,""" point inside thinking outside outside outside outside outside outside outside outside outside outside out"
140,"On occasion the male ""den master"" will also allow a second male into the den; the reason for this is unclear.",vocab_800.txt,none,BYT5,""" will let inside opportunity "" will let inside outside"
279,"These ideally provide excellent habitat for chinkara, hog deer and blue bull.",vocab_800.txt,none,BYT5,""" statement statement statement statement statement statement statement statement statement statement statement statement state"
327,People with cardiomyopathy are often at risk of arrhythmia or sudden cardiac death or both.,vocab_800.txt,none,BYT5,""" order order order order order order order order order order order order order order order order order order order order order"
346,"Gimnasia hired first famed Colombian trainer Francisco Maturana, and then Julio César Falcioni, but both had limited success.",vocab_800.txt,none,BYT5,""" second second second second second second second second second second second second second second second second second second"
12,"Graham attended Wheaton College from 1939 to 1943, when he graduated with a BA in anthropology.",vocab_800.txt,none,EMB_SUB,Join include Company Train while realize include grow include faculty even include ANSWER know art
52,"This stamp remained the standard letter stamp for the remainder of Victoria's reign, and vast quantities were printed.",vocab_800.txt,none,EMB_SUB,Have interest fact include power letter interest do include rest someone PARTICULAR future include seem include interest
57,After graduation he returned to Yerevan to teach at the local Conservatory and later he was appointed artistic director of the Armenian Philarmonic Orchestra.,vocab_800.txt,none,EMB_SUB,professional future know like back include Hope include teaching include include leaving Faculty include let know include firm culture production someone include Apartment Military Orchestra.
71,It continues as the Bohemian Switzerland in the Czech Republic.,vocab_800.txt,none,EMB_SUB,Seem include still plane include include Fashion Brown know include Even Travel
114,The characters are foul-mouthed extensions of their earlier characters Pete and Dud.,vocab_800.txt,none,EMB_SUB,Include difficulty speak bad language someone have familiar difficulty liberal include say
125,Moderate to severe damage extended up the Atlantic coastline and as far inland as West Virginia.,vocab_800.txt,none,EMB_SUB,Like include liberal include acting influence ordinary include way say include Middle dream include include wife circumstances include Even Read
140,"On occasion the male ""den master"" will also allow a second male into the den; the reason for this is unclear.",vocab_800.txt,none,EMB_SUB,"Even opportunity include man "" want master "" will let include second man inside someone include want include factor do have include imagine explain"
279,"These ideally provide excellent habitat for chinkara, hog deer and blue bull.",vocab_800.txt,none,EMB_SUB,Kill like make include necessary farm run do man home snow include blue leg
327,People with cardiomyopathy are often at risk of arrhythmia or sudden cardiac death or both.,vocab_800.txt,none,EMB_SUB,Works include heart beat sleep include rising kid life become possibility action even knowledge. Knowledge include someone someone heart strength include manner even have spread march subject include works include rising kid life. Possibility have march happen include kill
346,"Gimnasia hired first famed Colombian trainer Francisco Maturana, and then Julio César Falcioni, but both had limited success.",vocab_800.txt,none,EMB_SUB,Thing buy Woman Life include Woman military include let Evil Kill Wish even understand include lot whole success
12,"Graham attended Wheaton College from 1939 to 1943, when he graduated with a BA in anthropology.",vocab_900.txt,english_stopwords,MLM,he attend university there from then to university and university with a degree in.
52,"This stamp remained the standard letter stamp for the remainder of Victoria's reign, and vast quantities were printed.",vocab_900.txt,english_stopwords,MLM,"This issue was the official letter issue for the rest of his life, and both were:."
57,After graduation he returned to Yerevan to teach at the local Conservatory and later he was appointed artistic director of the Armenian Philarmonic Orchestra.,vocab_900.txt,english_stopwords,MLM,after that he was back to work to study at the national university and then he was the music teacher of the national youth Orchestra.
71,It continues as the Bohemian Switzerland in the Czech Republic.,vocab_900.txt,english_stopwords,MLM,It is still found as the only plant in the whole.
114,The characters are foul-mouthed extensions of their earlier characters Pete and Dud.,vocab_900.txt,english_stopwords,MLM,The series speak bad language of their fellow people. and.
125,Moderate to severe damage extended up the Atlantic coastline and as far inland as West Virginia.,vocab_900.txt,english_stopwords,MLM,There was close to wind power all the way up the entire coast and as long as as in.
140,"On occasion the male ""den master"" will also allow a second male into the den; the reason for this is unclear.",vocab_900.txt,english_stopwords,MLM,"On opportunity the term "" house master "" will let a second stay inside of the house; the reason for this is not."
279,"These ideally provide excellent habitat for chinkara, hog deer and blue bull.",vocab_900.txt,english_stopwords,MLM,"here, these make an ideal meeting spot for both, red horse and blue."
327,People with cardiomyopathy are often at risk of arrhythmia or sudden cardiac death or both.,vocab_900.txt,english_stopwords,MLM,heart or heart beat failure and complete heart failure are both people with disease. there is loss of heart rate and people with this disease are subject to death or complete heart failure. these both can happen at once.
346,"Gimnasia hired first famed Colombian trainer Francisco Maturana, and then Julio César Falcioni, but both had limited success.",vocab_900.txt,english_stopwords,MLM,"they had don, a horse, and then don and don, but they were not very."
12,"Graham attended Wheaton College from 1939 to 1943, when he graduated with a BA in anthropology.",vocab_900.txt,english_stopwords,T5,. ( in the form of an article on how to make the difference in the process of making the decision to make the decision to make the decision to make the decision to make the decision to make the decision to make the decision to make the decision to make the decision to make the decision to make the decision to
52,"This stamp remained the standard letter stamp for the remainder of Victoria's reign, and vast quantities were printed.",vocab_900.txt,english_stopwords,T5,-  and it was very simple to use and simple to use in any way that you can use it in any way you want to use it in any way you want to use it in any way you want to use it in any way you want to use it in any way you want to use it in
57,After graduation he returned to Yerevan to teach at the local Conservatory and later he was appointed artistic director of the Armenian Philarmonic Orchestra.,vocab_900.txt,english_stopwords,T5,he was the first person to have been in the field of music and music at the university and then as the artist of the arm to be in the orchestra of his own arm to be the artist of his own music and music program in his own words and words  in his own words and words in his words
71,It continues as the Bohemian Switzerland in the Czech Republic.,vocab_900.txt,english_stopwords,T5,", simple simple simple simple simple simple simple simple simple simple simple simple simple simple simple simple simple simple simple simple simple simple simple simple simple simple simple simple simple simple simple simple simple simple simple simple simple simple simple simple simple simple simple simple simple simple simple simple simple simple simple simple simple simple simple simple simple simple simple simple simple"
114,The characters are foul-mouthed extensions of their earlier characters Pete and Dud.,vocab_900.txt,english_stopwords,T5,.
125,Moderate to severe damage extended up the Atlantic coastline and as far inland as West Virginia.,vocab_900.txt,english_stopwords,T5,: simple so so so simple so so that it was very simple to make it clear that there were very few and very few of them in the area and there were very few of them in the front of the coast and in the front of the coast and in the area as the coast was down down to the
140,"On occasion the male ""den master"" will also allow a second male into the den; the reason for this is unclear.",vocab_900.txt,english_stopwords,T5,""" die master "" will let the second man inside of the die master "" on occasion will let the second man inside of the die and the base for this is not clear enough for this to be the point of view of the master of the master of the master of the master of the master of the master of the"
279,"These ideally provide excellent habitat for chinkara, hog deer and blue bull.",vocab_900.txt,english_stopwords,T5,:  ideal to make them the ideal base for both the black and white and the black and white black and white black and white black and white black and white black and white black and white black and white black and white black and white black and white black and white black and white black and white black and white
327,People with cardiomyopathy are often at risk of arrhythmia or sudden cardiac death or both.,vocab_900.txt,english_stopwords,T5,a person with this disease can be subject to heart beat or heart beat disease and heart condition are of particular importance to the heart and heart condition of the disease is the cause of heart disease and people with this disease can be subject to heart beat or heart beat condition and heart beat condition in the heart and heart
346,"Gimnasia hired first famed Colombian trainer Francisco Maturana, and then Julio César Falcioni, but both had limited success.",vocab_900.txt,english_stopwords,T5,'  and the rest of the staff were very professional and they were very good at the end of the year and they were not very good at the end of the year and they were not very good at the end of the year at the end of the year and they were very good at the end of the
12,"Graham attended Wheaton College from 1939 to 1943, when he graduated with a BA in anthropology.",vocab_900.txt,english_stopwords,BYT5,""" student in the student in the student in the student in the student in the student in the student in the student in the study"
52,"This stamp remained the standard letter stamp for the remainder of Victoria's reign, and vast quantities were printed.",vocab_900.txt,english_stopwords,BYT5,""" order was to be property order was to be property order was to be property order was to be property order was to be property"
57,After graduation he returned to Yerevan to teach at the local Conservatory and later he was appointed artistic director of the Armenian Philarmonic Orchestra.,vocab_900.txt,english_stopwords,BYT5,""" orchestra orchestra orchestra orchestra orchestra orchestra orchestra orchestra orchestra orchestra orchestra orchestra orche"
71,It continues as the Bohemian Switzerland in the Czech Republic.,vocab_900.txt,english_stopwords,BYT5,""" system of this system is not of this system of this system of this system of this system is not of this system of this system"
114,The characters are foul-mouthed extensions of their earlier characters Pete and Dud.,vocab_900.txt,english_stopwords,BYT5,""" that the character speak bad language of that the character speak bad language of that the character speak bad language of th"
125,Moderate to severe damage extended up the Atlantic coastline and as far inland as West Virginia.,vocab_900.txt,english_stopwords,BYT5,""" point of view of this point to view of this point of this point of this point of this point of this point of this point of th"
140,"On occasion the male ""den master"" will also allow a second male into the den; the reason for this is unclear.",vocab_900.txt,english_stopwords,BYT5,""" will let a second on opportunity the master "" will let a second on opportunity the master "" will let a second on opportunity"
279,"These ideally provide excellent habitat for chinkara, hog deer and blue bull.",vocab_900.txt,english_stopwords,BYT5,""" has been saying that these are saying that these are saying that these are saying that these are saying that these are saying"
327,People with cardiomyopathy are often at risk of arrhythmia or sudden cardiac death or both.,vocab_900.txt,english_stopwords,BYT5,""" or subject or subject or subject or subject or subject or subject or subject or subject or subject or subject or subject or s"
346,"Gimnasia hired first famed Colombian trainer Francisco Maturana, and then Julio César Falcioni, but both had limited success.",vocab_900.txt,english_stopwords,BYT5,""" had been at that time at that time at that time at that time at that time at that time at that time at that time at that time"
12,"Graham attended Wheaton College from 1939 to 1943, when he graduated with a BA in anthropology.",vocab_900.txt,english_stopwords,EMB_SUB,Join include Company Train from realize to grow and faculty with a ANSWER in art
52,"This stamp remained the standard letter stamp for the remainder of Victoria's reign, and vast quantities were printed.",vocab_900.txt,english_stopwords,EMB_SUB,This interest fact the power letter interest for the rest of PARTICULAR future and seem were interest
57,After graduation he returned to Yerevan to teach at the local Conservatory and later he was appointed artistic director of the Armenian Philarmonic Orchestra.,vocab_900.txt,english_stopwords,EMB_SUB,professional future he like back to Hope to teaching at the leaving Faculty and then he was firm artist production of the Apartment Military Orchestra.
71,It continues as the Bohemian Switzerland in the Czech Republic.,vocab_900.txt,english_stopwords,EMB_SUB,It is still plane as the Achieve Brown in the Forget Travel
114,The characters are foul-mouthed extensions of their earlier characters Pete and Dud.,vocab_900.txt,english_stopwords,EMB_SUB,The colors speak bad language of their familiar colors liberal and say
125,Moderate to severe damage extended up the Atlantic coastline and as far inland as West Virginia.,vocab_900.txt,english_stopwords,EMB_SUB,There was liberal to acting influence all the way up the Middle dream and as wife circumstances as Even Read
140,"On occasion the male ""den master"" will also allow a second male into the den; the reason for this is unclear.",vocab_900.txt,english_stopwords,EMB_SUB,"On opportunity the man "" want master "" will let a second man inside of the want the factor for this is colors explain"
279,"These ideally provide excellent habitat for chinkara, hog deer and blue bull.",vocab_900.txt,english_stopwords,EMB_SUB,Colors these make an necessary farm spot for man home snow and blue leg
327,People with cardiomyopathy are often at risk of arrhythmia or sudden cardiac death or both.,vocab_900.txt,english_stopwords,EMB_SUB,Works or heart beat sleep and silence kid life are possibility action with knowledge. Knowledge is someone of heart strength and manner with this disease march subject to works or silence kid life. Possibility both march happen at once.
346,"Gimnasia hired first famed Colombian trainer Francisco Maturana, and then Julio César Falcioni, but both had limited success.",vocab_900.txt,english_stopwords,EMB_SUB,Thing buy Flesh Life a Woman seat and then Evil Create Wish but they were not very success
12,"Graham attended Wheaton College from 1939 to 1943, when he graduated with a BA in anthropology.",vocab_900.txt,none,MLM,"brown attend university school, going down school, beginning getting double credit teaching."
52,"This stamp remained the standard letter stamp for the remainder of Victoria's reign, and vast quantities were printed.",vocab_900.txt,none,MLM,"yellow paper become official official letter type over entire rest following long history, while paper remain."
57,After graduation he returned to Yerevan to teach at the local Conservatory and later he was appointed artistic director of the Armenian Philarmonic Orchestra.,vocab_900.txt,none,MLM,"following independence, going back outside life, teaching, teaching music, even while, being chief music teacher, leading national youth Orchestra."
71,It continues as the Bohemian Switzerland in the Czech Republic.,vocab_900.txt,none,MLM,march - still playing outside upper level league outside - country.
114,The characters are foul-mouthed extensions of their earlier characters Pete and Dud.,vocab_900.txt,none,MLM,two people speak bad language like two human: man - man
125,Moderate to severe damage extended up the Atlantic coastline and as far inland as West Virginia.,vocab_900.txt,none,MLM,"impact: subject, wind speed lead part way down over entire state, even further down over entire state."
140,"On occasion the male ""den master"" will also allow a second male into the den; the reason for this is unclear.",vocab_900.txt,none,MLM,"giving opportunity, master "" master master "" will let choose second person inside enter master.; further reason: master master master."
279,"These ideally provide excellent habitat for chinkara, hog deer and blue bull.",vocab_900.txt,none,MLM,", cattle make home near game land like black, red horse, blue."
327,People with cardiomyopathy are often at risk of arrhythmia or sudden cardiac death or both.,vocab_900.txt,none,MLM,"heart - heart beat failure following complete heart failure, be found: disease. cause: failure: heart failure. people develop heart disease, subject: failure: complete heart failure. failure failure can happen even."
346,"Gimnasia hired first famed Colombian trainer Francisco Maturana, and then Julio César Falcioni, but both had limited success.",vocab_900.txt,none,MLM,"management: john, first head writer, first writer, john, thought production, prove - production."
12,"Graham attended Wheaton College from 1939 to 1943, when he graduated with a BA in anthropology.",vocab_900.txt,none,T5,"'  ( "" """
52,"This stamp remained the standard letter stamp for the remainder of Victoria's reign, and vast quantities were printed.",vocab_900.txt,none,T5,:
57,After graduation he returned to Yerevan to teach at the local Conservatory and later he was appointed artistic director of the Armenian Philarmonic Orchestra.,vocab_900.txt,none,T5,"- "" "" "" "" "" "" "" "" "" "" "" "" "" "" "" "" "" "" "" "" "" "" "" "" "" "" "" "" "" "" "" "" "" "" "" "" "" "" "" "" "" "" "" "" "" "" "" "" "" "" "" "" "" "" "" "" "" "" "" "" """
71,It continues as the Bohemian Switzerland in the Czech Republic.,vocab_900.txt,none,T5,", simple simple simple simple simple simple simple simple"
114,The characters are foul-mouthed extensions of their earlier characters Pete and Dud.,vocab_900.txt,none,T5,.
125,Moderate to severe damage extended up the Atlantic coastline and as far inland as West Virginia.,vocab_900.txt,none,T5,.
140,"On occasion the male ""den master"" will also allow a second male into the den; the reason for this is unclear.",vocab_900.txt,none,T5,""" die master "" will let an individual "" die master "" let an individual "" "" enter "" "" "" "" "" "" "" "" "" "" "" "" "" "" "" "" "" "" "" "" "" "" "" "" "" "" "" "" "" "" "" "" "" "" "" "" "" "" "" "" "" "" "" "" """
279,"These ideally provide excellent habitat for chinkara, hog deer and blue bull.",vocab_900.txt,none,T5,:  ideal conditions make ideal soil conditions ideal conditions ideal conditions conditions conditions conditions conditions conditions conditions conditions conditions conditions conditions conditions conditions conditions conditions conditions conditions
327,People with cardiomyopathy are often at risk of arrhythmia or sudden cardiac death or both.,vocab_900.txt,none,T5,"- "" "" "" "" "" "" "" "" "" "" "" "" "" "" "" "" "" "" "" "" "" "" "" "" "" "" "" "" "" "" "" "" "" "" "" "" "" "" "" "" "" "" "" "" "" "" "" "" "" "" "" "" "" "" "" "" "" "" "" "" """
346,"Gimnasia hired first famed Colombian trainer Francisco Maturana, and then Julio César Falcioni, but both had limited success.",vocab_900.txt,none,T5,"'  ( "" "" ( "" "" "" "" "" "" "" "" "" "" "" "" "" "" "" "" "" "" "" "" "" "" "" "" "" "" "" "" "" "" "" "" "" "" "" "" "" """
12,"Graham attended Wheaton College from 1939 to 1943, when he graduated with a BA in anthropology.",vocab_900.txt,none,BYT5,""" student attack attack attack attack attack attack attack attack attack attack attack attack attack attack attack attack attac"
52,"This stamp remained the standard letter stamp for the remainder of Victoria's reign, and vast quantities were printed.",vocab_900.txt,none,BYT5,""" issue issue issue issue issue issue issue issue issue issue issue issue issue issue issue issue issue issue issue issue issue"
57,After graduation he returned to Yerevan to teach at the local Conservatory and later he was appointed artistic director of the Armenian Philarmonic Orchestra.,vocab_900.txt,none,BYT5,""" orchestra orchestra orchestra orchestra orchestra orchestra orchestra orchestra"
71,It continues as the Bohemian Switzerland in the Czech Republic.,vocab_900.txt,none,BYT5,""" status apartment can be found inside outside outside outside outside outside outside outside outside outside outside outside"
114,The characters are foul-mouthed extensions of their earlier characters Pete and Dud.,vocab_900.txt,none,BYT5,""" top character character top character top character top character top character top character top character top character top"
125,Moderate to severe damage extended up the Atlantic coastline and as far inland as West Virginia.,vocab_900.txt,none,BYT5,""" point inside thinking outside outside outside outside outside outside outside outside outside outside out"
140,"On occasion the male ""den master"" will also allow a second male into the den; the reason for this is unclear.",vocab_900.txt,none,BYT5,""" will let inside opportunity will let inside opportunity will let inside opportunity"
279,"These ideally provide excellent habitat for chinkara, hog deer and blue bull.",vocab_900.txt,none,BYT5,""" statement statement statement statement statement statement statement statement statement statement statement statement state"
327,People with cardiomyopathy are often at risk of arrhythmia or sudden cardiac death or both.,vocab_900.txt,none,BYT5,""" order order order order order order order order order order order order order order order order order order order order order"
346,"Gimnasia hired first famed Colombian trainer Francisco Maturana, and then Julio César Falcioni, but both had limited success.",vocab_900.txt,none,BYT5,""" second second second second second second second second second second second second second second second second second second"
12,"Graham attended Wheaton College from 1939 to 1943, when he graduated with a BA in anthropology.",vocab_900.txt,none,EMB_SUB,Join include Company Train while realize include grow include faculty even include ANSWER know art
52,"This stamp remained the standard letter stamp for the remainder of Victoria's reign, and vast quantities were printed.",vocab_900.txt,none,EMB_SUB,Have interest fact include power letter interest do include rest someone PARTICULAR future include seem include interest
57,After graduation he returned to Yerevan to teach at the local Conservatory and later he was appointed artistic director of the Armenian Philarmonic Orchestra.,vocab_900.txt,none,EMB_SUB,professional future know like back include Hope include teaching include include leaving Faculty include let know include firm artist production someone include Apartment Military Orchestra.
71,It continues as the Bohemian Switzerland in the Czech Republic.,vocab_900.txt,none,EMB_SUB,Seem include still plane include include Achieve Brown know include Forget Travel
114,The characters are foul-mouthed extensions of their earlier characters Pete and Dud.,vocab_900.txt,none,EMB_SUB,Include colors speak bad language someone have familiar colors liberal include say
125,Moderate to severe damage extended up the Atlantic coastline and as far inland as West Virginia.,vocab_900.txt,none,EMB_SUB,Like include liberal include acting influence ordinary include way say include Middle dream include include wife circumstances include Even Read
140,"On occasion the male ""den master"" will also allow a second male into the den; the reason for this is unclear.",vocab_900.txt,none,EMB_SUB,"Even opportunity include man "" want master "" will let include second man inside someone include want include factor do have include colors explain"
279,"These ideally provide excellent habitat for chinkara, hog deer and blue bull.",vocab_900.txt,none,EMB_SUB,Colors like make include necessary farm spot do man home snow include blue leg
327,People with cardiomyopathy are often at risk of arrhythmia or sudden cardiac death or both.,vocab_900.txt,none,EMB_SUB,Works include heart beat sleep include silence kid life become possibility action even knowledge. Knowledge include someone someone heart strength include manner even have disease march subject include works include silence kid life. Possibility have march happen include kill
346,"Gimnasia hired first famed Colombian trainer Francisco Maturana, and then Julio César Falcioni, but both had limited success.",vocab_900.txt,none,EMB_SUB,Thing buy Flesh Life include Woman seat include let Evil Create Wish even understand include lot whole success
12,"Graham attended Wheaton College from 1939 to 1943, when he graduated with a BA in anthropology.",vocab_1000.txt,english_stopwords,MLM,he attend university there from then to university and university with a degree in engineering.
52,"This stamp remained the standard letter stamp for the remainder of Victoria's reign, and vast quantities were printed.",vocab_1000.txt,english_stopwords,MLM,"This issue was the official letter issue for the rest of his life, and both were:."
57,After graduation he returned to Yerevan to teach at the local Conservatory and later he was appointed artistic director of the Armenian Philarmonic Orchestra.,vocab_1000.txt,english_stopwords,MLM,after that he was back to work to study at the national university and then he was the music teacher of the national youth Orchestra.
71,It continues as the Bohemian Switzerland in the Czech Republic.,vocab_1000.txt,english_stopwords,MLM,It is still found as the only plant in the whole.
114,The characters are foul-mouthed extensions of their earlier characters Pete and Dud.,vocab_1000.txt,english_stopwords,MLM,"The pair speak bad language of their fellow pair, and:"
125,Moderate to severe damage extended up the Atlantic coastline and as far inland as West Virginia.,vocab_1000.txt,english_stopwords,MLM,There was close to wind power all the way up the entire coast and as long as as in.
140,"On occasion the male ""den master"" will also allow a second male into the den; the reason for this is unclear.",vocab_1000.txt,english_stopwords,MLM,"On opportunity the female "" female master "" will let a second pass inside of the house; the reason for this is not."
279,"These ideally provide excellent habitat for chinkara, hog deer and blue bull.",vocab_1000.txt,english_stopwords,MLM,"here, these make an ideal shooting spot for both, red horse and blue."
327,People with cardiomyopathy are often at risk of arrhythmia or sudden cardiac death or both.,vocab_1000.txt,english_stopwords,MLM,heart or heart beat failure and complete heart failure are both people with disease. there is weakness of heart failure and people with this disease are subject to death or complete heart failure. these both can happen at once.
346,"Gimnasia hired first famed Colombian trainer Francisco Maturana, and then Julio César Falcioni, but both had limited success.",vocab_1000.txt,english_stopwords,MLM,"they had don, a horse, and then don and don, but they were not very."
12,"Graham attended Wheaton College from 1939 to 1943, when he graduated with a BA in anthropology.",vocab_1000.txt,english_stopwords,T5,. ( in the form of an article on how to make the difference in the process of making the decision to make the decision to make the decision to make the decision to make the decision to make the decision to make the decision to make the decision to make the decision to make the decision to make the decision to
52,"This stamp remained the standard letter stamp for the remainder of Victoria's reign, and vast quantities were printed.",vocab_1000.txt,english_stopwords,T5,-  and it was very simple to use and simple to use in any way that you can use it in any way you want to use it in any way you want to use it in any way you want to use it in any way you want to use it in any way you want to use it in
57,After graduation he returned to Yerevan to teach at the local Conservatory and later he was appointed artistic director of the Armenian Philarmonic Orchestra.,vocab_1000.txt,english_stopwords,T5,he was the first person to have been in the field of music and music at the university and then as the artist of the arm to be in the orchestra of his own arm to be the artist of his own music and music program in his own right in the world of music and music in the world of music
71,It continues as the Bohemian Switzerland in the Czech Republic.,vocab_1000.txt,english_stopwords,T5,", simple simple simple simple simple simple simple simple simple simple simple simple simple simple simple simple simple simple simple simple simple simple simple simple simple simple simple simple simple simple simple simple simple simple simple simple simple simple simple simple simple simple simple simple simple simple simple simple simple simple simple simple simple simple simple simple simple simple simple simple simple"
114,The characters are foul-mouthed extensions of their earlier characters Pete and Dud.,vocab_1000.txt,english_stopwords,T5,.
125,Moderate to severe damage extended up the Atlantic coastline and as far inland as West Virginia.,vocab_1000.txt,english_stopwords,T5,: simple so so so simple so so that it was very simple to make it clear that there were very few and very few of them in the area and there were very few of them in the front of the coast and in the front of the coast and in the area as the coast was down down to the
140,"On occasion the male ""den master"" will also allow a second male into the den; the reason for this is unclear.",vocab_1000.txt,english_stopwords,T5,""" den master "" will let an individual "" den master "" inside of the den and the base for this is not clear enough for this to be the point of view of the den master of the master of the master of the master of the master of the master of the master of the master of the master of the"
279,"These ideally provide excellent habitat for chinkara, hog deer and blue bull.",vocab_1000.txt,english_stopwords,T5,:  ideal to make them the ideal base for both the black and white and the black and white black and white black and white black and white black and white black and white black and white black and white black and white black and white black and white black and white black and white black and white black and white
327,People with cardiomyopathy are often at risk of arrhythmia or sudden cardiac death or both.,vocab_1000.txt,english_stopwords,T5,a person with this disease can be subject to heart beat or heart beat disease and heart condition are of particular importance to the heart and heart condition of the disease is the cause of heart disease and people with this disease can be subject to heart beat or heart beat condition and heart beat condition in the heart and heart
346,"Gimnasia hired first famed Colombian trainer Francisco Maturana, and then Julio César Falcioni, but both had limited success.",vocab_1000.txt,english_stopwords,T5,'  and the rest of the staff were very professional and they were very good at the end of the year and they were not very good at the end of the year and they were not very good at the end of the year at the end of the year and they were very good at the end of the
12,"Graham attended Wheaton College from 1939 to 1943, when he graduated with a BA in anthropology.",vocab_1000.txt,english_stopwords,BYT5,""" student in the student industry and in the student in the student in the student in the student and in the student in the stu"
52,"This stamp remained the standard letter stamp for the remainder of Victoria's reign, and vast quantities were printed.",vocab_1000.txt,english_stopwords,BYT5,""" order was the origin of this order was the origin of the origin of the origin of the origin of the origin of the origin of th"
57,After graduation he returned to Yerevan to teach at the local Conservatory and later he was appointed artistic director of the Armenian Philarmonic Orchestra.,vocab_1000.txt,english_stopwords,BYT5,""" orchestra orchestra orchestra orchestra orchestra orchestra orchestra orchestra orchestra orchestra orchestra orchestra orche"
71,It continues as the Bohemian Switzerland in the Czech Republic.,vocab_1000.txt,english_stopwords,BYT5,""" system of this system is not of this system of this system of this system of this system is not of this system of this system"
114,The characters are foul-mouthed extensions of their earlier characters Pete and Dud.,vocab_1000.txt,english_stopwords,BYT5,""" that the character speak bad language of that the character speak bad language of that the character speak bad language of th"
125,Moderate to severe damage extended up the Atlantic coastline and as far inland as West Virginia.,vocab_1000.txt,english_stopwords,BYT5,""" point of view of this point to view of this point of this point of this point of this point of this point of this point of th"
140,"On occasion the male ""den master"" will also allow a second male into the den; the reason for this is unclear.",vocab_1000.txt,english_stopwords,BYT5,""" will let a second inside inside of the master "" will let a second inside inside of the second "" will let a second inside of t"
279,"These ideally provide excellent habitat for chinkara, hog deer and blue bull.",vocab_1000.txt,english_stopwords,BYT5,""" has been saying that these are saying that these are saying that these are saying that these are saying that these are saying"
327,People with cardiomyopathy are often at risk of arrhythmia or sudden cardiac death or both.,vocab_1000.txt,english_stopwords,BYT5,""" or subject or subject or subject or subject or subject or subject or subject or subject or subject or subject or subject or s"
346,"Gimnasia hired first famed Colombian trainer Francisco Maturana, and then Julio César Falcioni, but both had limited success.",vocab_1000.txt,english_stopwords,BYT5,""" had been at that time at that time at that time at that time at that time at that time at that time at that time at that time"
12,"Graham attended Wheaton College from 1939 to 1943, when he graduated with a BA in anthropology.",vocab_1000.txt,english_stopwords,EMB_SUB,Join include Company Train from realize to grow and origin with a ANSWER in art
52,"This stamp remained the standard letter stamp for the remainder of Victoria's reign, and vast quantities were printed.",vocab_1000.txt,english_stopwords,EMB_SUB,This interest fact the power letter interest for the rest of PARTICULAR future and seem were interest
57,After graduation he returned to Yerevan to teach at the local Conservatory and later he was appointed artistic director of the Armenian Philarmonic Orchestra.,vocab_1000.txt,english_stopwords,EMB_SUB,professional future he like back to Hope to teaching at the leaving Faculty and then he was firm artist production of the Apartment Military Orchestra.
71,It continues as the Bohemian Switzerland in the Czech Republic.,vocab_1000.txt,english_stopwords,EMB_SUB,It is still plane as the Achieve Brown in the Pink Travel
114,The characters are foul-mouthed extensions of their earlier characters Pete and Dud.,vocab_1000.txt,english_stopwords,EMB_SUB,The colors speak bad language of their familiar colors liberal and say
125,Moderate to severe damage extended up the Atlantic coastline and as far inland as West Virginia.,vocab_1000.txt,english_stopwords,EMB_SUB,There was liberal to acting aspect all the way up the Middle dream and as wife circumstances as Even Read
140,"On occasion the male ""den master"" will also allow a second male into the den; the reason for this is unclear.",vocab_1000.txt,english_stopwords,EMB_SUB,"On opportunity the female "" want master "" will let a second female inside of the want the factor for this is colors explain"
279,"These ideally provide excellent habitat for chinkara, hog deer and blue bull.",vocab_1000.txt,english_stopwords,EMB_SUB,Colors these make an necessary farm spot for man pink snow and blue leg
327,People with cardiomyopathy are often at risk of arrhythmia or sudden cardiac death or both.,vocab_1000.txt,english_stopwords,EMB_SUB,Works or heart beat sleep and silence kid life are possibility action with knowledge. Knowledge is someone of heart strength and manner with this disease march subject to works or silence kid life. Possibility both march happen at once.
346,"Gimnasia hired first famed Colombian trainer Francisco Maturana, and then Julio César Falcioni, but both had limited success.",vocab_1000.txt,english_stopwords,EMB_SUB,Thing buy Flesh Life a Bond seat and then Evil Create Wish but they were not very success
12,"Graham attended Wheaton College from 1939 to 1943, when he graduated with a BA in anthropology.",vocab_1000.txt,none,MLM,"brown attend university school, going down school, beginning getting double credit teaching."
52,"This stamp remained the standard letter stamp for the remainder of Victoria's reign, and vast quantities were printed.",vocab_1000.txt,none,MLM,"yellow paper become official official letter type over entire rest following long history, while paper remain."
57,After graduation he returned to Yerevan to teach at the local Conservatory and later he was appointed artistic director of the Armenian Philarmonic Orchestra.,vocab_1000.txt,none,MLM,"following independence, going back outside life, teaching, teaching music, till present, being chief music teacher, national youth youth Orchestra."
71,It continues as the Bohemian Switzerland in the Czech Republic.,vocab_1000.txt,none,MLM,march - still playing outside upper level league outside - country.
114,The characters are foul-mouthed extensions of their earlier characters Pete and Dud.,vocab_1000.txt,none,MLM,two people speak bad language like two human: man - man
125,Moderate to severe damage extended up the Atlantic coastline and as far inland as West Virginia.,vocab_1000.txt,none,MLM,"impact: equivalent: wind speed lead part way down near unknown location, even further down near lake."
140,"On occasion the male ""den master"" will also allow a second male into the den; the reason for this is unclear.",vocab_1000.txt,none,MLM,"giving opportunity, female "" female master "" will let choose second person inside enter - meaning; further reason: meaning: meaning."
279,"These ideally provide excellent habitat for chinkara, hog deer and blue bull.",vocab_1000.txt,none,MLM,", cattle make home near game land like black, red horse, blue."
327,People with cardiomyopathy are often at risk of arrhythmia or sudden cardiac death or both.,vocab_1000.txt,none,MLM,"heart - heart beat failure following complete heart failure, be found: weakness. weakness, weakness, heart failure. people develop heart disease, subject matter weakness, complete heart failure. failure failure can happen even."
346,"Gimnasia hired first famed Colombian trainer Francisco Maturana, and then Julio César Falcioni, but both had limited success.",vocab_1000.txt,none,MLM,"management: john, first head writer, first writer, john, thought production, prove - production."
12,"Graham attended Wheaton College from 1939 to 1943, when he graduated with a BA in anthropology.",vocab_1000.txt,none,T5,"'  ( "" """
52,"This stamp remained the standard letter stamp for the remainder of Victoria's reign, and vast quantities were printed.",vocab_1000.txt,none,T5,:
57,After graduation he returned to Yerevan to teach at the local Conservatory and later he was appointed artistic director of the Armenian Philarmonic Orchestra.,vocab_1000.txt,none,T5,"- "" "" "" "" "" "" "" "" "" "" "" "" "" "" "" "" "" "" "" "" "" "" "" "" "" "" "" "" "" "" "" "" "" "" "" "" "" "" "" "" "" "" "" "" "" "" "" "" "" "" "" "" "" "" "" "" "" "" "" "" """
71,It continues as the Bohemian Switzerland in the Czech Republic.,vocab_1000.txt,none,T5,", simple simple simple simple simple simple simple simple"
114,The characters are foul-mouthed extensions of their earlier characters Pete and Dud.,vocab_1000.txt,none,T5,.
125,Moderate to severe damage extended up the Atlantic coastline and as far inland as West Virginia.,vocab_1000.txt,none,T5,.
140,"On occasion the male ""den master"" will also allow a second male into the den; the reason for this is unclear.",vocab_1000.txt,none,T5,""" den master "" will let an individual "" den master "" let an "" den master "" leave an "" den master "" inside "" "" "" "" den master "" will let an "" den master "" inside "" """
279,"These ideally provide excellent habitat for chinkara, hog deer and blue bull.",vocab_1000.txt,none,T5,:  ideal conditions make ideal soil conditions ideal conditions ideal conditions conditions conditions conditions conditions conditions conditions conditions conditions conditions conditions conditions conditions conditions conditions conditions conditions
327,People with cardiomyopathy are often at risk of arrhythmia or sudden cardiac death or both.,vocab_1000.txt,none,T5,"- "" "" "" "" "" "" "" "" "" "" "" "" "" "" "" "" "" "" "" "" "" "" "" "" "" "" "" "" "" "" "" "" "" "" "" "" "" "" "" "" "" "" "" "" "" "" "" "" "" "" "" "" "" "" "" "" "" "" "" "" """
346,"Gimnasia hired first famed Colombian trainer Francisco Maturana, and then Julio César Falcioni, but both had limited success.",vocab_1000.txt,none,T5,"'  ( "" "" ( "" "" "" "" "" "" "" "" "" "" "" "" "" "" "" "" "" "" "" "" "" "" "" "" "" "" "" "" "" "" "" "" "" "" "" "" "" """
12,"Graham attended Wheaton College from 1939 to 1943, when he graduated with a BA in anthropology.",vocab_1000.txt,none,BYT5,""" student attack attack attack attack attack attack attack attack attack attack attack attack attack attack attack attack attac"
52,"This stamp remained the standard letter stamp for the remainder of Victoria's reign, and vast quantities were printed.",vocab_1000.txt,none,BYT5,""" issue issue issue issue issue issue issue issue issue issue issue issue issue issue issue issue issue issue issue issue issue"
57,After graduation he returned to Yerevan to teach at the local Conservatory and later he was appointed artistic director of the Armenian Philarmonic Orchestra.,vocab_1000.txt,none,BYT5,""" orchestra orchestra orchestra orchestra orchestra orchestra orchestra orchestra orchestra"
71,It continues as the Bohemian Switzerland in the Czech Republic.,vocab_1000.txt,none,BYT5,""" status apartment can be found inside outside outside outside outside outside outside outside outside outside outside outside"
114,The characters are foul-mouthed extensions of their earlier characters Pete and Dud.,vocab_1000.txt,none,BYT5,""" top character character top character top character top character top character top character top character top character top"
125,Moderate to severe damage extended up the Atlantic coastline and as far inland as West Virginia.,vocab_1000.txt,none,BYT5,""" point inside thinking outside outside outside outside outside outside outside outside outside outside out"
140,"On occasion the male ""den master"" will also allow a second male into the den; the reason for this is unclear.",vocab_1000.txt,none,BYT5,""" will let inside opportunity "" will let inside opportunity "" will let inside opportunity "" will let inside opportunity "" will"
279,"These ideally provide excellent habitat for chinkara, hog deer and blue bull.",vocab_1000.txt,none,BYT5,""" statement statement statement statement statement statement statement statement statement statement statement statement state"
327,People with cardiomyopathy are often at risk of arrhythmia or sudden cardiac death or both.,vocab_1000.txt,none,BYT5,""" origin origin origin origin origin origin origin origin origin origin origin origin origin origin origin origin origin origin"
346,"Gimnasia hired first famed Colombian trainer Francisco Maturana, and then Julio César Falcioni, but both had limited success.",vocab_1000.txt,none,BYT5,""" second second second second second second second second second second second second second second second second second second"
12,"Graham attended Wheaton College from 1939 to 1943, when he graduated with a BA in anthropology.",vocab_1000.txt,none,EMB_SUB,Join include Company Train while realize include grow include origin even include ANSWER know art
52,"This stamp remained the standard letter stamp for the remainder of Victoria's reign, and vast quantities were printed.",vocab_1000.txt,none,EMB_SUB,Have interest fact include power letter interest do include rest someone PARTICULAR future include seem include interest
57,After graduation he returned to Yerevan to teach at the local Conservatory and later he was appointed artistic director of the Armenian Philarmonic Orchestra.,vocab_1000.txt,none,EMB_SUB,professional future know like back include Hope include teaching include include leaving Faculty include let know include firm artist production someone include Apartment Military Orchestra.
71,It continues as the Bohemian Switzerland in the Czech Republic.,vocab_1000.txt,none,EMB_SUB,Seem include still plane include include Achieve Brown know include Pink Travel
114,The characters are foul-mouthed extensions of their earlier characters Pete and Dud.,vocab_1000.txt,none,EMB_SUB,Include colors speak bad language someone have familiar colors liberal include say
125,Moderate to severe damage extended up the Atlantic coastline and as far inland as West Virginia.,vocab_1000.txt,none,EMB_SUB,Like include liberal include acting aspect ordinary include way say include Middle dream include include wife circumstances include Even Read
140,"On occasion the male ""den master"" will also allow a second male into the den; the reason for this is unclear.",vocab_1000.txt,none,EMB_SUB,"Even opportunity include female "" want master "" will let include second female inside someone include want include factor do have include colors explain"
279,"These ideally provide excellent habitat for chinkara, hog deer and blue bull.",vocab_1000.txt,none,EMB_SUB,Colors like make include necessary farm spot do man pink snow include blue leg
327,People with cardiomyopathy are often at risk of arrhythmia or sudden cardiac death or both.,vocab_1000.txt,none,EMB_SUB,Works include heart beat sleep include silence kid life become possibility action even knowledge. Knowledge include someone someone heart strength include manner even have disease march subject include works include silence kid life. Possibility have march happen include kill
346,"Gimnasia hired first famed Colombian trainer Francisco Maturana, and then Julio César Falcioni, but both had limited success.",vocab_1000.txt,none,EMB_SUB,Thing buy Flesh Life include Bond seat include let Evil Create Wish even understand include origin whole success
12,"Graham attended Wheaton College from 1939 to 1943, when he graduated with a BA in anthropology.",vocab_1100.txt,english_stopwords,MLM,he attend university there from then to university and university with a degree in engineering.
52,"This stamp remained the standard letter stamp for the remainder of Victoria's reign, and vast quantities were printed.",vocab_1100.txt,english_stopwords,MLM,"This issue was the official letter issue for the rest of his life, and both were:."
57,After graduation he returned to Yerevan to teach at the local Conservatory and later he was appointed artistic director of the Armenian Philarmonic Orchestra.,vocab_1100.txt,english_stopwords,MLM,after that he was back to work to teach at the national university and then he was the music teacher of the national youth Orchestra.
71,It continues as the Bohemian Switzerland in the Czech Republic.,vocab_1100.txt,english_stopwords,MLM,It is still found as the only plant in the whole.
114,The characters are foul-mouthed extensions of their earlier characters Pete and Dud.,vocab_1100.txt,english_stopwords,MLM,"The pair speak bad language of their fellow pair, and:"
125,Moderate to severe damage extended up the Atlantic coastline and as far inland as West Virginia.,vocab_1100.txt,english_stopwords,MLM,There was close to wind power all the way up the entire coast and as long as as in.
140,"On occasion the male ""den master"" will also allow a second male into the den; the reason for this is unclear.",vocab_1100.txt,english_stopwords,MLM,"On opportunity the female "" female master "" will let a second pass inside of the house; the reason for this is not."
279,"These ideally provide excellent habitat for chinkara, hog deer and blue bull.",vocab_1100.txt,english_stopwords,MLM,"here, these make an ideal shooting spot for both, red horse and blue."
327,People with cardiomyopathy are often at risk of arrhythmia or sudden cardiac death or both.,vocab_1100.txt,english_stopwords,MLM,heart or heart beat failure and complete heart failure are both people with disease. there is weakness of heart failure and people with this disease are subject to death or complete heart failure. these both can happen at once.
346,"Gimnasia hired first famed Colombian trainer Francisco Maturana, and then Julio César Falcioni, but both had limited success.",vocab_1100.txt,english_stopwords,MLM,"they had don, a horse, and then don and don, but they were not very."
12,"Graham attended Wheaton College from 1939 to 1943, when he graduated with a BA in anthropology.",vocab_1100.txt,english_stopwords,T5,. ( in the form of an article on how to make the difference in the process of making the decision to make the decision to make the decision to make the decision to make the decision to make the decision to make the decision to make the decision to make the decision to make the decision to make the decision to
52,"This stamp remained the standard letter stamp for the remainder of Victoria's reign, and vast quantities were printed.",vocab_1100.txt,english_stopwords,T5,-  and it was very simple to use and simple to use in any way that you can use it in any way you want to use it in any way you want to use it in any way you want to use it in any way you want to use it in any way you want to use it in
57,After graduation he returned to Yerevan to teach at the local Conservatory and later he was appointed artistic director of the Armenian Philarmonic Orchestra.,vocab_1100.txt,english_stopwords,T5,he was the first person to have been in the field of music and music at the university and then as the artist of the arm to be in the orchestra of his own arm to be the artist of his own music and music program in his own right in the world of music and music in the world of music
71,It continues as the Bohemian Switzerland in the Czech Republic.,vocab_1100.txt,english_stopwords,T5,", simple simple simple simple simple simple simple simple simple simple simple simple simple simple simple simple simple simple simple simple simple simple simple simple simple simple simple simple simple simple simple simple simple simple simple simple simple simple simple simple simple simple simple simple simple simple simple simple simple simple simple simple simple simple simple simple simple simple simple simple simple"
114,The characters are foul-mouthed extensions of their earlier characters Pete and Dud.,vocab_1100.txt,english_stopwords,T5,.
125,Moderate to severe damage extended up the Atlantic coastline and as far inland as West Virginia.,vocab_1100.txt,english_stopwords,T5,: simple so so so simple so so that it was very simple to make it clear that there were very few and very few of them in the area and there were very few of them in the front of the coast and in the front of the coast and in the area as the coast was down down to the
140,"On occasion the male ""den master"" will also allow a second male into the den; the reason for this is unclear.",vocab_1100.txt,english_stopwords,T5,""" den master "" will let an individual "" den master "" inside of the den and the base for this is not clear enough for this to be the point of view of the den master of the master of the master of the master of the master of the master of the master of the master of the master of the"
279,"These ideally provide excellent habitat for chinkara, hog deer and blue bull.",vocab_1100.txt,english_stopwords,T5,:  ideal to make them the ideal base for both the black and white and the black and white black and white black and white black and white black and white black and white black and white black and white black and white black and white black and white black and white black and white black and white black and white
327,People with cardiomyopathy are often at risk of arrhythmia or sudden cardiac death or both.,vocab_1100.txt,english_stopwords,T5,a person with this disease can be subject to heart beat or heart beat disease and heart condition are of particular importance to the heart and heart condition of the disease is the cause of heart disease and people with this disease can be subject to heart beat or heart beat condition and heart beat condition in the heart and heart
346,"Gimnasia hired first famed Colombian trainer Francisco Maturana, and then Julio César Falcioni, but both had limited success.",vocab_1100.txt,english_stopwords,T5,'  and the rest of the staff were very professional and they were very good at the end of the year and they were not very good at the end of the year and they were not very good at the end of the year at the end of the year and they were very good at the end of the
12,"Graham attended Wheaton College from 1939 to 1943, when he graduated with a BA in anthropology.",vocab_1100.txt,english_stopwords,BYT5,""" student in the student industry and in the student in the student in the student in the student and in the student in the stu"
52,"This stamp remained the standard letter stamp for the remainder of Victoria's reign, and vast quantities were printed.",vocab_1100.txt,english_stopwords,BYT5,""" order was the origin of this order was the origin of the origin of the origin of the origin of the origin of the origin of th"
57,After graduation he returned to Yerevan to teach at the local Conservatory and later he was appointed artistic director of the Armenian Philarmonic Orchestra.,vocab_1100.txt,english_stopwords,BYT5,""" orchestra orchestra orchestra orchestra orchestra orchestra orchestra orchestra orchestra orchestra orchestra orchestra orche"
71,It continues as the Bohemian Switzerland in the Czech Republic.,vocab_1100.txt,english_stopwords,BYT5,""" system of this system is not of this system of this system of this system of this system is not of this system of this system"
114,The characters are foul-mouthed extensions of their earlier characters Pete and Dud.,vocab_1100.txt,english_stopwords,BYT5,""" that the character speak bad language of that the character speak bad language of that the character speak bad language of th"
125,Moderate to severe damage extended up the Atlantic coastline and as far inland as West Virginia.,vocab_1100.txt,english_stopwords,BYT5,""" point of view of this point to view of this point of this point of this point of this point of this point of this point of th"
140,"On occasion the male ""den master"" will also allow a second male into the den; the reason for this is unclear.",vocab_1100.txt,english_stopwords,BYT5,""" will let a second inside inside of the master "" will let a second inside inside of the second "" will let a second inside of t"
279,"These ideally provide excellent habitat for chinkara, hog deer and blue bull.",vocab_1100.txt,english_stopwords,BYT5,""" has been saying that these are saying that these are saying that these are saying that these are saying that these are saying"
327,People with cardiomyopathy are often at risk of arrhythmia or sudden cardiac death or both.,vocab_1100.txt,english_stopwords,BYT5,""" or subject or subject or subject or subject or subject or subject or subject or subject or subject or subject or subject or s"
346,"Gimnasia hired first famed Colombian trainer Francisco Maturana, and then Julio César Falcioni, but both had limited success.",vocab_1100.txt,english_stopwords,BYT5,""" had been at that time at that time at that time at that time at that time at that time at that time at that time at that time"
12,"Graham attended Wheaton College from 1939 to 1943, when he graduated with a BA in anthropology.",vocab_1100.txt,english_stopwords,EMB_SUB,Join include Company Train from realize to grow and prison with a ANSWER in art
52,"This stamp remained the standard letter stamp for the remainder of Victoria's reign, and vast quantities were printed.",vocab_1100.txt,english_stopwords,EMB_SUB,This coat fact the power letter coat for the rest of PARTICULAR future and seem were coat
57,After graduation he returned to Yerevan to teach at the local Conservatory and later he was appointed artistic director of the Armenian Philarmonic Orchestra.,vocab_1100.txt,english_stopwords,EMB_SUB,professional future he like back to Furniture to teach at the leaving Faculty and then he was firm artist production of the Furniture Coat Orchestra.
71,It continues as the Bohemian Switzerland in the Czech Republic.,vocab_1100.txt,english_stopwords,EMB_SUB,It is still plane as the Describe Brown in the Pink Travel
114,The characters are foul-mouthed extensions of their earlier characters Pete and Dud.,vocab_1100.txt,english_stopwords,EMB_SUB,The colors speak bad language of their familiar colors liberal and say
125,Moderate to severe damage extended up the Atlantic coastline and as far inland as West Virginia.,vocab_1100.txt,english_stopwords,EMB_SUB,There was route to afford aspect all the way up the Middle route and as wife circumstances as Route Read
140,"On occasion the male ""den master"" will also allow a second male into the den; the reason for this is unclear.",vocab_1100.txt,english_stopwords,EMB_SUB,"On opportunity the female "" want master "" will let a second female inside of the want the factor for this is colors explain"
279,"These ideally provide excellent habitat for chinkara, hog deer and blue bull.",vocab_1100.txt,english_stopwords,EMB_SUB,Colors these make an necessary farm spot for man pink snow and blue leg
327,People with cardiomyopathy are often at risk of arrhythmia or sudden cardiac death or both.,vocab_1100.txt,english_stopwords,EMB_SUB,Works or heart beat sleep and silence kid life are possibility dependent with knowledge. Knowledge is someone of heart strength and manner with this disease march subject to works or silence kid life. Possibility both march happen at once.
346,"Gimnasia hired first famed Colombian trainer Francisco Maturana, and then Julio César Falcioni, but both had limited success.",vocab_1100.txt,english_stopwords,EMB_SUB,Thing buy Flesh Life a Coat seat and then Discover Create Wish but they were not very success
12,"Graham attended Wheaton College from 1939 to 1943, when he graduated with a BA in anthropology.",vocab_1100.txt,none,MLM,"brown attend university school, going down school, beginning getting double credit teaching."
52,"This stamp remained the standard letter stamp for the remainder of Victoria's reign, and vast quantities were printed.",vocab_1100.txt,none,MLM,"yellow paper become official official letter type over entire rest following long history, while paper remain."
57,After graduation he returned to Yerevan to teach at the local Conservatory and later he was appointed artistic director of the Armenian Philarmonic Orchestra.,vocab_1100.txt,none,MLM,"following independence, going back outside life, teach, attend national university.,, being principal music teacher, national university youth Orchestra."
71,It continues as the Bohemian Switzerland in the Czech Republic.,vocab_1100.txt,none,MLM,march - still playing outside upper level league outside - country.
114,The characters are foul-mouthed extensions of their earlier characters Pete and Dud.,vocab_1100.txt,none,MLM,two people speak bad language like two human: man - man
125,Moderate to severe damage extended up the Atlantic coastline and as far inland as West Virginia.,vocab_1100.txt,none,MLM,"impact: equivalent: wind speed lead part way down near unknown location, reaching further down near lake."
140,"On occasion the male ""den master"" will also allow a second male into the den; the reason for this is unclear.",vocab_1100.txt,none,MLM,"giving opportunity, female "" female master "" will let choose second person inside enter - meaning; further reason: meaning: meaning."
279,"These ideally provide excellent habitat for chinkara, hog deer and blue bull.",vocab_1100.txt,none,MLM,", cattle make home near game land like black, red horse, blue."
327,People with cardiomyopathy are often at risk of arrhythmia or sudden cardiac death or both.,vocab_1100.txt,none,MLM,"heart - heart beat failure following complete heart failure, be found: weakness. weakness, weakness, heart failure. people suffering heart disease become subject. death means complete heart failure. failure failure can happen even."
346,"Gimnasia hired first famed Colombian trainer Francisco Maturana, and then Julio César Falcioni, but both had limited success.",vocab_1100.txt,none,MLM,"management: bob, bob, bob, bob, plus bob, plus bob, bob, bob."
12,"Graham attended Wheaton College from 1939 to 1943, when he graduated with a BA in anthropology.",vocab_1100.txt,none,T5,"'  ( "" """
52,"This stamp remained the standard letter stamp for the remainder of Victoria's reign, and vast quantities were printed.",vocab_1100.txt,none,T5,:
57,After graduation he returned to Yerevan to teach at the local Conservatory and later he was appointed artistic director of the Armenian Philarmonic Orchestra.,vocab_1100.txt,none,T5,"- "" "" "" "" "" "" "" "" "" "" "" "" "" "" "" "" "" "" "" "" "" "" "" "" "" "" "" "" "" "" "" "" "" "" "" "" "" "" "" "" "" "" "" "" "" "" "" "" "" "" "" "" "" "" "" "" "" "" "" "" """
71,It continues as the Bohemian Switzerland in the Czech Republic.,vocab_1100.txt,none,T5,", simple simple simple simple simple simple simple simple"
114,The characters are foul-mouthed extensions of their earlier characters Pete and Dud.,vocab_1100.txt,none,T5,.
125,Moderate to severe damage extended up the Atlantic coastline and as far inland as West Virginia.,vocab_1100.txt,none,T5,.
140,"On occasion the male ""den master"" will also allow a second male into the den; the reason for this is unclear.",vocab_1100.txt,none,T5,""" den master "" will let an individual "" den master "" let an "" den master "" leave an "" den master "" inside "" "" "" "" den master "" will let an "" den master "" inside "" """
279,"These ideally provide excellent habitat for chinkara, hog deer and blue bull.",vocab_1100.txt,none,T5,:  ideal conditions make ideal soil conditions ideal conditions ideal conditions conditions conditions conditions conditions conditions conditions conditions conditions conditions conditions conditions conditions conditions conditions conditions conditions
327,People with cardiomyopathy are often at risk of arrhythmia or sudden cardiac death or both.,vocab_1100.txt,none,T5,"- "" "" "" "" "" "" "" "" "" "" "" "" "" "" "" "" "" "" "" "" "" "" "" "" "" "" "" "" "" "" "" "" "" "" "" "" "" "" "" "" "" "" "" "" "" "" "" "" "" "" "" "" "" "" "" "" "" "" "" "" """
346,"Gimnasia hired first famed Colombian trainer Francisco Maturana, and then Julio César Falcioni, but both had limited success.",vocab_1100.txt,none,T5,"'  ( "" "" ( "" "" "" "" "" "" "" "" "" "" "" "" "" "" "" "" "" "" "" "" "" "" "" "" "" "" "" "" "" "" "" "" "" "" "" "" "" """
12,"Graham attended Wheaton College from 1939 to 1943, when he graduated with a BA in anthropology.",vocab_1100.txt,none,BYT5,""" student attack attack attack attack attack attack attack attack attack attack attack attack attack attack attack attack attac"
52,"This stamp remained the standard letter stamp for the remainder of Victoria's reign, and vast quantities were printed.",vocab_1100.txt,none,BYT5,""" issue issue issue issue issue issue issue issue issue issue issue issue issue issue issue issue issue issue issue issue issue"
57,After graduation he returned to Yerevan to teach at the local Conservatory and later he was appointed artistic director of the Armenian Philarmonic Orchestra.,vocab_1100.txt,none,BYT5,""" orchestra orchestra orchestra orchestra orchestra orchestra"
71,It continues as the Bohemian Switzerland in the Czech Republic.,vocab_1100.txt,none,BYT5,""" status apartment can be found inside outside outside outside outside outside outside outside outside outside outside outside"
114,The characters are foul-mouthed extensions of their earlier characters Pete and Dud.,vocab_1100.txt,none,BYT5,""" top character character top character top character top character top character top character top character top character top"
125,Moderate to severe damage extended up the Atlantic coastline and as far inland as West Virginia.,vocab_1100.txt,none,BYT5,""" point inside thickness point inside thickness point inside thickness point inside thickness point inside thickness point insi"
140,"On occasion the male ""den master"" will also allow a second male into the den; the reason for this is unclear.",vocab_1100.txt,none,BYT5,""" will let inside opportunity "" will let inside opportunity "" will let inside opportunity "" will let inside opportunity "" will"
279,"These ideally provide excellent habitat for chinkara, hog deer and blue bull.",vocab_1100.txt,none,BYT5,""" statement statement statement statement statement statement statement statement statement statement statement statement state"
327,People with cardiomyopathy are often at risk of arrhythmia or sudden cardiac death or both.,vocab_1100.txt,none,BYT5,""" origin origin origin origin origin origin origin origin origin origin origin origin origin origin origin origin origin origin"
346,"Gimnasia hired first famed Colombian trainer Francisco Maturana, and then Julio César Falcioni, but both had limited success.",vocab_1100.txt,none,BYT5,""" second second second second second second second second second second second second second second second second second second"
12,"Graham attended Wheaton College from 1939 to 1943, when he graduated with a BA in anthropology.",vocab_1100.txt,none,EMB_SUB,Join include Company Train while realize include grow include prison even include ANSWER know art
52,"This stamp remained the standard letter stamp for the remainder of Victoria's reign, and vast quantities were printed.",vocab_1100.txt,none,EMB_SUB,Have coat fact include power letter coat do include rest someone PARTICULAR future include seem include coat
57,After graduation he returned to Yerevan to teach at the local Conservatory and later he was appointed artistic director of the Armenian Philarmonic Orchestra.,vocab_1100.txt,none,EMB_SUB,professional future know like back include Furniture include teach include include leaving Faculty include let know include firm artist production someone include Furniture Coat Orchestra.
71,It continues as the Bohemian Switzerland in the Czech Republic.,vocab_1100.txt,none,EMB_SUB,Seem include still plane include include Describe Brown know include Pink Travel
114,The characters are foul-mouthed extensions of their earlier characters Pete and Dud.,vocab_1100.txt,none,EMB_SUB,Include colors speak bad language someone have familiar colors liberal include say
125,Moderate to severe damage extended up the Atlantic coastline and as far inland as West Virginia.,vocab_1100.txt,none,EMB_SUB,Like include route include afford aspect ordinary include way say include Middle route include include wife circumstances include Route Read
140,"On occasion the male ""den master"" will also allow a second male into the den; the reason for this is unclear.",vocab_1100.txt,none,EMB_SUB,"Even opportunity include female "" want master "" will let include second female inside someone include want include factor do have include colors explain"
279,"These ideally provide excellent habitat for chinkara, hog deer and blue bull.",vocab_1100.txt,none,EMB_SUB,Colors like make include necessary farm spot do man pink snow include blue leg
327,People with cardiomyopathy are often at risk of arrhythmia or sudden cardiac death or both.,vocab_1100.txt,none,EMB_SUB,Works include heart beat sleep include silence kid life become possibility dependent even knowledge. Knowledge include someone someone heart strength include manner even have disease march subject include works include silence kid life. Possibility have march happen include kill
346,"Gimnasia hired first famed Colombian trainer Francisco Maturana, and then Julio César Falcioni, but both had limited success.",vocab_1100.txt,none,EMB_SUB,Thing buy Flesh Life include Coat seat include let Discover Create Wish even understand include origin whole success
12,"Graham attended Wheaton College from 1939 to 1943, when he graduated with a BA in anthropology.",vocab_1200.txt,english_stopwords,MLM,he attend university there from then to university and university with a degree in engineering.
52,"This stamp remained the standard letter stamp for the remainder of Victoria's reign, and vast quantities were printed.",vocab_1200.txt,english_stopwords,MLM,"This issue was the official letter issue for the rest of his life, and both were:."
57,After graduation he returned to Yerevan to teach at the local Conservatory and later he was appointed artistic director of the Armenian Philarmonic Orchestra.,vocab_1200.txt,english_stopwords,MLM,after that he was back to work to teach at the national university and then he was the music teacher of the national youth Orchestra.
71,It continues as the Bohemian Switzerland in the Czech Republic.,vocab_1200.txt,english_stopwords,MLM,It is still found as the only plant in the whole.
114,The characters are foul-mouthed extensions of their earlier characters Pete and Dud.,vocab_1200.txt,english_stopwords,MLM,"The pair speak bad language of their fellow pair, and:"
125,Moderate to severe damage extended up the Atlantic coastline and as far inland as West Virginia.,vocab_1200.txt,english_stopwords,MLM,There was close to wind power all the way up the entire coast and as long as as in.
140,"On occasion the male ""den master"" will also allow a second male into the den; the reason for this is unclear.",vocab_1200.txt,english_stopwords,MLM,"On opportunity the male "" male master "" will let a second male inside of the house; the reason for this is not."
279,"These ideally provide excellent habitat for chinkara, hog deer and blue bull.",vocab_1200.txt,english_stopwords,MLM,"here, these make an ideal hunting spot for both, red horse and blue."
327,People with cardiomyopathy are often at risk of arrhythmia or sudden cardiac death or both.,vocab_1200.txt,english_stopwords,MLM,heart or heart beat failure and complete heart failure are both people with disease. there is weakness of heart failure and people with this disease are subject to death or complete heart failure. these both can happen at once.
346,"Gimnasia hired first famed Colombian trainer Francisco Maturana, and then Julio César Falcioni, but both had limited success.",vocab_1200.txt,english_stopwords,MLM,"they had don, a horse, and then don and don, but they were not very."
12,"Graham attended Wheaton College from 1939 to 1943, when he graduated with a BA in anthropology.",vocab_1200.txt,english_stopwords,T5,. ( in the form of an article on how to make the difference in the process of making the decision to make the decision to make the decision to make the decision to make the decision to make the decision to make the decision to make the decision to make the decision to make the decision to make the decision to
52,"This stamp remained the standard letter stamp for the remainder of Victoria's reign, and vast quantities were printed.",vocab_1200.txt,english_stopwords,T5,-  and it was very simple to use and simple to use in any way that you can use it in any way you want to use it in any way you want to use it in any way you want to use it in any way you want to use it in any way you want to use it in
57,After graduation he returned to Yerevan to teach at the local Conservatory and later he was appointed artistic director of the Armenian Philarmonic Orchestra.,vocab_1200.txt,english_stopwords,T5,he was the first person to have been in the field of music and music at the university and then as the artist of the arm to be in the orchestra of his own arm to be the artist of his own music and music program in his own right in the world of music and music in the world of music
71,It continues as the Bohemian Switzerland in the Czech Republic.,vocab_1200.txt,english_stopwords,T5,", simple simple simple simple simple simple simple simple simple simple simple simple simple simple simple simple simple simple simple simple simple simple simple simple simple simple simple simple simple simple simple simple simple simple simple simple simple simple simple simple simple simple simple simple simple simple simple simple simple simple simple simple simple simple simple simple simple simple simple simple simple"
114,The characters are foul-mouthed extensions of their earlier characters Pete and Dud.,vocab_1200.txt,english_stopwords,T5,.
125,Moderate to severe damage extended up the Atlantic coastline and as far inland as West Virginia.,vocab_1200.txt,english_stopwords,T5,: simple so so so simple so so that it was very simple to make it clear that there were very few and very few of them in the area and there were very few of them in the front of the coast and in the front of the coast and in the area as the coast was down down to the
140,"On occasion the male ""den master"" will also allow a second male into the den; the reason for this is unclear.",vocab_1200.txt,english_stopwords,T5,""" den master "" will let the second male inside of the den in order to let the second male inside of the den in order to let the second male inside of the den in order to get the second male inside of the den in order to get the second male inside of the den in order to get the second"
279,"These ideally provide excellent habitat for chinkara, hog deer and blue bull.",vocab_1200.txt,english_stopwords,T5,:  ideal to make them ideal for hunting in the middle of the world for the black and white of the white and white of the red and white of the red and white of the red and white of the red and white of the red and white of the red and white of the red and white of the
327,People with cardiomyopathy are often at risk of arrhythmia or sudden cardiac death or both.,vocab_1200.txt,english_stopwords,T5,a person with this disease can be subject to heart beat or heart beat disease and heart condition are of particular importance to the heart and heart condition of the disease is the cause of heart disease and people with this disease can be subject to heart beat or heart beat condition and heart beat condition in the heart and heart
346,"Gimnasia hired first famed Colombian trainer Francisco Maturana, and then Julio César Falcioni, but both had limited success.",vocab_1200.txt,english_stopwords,T5,'  and the rest of the staff were very professional and they were very good at the end of the year and they were not very good at the end of the year and they were not very good at the end of the year at the end of the year and they were very good at the end of the
12,"Graham attended Wheaton College from 1939 to 1943, when he graduated with a BA in anthropology.",vocab_1200.txt,english_stopwords,BYT5,""" student in the student industry and in the student in the student in the student in the student and in the student in the stu"
52,"This stamp remained the standard letter stamp for the remainder of Victoria's reign, and vast quantities were printed.",vocab_1200.txt,english_stopwords,BYT5,""" order was the origin of this order was the origin of the origin of the origin of the origin of the origin of the origin of th"
57,After graduation he returned to Yerevan to teach at the local Conservatory and later he was appointed artistic director of the Armenian Philarmonic Orchestra.,vocab_1200.txt,english_stopwords,BYT5,""" orchestra orchestra orchestra orchestra orchestra orchestra orchestra orchestra orchestra orchestra orchestra orchestra orche"
71,It continues as the Bohemian Switzerland in the Czech Republic.,vocab_1200.txt,english_stopwords,BYT5,""" system of the country and the region of the country of the country and the country of the country and the country of the coun"
114,The characters are foul-mouthed extensions of their earlier characters Pete and Dud.,vocab_1200.txt,english_stopwords,BYT5,""" that the character speak bad language of that the character speak bad language of that the character speak bad language of th"
125,Moderate to severe damage extended up the Atlantic coastline and as far inland as West Virginia.,vocab_1200.txt,english_stopwords,BYT5,""" point of view of this point to view of this point of this point of this point of this point of this point of this point of th"
140,"On occasion the male ""den master"" will also allow a second male into the den; the reason for this is unclear.",vocab_1200.txt,english_stopwords,BYT5,""" the male will let a second male inside "" the male will let a second male inside "" the male will let a second male inside "" th"
279,"These ideally provide excellent habitat for chinkara, hog deer and blue bull.",vocab_1200.txt,english_stopwords,BYT5,""" has been saying that these are saying that these are saying that these are saying that these are saying that these are saying"
327,People with cardiomyopathy are often at risk of arrhythmia or sudden cardiac death or both.,vocab_1200.txt,english_stopwords,BYT5,""" or subject or subject or subject or subject or subject or subject or subject or subject or subject"
346,"Gimnasia hired first famed Colombian trainer Francisco Maturana, and then Julio César Falcioni, but both had limited success.",vocab_1200.txt,english_stopwords,BYT5,""" had been at that time at that time at that time at that time at that time at that time at that time at that time at that time"
12,"Graham attended Wheaton College from 1939 to 1943, when he graduated with a BA in anthropology.",vocab_1200.txt,english_stopwords,EMB_SUB,Join include Company Revenue from realize to soldier and prison with a ANSWER in art
52,"This stamp remained the standard letter stamp for the remainder of Victoria's reign, and vast quantities were printed.",vocab_1200.txt,english_stopwords,EMB_SUB,This coat fact the power letter coat for the rest of PARTICULAR future and seem were coat
57,After graduation he returned to Yerevan to teach at the local Conservatory and later he was appointed artistic director of the Armenian Philarmonic Orchestra.,vocab_1200.txt,english_stopwords,EMB_SUB,professional future he like back to Furniture to teach at the leaving Faculty and then he was bringing artist production of the Furniture Coat Orchestra.
71,It continues as the Bohemian Switzerland in the Czech Republic.,vocab_1200.txt,english_stopwords,EMB_SUB,It is still plane as the Describe Brown in the Pink Travel
114,The characters are foul-mouthed extensions of their earlier characters Pete and Dud.,vocab_1200.txt,english_stopwords,EMB_SUB,The colors speak bad language of their familiar colors liberal and say
125,Moderate to severe damage extended up the Atlantic coastline and as far inland as West Virginia.,vocab_1200.txt,english_stopwords,EMB_SUB,There was route to calm destruction all the way up the Middle route and as wife circumstances as Route Read
140,"On occasion the male ""den master"" will also allow a second male into the den; the reason for this is unclear.",vocab_1200.txt,english_stopwords,EMB_SUB,"On opportunity the male "" want master "" will let a second male inside of the want the factor for this is colors explain"
279,"These ideally provide excellent habitat for chinkara, hog deer and blue bull.",vocab_1200.txt,english_stopwords,EMB_SUB,Colors these make an necessary farm spot for man pink hunting and blue leg
327,People with cardiomyopathy are often at risk of arrhythmia or sudden cardiac death or both.,vocab_1200.txt,english_stopwords,EMB_SUB,Works or heart beat sleep and silence kid life are possibility affect with knowledge. Knowledge is someone of heart strength and manner with this disease march subject to works or silence kid life. Possibility both march happen at once.
346,"Gimnasia hired first famed Colombian trainer Francisco Maturana, and then Julio César Falcioni, but both had limited success.",vocab_1200.txt,english_stopwords,EMB_SUB,Thing buy Flesh Life a Coat seat and then Destruction Create Wish but they were not very success
12,"Graham attended Wheaton College from 1939 to 1943, when he graduated with a BA in anthropology.",vocab_1200.txt,none,MLM,"brown attend university school, going down track, beginning getting double credit teaching."
52,"This stamp remained the standard letter stamp for the remainder of Victoria's reign, and vast quantities were printed.",vocab_1200.txt,none,MLM,"yellow cards remain official blue letter cards over entire rest following communist rule, while red cards remain."
57,After graduation he returned to Yerevan to teach at the local Conservatory and later he was appointed artistic director of the Armenian Philarmonic Orchestra.,vocab_1200.txt,none,MLM,"following independence, going back outside life, teach, attend national university.,, being assistant music teacher, national university youth Orchestra."
71,It continues as the Bohemian Switzerland in the Czech Republic.,vocab_1200.txt,none,MLM,march - still serving outside upper level office outside upper middle.
114,The characters are foul-mouthed extensions of their earlier characters Pete and Dud.,vocab_1200.txt,none,MLM,two people speak bad language like two human: man - man
125,Moderate to severe damage extended up the Atlantic coastline and as far inland as West Virginia.,vocab_1200.txt,none,MLM,"impact: equivalent: wind speed lead part way down near unknown location, reaching further down near lake."
140,"On occasion the male ""den master"" will also allow a second male into the den; the reason for this is unclear.",vocab_1200.txt,none,MLM,"giving opportunity, male "" male master "" will let choose second male inside enter - meaning; further reason: meaning: meaning."
279,"These ideally provide excellent habitat for chinkara, hog deer and blue bull.",vocab_1200.txt,none,MLM,", cattle make home near hunting area like black, red horse, blue."
327,People with cardiomyopathy are often at risk of arrhythmia or sudden cardiac death or both.,vocab_1200.txt,none,MLM,"heart - heart beat failure following complete heart failure, be found: weakness. weakness, weakness, heart failure. people suffering heart disease become subject. death means complete heart failure. failure failure can happen even."
346,"Gimnasia hired first famed Colombian trainer Francisco Maturana, and then Julio César Falcioni, but both had limited success.",vocab_1200.txt,none,MLM,"management: bob, bob, bob, bob, plus bob, plus bob, bob, bob."
12,"Graham attended Wheaton College from 1939 to 1943, when he graduated with a BA in anthropology.",vocab_1200.txt,none,T5,"'  ( "" """
52,"This stamp remained the standard letter stamp for the remainder of Victoria's reign, and vast quantities were printed.",vocab_1200.txt,none,T5,:
57,After graduation he returned to Yerevan to teach at the local Conservatory and later he was appointed artistic director of the Armenian Philarmonic Orchestra.,vocab_1200.txt,none,T5,"- "" "" "" "" "" "" "" "" "" "" "" "" "" "" "" "" "" "" "" "" "" "" "" "" "" "" "" "" "" "" "" "" "" "" "" "" "" "" "" "" "" "" "" "" "" "" "" "" "" "" "" "" "" "" "" "" "" "" "" "" """
71,It continues as the Bohemian Switzerland in the Czech Republic.,vocab_1200.txt,none,T5,", simple simple simple simple simple simple simple simple"
114,The characters are foul-mouthed extensions of their earlier characters Pete and Dud.,vocab_1200.txt,none,T5,.
125,Moderate to severe damage extended up the Atlantic coastline and as far inland as West Virginia.,vocab_1200.txt,none,T5,.
140,"On occasion the male ""den master"" will also allow a second male into the den; the reason for this is unclear.",vocab_1200.txt,none,T5,""" den master "" will let an second male inside den master "" let an second male inside "" den master "" let an second male inside "" den master """
279,"These ideally provide excellent habitat for chinkara, hog deer and blue bull.",vocab_1200.txt,none,T5,:  ideal conditions make ideal soil conditions ideal conditions ideal conditions conditions conditions conditions conditions conditions conditions conditions conditions conditions conditions conditions conditions conditions conditions conditions conditions
327,People with cardiomyopathy are often at risk of arrhythmia or sudden cardiac death or both.,vocab_1200.txt,none,T5,"- "" "" "" "" "" "" "" "" "" "" "" "" "" "" "" "" "" "" "" "" "" "" "" "" "" "" "" "" "" "" "" "" "" "" "" "" "" "" "" "" "" "" "" "" "" "" "" "" "" "" "" "" "" "" "" "" "" "" "" "" """
346,"Gimnasia hired first famed Colombian trainer Francisco Maturana, and then Julio César Falcioni, but both had limited success.",vocab_1200.txt,none,T5,"'  ( "" "" ( "" "" "" "" "" "" "" "" "" "" "" "" "" "" "" "" "" "" "" "" "" "" "" "" "" "" "" "" "" "" "" "" "" "" "" "" "" """
12,"Graham attended Wheaton College from 1939 to 1943, when he graduated with a BA in anthropology.",vocab_1200.txt,none,BYT5,""" student attack attack attack attack attack attack attack attack attack attack attack attack attack attack attack attack attac"
52,"This stamp remained the standard letter stamp for the remainder of Victoria's reign, and vast quantities were printed.",vocab_1200.txt,none,BYT5,""" issue issue issue issue issue issue issue issue issue issue issue issue issue issue issue issue issue issue issue issue issue"
57,After graduation he returned to Yerevan to teach at the local Conservatory and later he was appointed artistic director of the Armenian Philarmonic Orchestra.,vocab_1200.txt,none,BYT5,""" orchestra orchestra orchestra orchestra orchestra orchestra"
71,It continues as the Bohemian Switzerland in the Czech Republic.,vocab_1200.txt,none,BYT5,""" status apartment can be found inside outside outside outside outside outside outside outside outside outside outside outside"
114,The characters are foul-mouthed extensions of their earlier characters Pete and Dud.,vocab_1200.txt,none,BYT5,""" simple simple simple simple simple simple simple simple simple simple simple simple simple simple simple simple simple simple"
125,Moderate to severe damage extended up the Atlantic coastline and as far inland as West Virginia.,vocab_1200.txt,none,BYT5,""" point indicate thanks thanks thanks thanks thanks thanks thanks thanks thanks thanks thanks thanks thanks thanks thanks thank"
140,"On occasion the male ""den master"" will also allow a second male into the den; the reason for this is unclear.",vocab_1200.txt,none,BYT5,""" will let inside opportunity "" will let inside opportunity "" will let inside opportunity "" will let inside opportunity "" will"
279,"These ideally provide excellent habitat for chinkara, hog deer and blue bull.",vocab_1200.txt,none,BYT5,""" statement statement statement statement statement statement statement statement statement statement statement statement state"
327,People with cardiomyopathy are often at risk of arrhythmia or sudden cardiac death or both.,vocab_1200.txt,none,BYT5,""" origin origin origin origin origin origin origin origin origin origin origin origin origin origin origin origin origin origin"
346,"Gimnasia hired first famed Colombian trainer Francisco Maturana, and then Julio César Falcioni, but both had limited success.",vocab_1200.txt,none,BYT5,""" second second second second second second second second second"
12,"Graham attended Wheaton College from 1939 to 1943, when he graduated with a BA in anthropology.",vocab_1200.txt,none,EMB_SUB,Join include Company Revenue while realize include soldier include prison even include ANSWER know art
52,"This stamp remained the standard letter stamp for the remainder of Victoria's reign, and vast quantities were printed.",vocab_1200.txt,none,EMB_SUB,Have coat fact include power letter coat do include rest someone PARTICULAR future include seem include coat
57,After graduation he returned to Yerevan to teach at the local Conservatory and later he was appointed artistic director of the Armenian Philarmonic Orchestra.,vocab_1200.txt,none,EMB_SUB,professional future know like back include Furniture include teach include include leaving Faculty include let know include bringing artist production someone include Furniture Coat Orchestra.
71,It continues as the Bohemian Switzerland in the Czech Republic.,vocab_1200.txt,none,EMB_SUB,Seem include still plane include include Describe Brown know include Pink Travel
114,The characters are foul-mouthed extensions of their earlier characters Pete and Dud.,vocab_1200.txt,none,EMB_SUB,Include colors speak bad language someone have familiar colors liberal include say
125,Moderate to severe damage extended up the Atlantic coastline and as far inland as West Virginia.,vocab_1200.txt,none,EMB_SUB,Like include route include calm destruction ordinary include way say include Middle route include include wife circumstances include Route Read
140,"On occasion the male ""den master"" will also allow a second male into the den; the reason for this is unclear.",vocab_1200.txt,none,EMB_SUB,"Even opportunity include male "" want master "" will let include second male inside someone include want include factor do have include colors explain"
279,"These ideally provide excellent habitat for chinkara, hog deer and blue bull.",vocab_1200.txt,none,EMB_SUB,Colors like make include necessary farm spot do man pink hunting include blue leg
327,People with cardiomyopathy are often at risk of arrhythmia or sudden cardiac death or both.,vocab_1200.txt,none,EMB_SUB,Works include heart beat sleep include silence kid life become possibility affect even knowledge. Knowledge include someone someone heart strength include manner even have disease march subject include works include silence kid life. Possibility have march happen include kill
346,"Gimnasia hired first famed Colombian trainer Francisco Maturana, and then Julio César Falcioni, but both had limited success.",vocab_1200.txt,none,EMB_SUB,Thing buy Flesh Life include Coat seat include let Destruction Create Wish even understand include origin whole success
12,"Graham attended Wheaton College from 1939 to 1943, when he graduated with a BA in anthropology.",vocab_1300.txt,english_stopwords,MLM,he attend university there from then to university and university with a degree in engineering.
52,"This stamp remained the standard letter stamp for the remainder of Victoria's reign, and vast quantities were printed.",vocab_1300.txt,english_stopwords,MLM,"This issue was the official letter issue for the rest of his life, and both were:."
57,After graduation he returned to Yerevan to teach at the local Conservatory and later he was appointed artistic director of the Armenian Philarmonic Orchestra.,vocab_1300.txt,english_stopwords,MLM,after that he was back to work to teach at the national university and then he was the music teacher of the national youth Orchestra.
71,It continues as the Bohemian Switzerland in the Czech Republic.,vocab_1300.txt,english_stopwords,MLM,It is still found as the only plant in the whole.
114,The characters are foul-mouthed extensions of their earlier characters Pete and Dud.,vocab_1300.txt,english_stopwords,MLM,"The pair speak bad language of their fellow pair, and:"
125,Moderate to severe damage extended up the Atlantic coastline and as far inland as West Virginia.,vocab_1300.txt,english_stopwords,MLM,There was damage to property damage all the way up the entire coast and as further up as lake.
140,"On occasion the male ""den master"" will also allow a second male into the den; the reason for this is unclear.",vocab_1300.txt,english_stopwords,MLM,"On opportunity the male "" male master "" will let a second male inside of the house; the reason for this is not."
279,"These ideally provide excellent habitat for chinkara, hog deer and blue bull.",vocab_1300.txt,english_stopwords,MLM,"here, these make an ideal hunting spot for both, red horse and blue."
327,People with cardiomyopathy are often at risk of arrhythmia or sudden cardiac death or both.,vocab_1300.txt,english_stopwords,MLM,heart or heart beat failure and complete heart failure are both people with disease. there is weakness of heart failure and people with this disease are subject to death or complete heart failure. these both can happen at once.
346,"Gimnasia hired first famed Colombian trainer Francisco Maturana, and then Julio César Falcioni, but both had limited success.",vocab_1300.txt,english_stopwords,MLM,"they had don, a horse, and then don and don, but they were not very."
12,"Graham attended Wheaton College from 1939 to 1943, when he graduated with a BA in anthropology.",vocab_1300.txt,english_stopwords,T5,. ( in the form of an article on how to make the difference in the world of the art and culture of the art of the art of the art of the art of the art of the art of the art of the art of the art of the art of the art of the art of the art of
52,"This stamp remained the standard letter stamp for the remainder of Victoria's reign, and vast quantities were printed.",vocab_1300.txt,english_stopwords,T5,-  and it was very simple to use and simple to use in any way that you can use it in any way you want to use it in any way you want to use it in any way you want to use it in any way you want to use it in any way you want to use it in
57,After graduation he returned to Yerevan to teach at the local Conservatory and later he was appointed artistic director of the Armenian Philarmonic Orchestra.,vocab_1300.txt,english_stopwords,T5,he was the first person to have been in the field of music and music at the university and then as the artist of the arm to be in the orchestra of his own arm to be the artist of his own music and music program in his own right in the world of music and music in the world of music
71,It continues as the Bohemian Switzerland in the Czech Republic.,vocab_1300.txt,english_stopwords,T5,", simple simple simple simple simple simple simple simple simple simple simple simple simple simple simple simple simple simple simple simple simple simple simple simple simple simple simple simple simple simple simple simple simple simple simple simple simple simple simple simple simple simple simple simple simple simple simple simple simple simple simple simple simple simple simple simple simple simple simple simple simple"
114,The characters are foul-mouthed extensions of their earlier characters Pete and Dud.,vocab_1300.txt,english_stopwords,T5,.
125,Moderate to severe damage extended up the Atlantic coastline and as far inland as West Virginia.,vocab_1300.txt,english_stopwords,T5,: simple so so so simple so so that the damage was very slow and the damage was very slow to the extent of the damage to the coast and the coast of the ocean and the damage to the coast was very slow to the extent of the damage to the coast and the damage to the coast and the coast
140,"On occasion the male ""den master"" will also allow a second male into the den; the reason for this is unclear.",vocab_1300.txt,english_stopwords,T5,""" den master "" will let the second male inside of the den in order to let the second male inside of the den in order to let the second male inside of the den in order to get the second male inside of the den in order to get the second male inside of the den in order to get the second"
279,"These ideally provide excellent habitat for chinkara, hog deer and blue bull.",vocab_1300.txt,english_stopwords,T5,:  ideal to make them ideal for hunting in the middle of the world for the black and white of the white and white of the red and white of the red and white of the red and white of the red and white of the red and white of the red and white of the red and white of the
327,People with cardiomyopathy are often at risk of arrhythmia or sudden cardiac death or both.,vocab_1300.txt,english_stopwords,T5,a person with this disease can be subject to heart beat or heart beat disease and heart condition are of particular importance to the heart and heart condition of the disease is the cause of heart disease and people with this disease can be subject to heart beat or heart beat condition and heart beat condition in the heart and heart
346,"Gimnasia hired first famed Colombian trainer Francisco Maturana, and then Julio César Falcioni, but both had limited success.",vocab_1300.txt,english_stopwords,T5,'  and the rest of the staff were very professional and they were very good at the end of the year and they were not very good at the end of the year and they were not very good at the end of the year at the end of the year and they were very good at the end of the
12,"Graham attended Wheaton College from 1939 to 1943, when he graduated with a BA in anthropology.",vocab_1300.txt,english_stopwords,BYT5,""" student in the student industry and in the student in the student in the student in the student and in the student in the stu"
52,"This stamp remained the standard letter stamp for the remainder of Victoria's reign, and vast quantities were printed.",vocab_1300.txt,english_stopwords,BYT5,""" order was the origin of this order was the origin of the origin of the origin of the origin of the origin of the origin of th"
57,After graduation he returned to Yerevan to teach at the local Conservatory and later he was appointed artistic director of the Armenian Philarmonic Orchestra.,vocab_1300.txt,english_stopwords,BYT5,""" orchestra orchestra orchestra orchestra orchestra orchestra orchestra orchestra orchestra orchestra orchestra orchestra orche"
71,It continues as the Bohemian Switzerland in the Czech Republic.,vocab_1300.txt,english_stopwords,BYT5,""" system of the country and the region of the country of the country and the country of the country and the country of the coun"
114,The characters are foul-mouthed extensions of their earlier characters Pete and Dud.,vocab_1300.txt,english_stopwords,BYT5,""" that the character speak bad language of that the character speak bad language of that the character speak bad language of th"
125,Moderate to severe damage extended up the Atlantic coastline and as far inland as West Virginia.,vocab_1300.txt,english_stopwords,BYT5,""" point of view of this point to view of this point of this point of this point of this point of this point of this point of th"
140,"On occasion the male ""den master"" will also allow a second male into the den; the reason for this is unclear.",vocab_1300.txt,english_stopwords,BYT5,""" the male will let a second male inside "" the male will let a second male inside "" the male will let a second male inside "" th"
279,"These ideally provide excellent habitat for chinkara, hog deer and blue bull.",vocab_1300.txt,english_stopwords,BYT5,""" has been saying that these are saying that these are saying that these are saying that these are saying that these are saying"
327,People with cardiomyopathy are often at risk of arrhythmia or sudden cardiac death or both.,vocab_1300.txt,english_stopwords,BYT5,""" or subject or subject or subject or subject or subject or subject or subject or subject or subject"
346,"Gimnasia hired first famed Colombian trainer Francisco Maturana, and then Julio César Falcioni, but both had limited success.",vocab_1300.txt,english_stopwords,BYT5,""" had been at that time at that time at that time at that time at that time at that time at that time at that time at that time"
12,"Graham attended Wheaton College from 1939 to 1943, when he graduated with a BA in anthropology.",vocab_1300.txt,english_stopwords,EMB_SUB,Join include Company Revenue from realize to soldier and prison with a ANSWER in art
52,"This stamp remained the standard letter stamp for the remainder of Victoria's reign, and vast quantities were printed.",vocab_1300.txt,english_stopwords,EMB_SUB,This coat fact the power letter coat for the rest of PARTICULAR future and seem were coat
57,After graduation he returned to Yerevan to teach at the local Conservatory and later he was appointed artistic director of the Armenian Philarmonic Orchestra.,vocab_1300.txt,english_stopwords,EMB_SUB,professional future he like back to Furniture to teach at the leaving Faculty and then he was bringing artist production of the Furniture Coat Orchestra.
71,It continues as the Bohemian Switzerland in the Czech Republic.,vocab_1300.txt,english_stopwords,EMB_SUB,It is still plane as the Describe Brown in the Pink Citizen
114,The characters are foul-mouthed extensions of their earlier characters Pete and Dud.,vocab_1300.txt,english_stopwords,EMB_SUB,The colors speak bad language of their familiar colors wedding and say
125,Moderate to severe damage extended up the Atlantic coastline and as far inland as West Virginia.,vocab_1300.txt,english_stopwords,EMB_SUB,There was radical to calm damage all the way up the Middle route and as wife circumstances as Route Read
140,"On occasion the male ""den master"" will also allow a second male into the den; the reason for this is unclear.",vocab_1300.txt,english_stopwords,EMB_SUB,"On opportunity the male "" want master "" will let a second male inside of the want the factor for this is colors explain"
279,"These ideally provide excellent habitat for chinkara, hog deer and blue bull.",vocab_1300.txt,english_stopwords,EMB_SUB,Colors these make an necessary wedding spot for man pink hunting and blue leg
327,People with cardiomyopathy are often at risk of arrhythmia or sudden cardiac death or both.,vocab_1300.txt,english_stopwords,EMB_SUB,Works or heart beat sleep and silence kid life are possibility affect with knowledge. Knowledge is someone of heart strength and manner with this disease march subject to works or silence kid life. Possibility both march happen at once.
346,"Gimnasia hired first famed Colombian trainer Francisco Maturana, and then Julio César Falcioni, but both had limited success.",vocab_1300.txt,english_stopwords,EMB_SUB,Thing buy Flesh Life a Coat seat and then Destruction Create Wish but they were not very success
12,"Graham attended Wheaton College from 1939 to 1943, when he graduated with a BA in anthropology.",vocab_1300.txt,none,MLM,"brown attend university school, going down track, beginning getting double credit teaching."
52,"This stamp remained the standard letter stamp for the remainder of Victoria's reign, and vast quantities were printed.",vocab_1300.txt,none,MLM,"yellow cards remain official blue letter cards over entire rest following communist rule, while red cards remain."
57,After graduation he returned to Yerevan to teach at the local Conservatory and later he was appointed artistic director of the Armenian Philarmonic Orchestra.,vocab_1300.txt,none,MLM,"following independence, going back outside life, teach, attend national university.,, being assistant music teacher, national university youth Orchestra."
71,It continues as the Bohemian Switzerland in the Czech Republic.,vocab_1300.txt,none,MLM,march - still serving outside upper level office outside upper middle.
114,The characters are foul-mouthed extensions of their earlier characters Pete and Dud.,vocab_1300.txt,none,MLM,two people speak bad language like two human: man - man
125,Moderate to severe damage extended up the Atlantic coastline and as far inland as West Virginia.,vocab_1300.txt,none,MLM,"damage spread down, bringing damage down part way off near ocean shore, reaching further extent near lake."
140,"On occasion the male ""den master"" will also allow a second male into the den; the reason for this is unclear.",vocab_1300.txt,none,MLM,"giving opportunity, male "" male master "" will let choose second male inside enter - meaning; further reason: meaning: meaning."
279,"These ideally provide excellent habitat for chinkara, hog deer and blue bull.",vocab_1300.txt,none,MLM,", cattle make home near hunting area like black, red horse, blue."
327,People with cardiomyopathy are often at risk of arrhythmia or sudden cardiac death or both.,vocab_1300.txt,none,MLM,"heart - heart beat failure following complete heart failure, be found: weakness. weakness, weakness, heart failure. people suffering heart disease become subject. death means complete heart failure. failure failure can happen even."
346,"Gimnasia hired first famed Colombian trainer Francisco Maturana, and then Julio César Falcioni, but both had limited success.",vocab_1300.txt,none,MLM,"management: bob, bob, bob, bob, plus bob, plus bob, bob, bob."
12,"Graham attended Wheaton College from 1939 to 1943, when he graduated with a BA in anthropology.",vocab_1300.txt,none,T5,"'  ( "" """
52,"This stamp remained the standard letter stamp for the remainder of Victoria's reign, and vast quantities were printed.",vocab_1300.txt,none,T5,:
57,After graduation he returned to Yerevan to teach at the local Conservatory and later he was appointed artistic director of the Armenian Philarmonic Orchestra.,vocab_1300.txt,none,T5,"- "" "" "" "" "" "" "" "" "" "" "" "" "" "" "" "" "" "" "" "" "" "" "" "" "" "" "" "" "" "" "" "" "" "" "" "" "" "" "" "" "" "" "" "" "" "" "" "" "" "" "" "" "" "" "" "" "" "" "" "" """
71,It continues as the Bohemian Switzerland in the Czech Republic.,vocab_1300.txt,none,T5,", simple simple simple simple simple simple simple simple"
114,The characters are foul-mouthed extensions of their earlier characters Pete and Dud.,vocab_1300.txt,none,T5,.
125,Moderate to severe damage extended up the Atlantic coastline and as far inland as West Virginia.,vocab_1300.txt,none,T5,.
140,"On occasion the male ""den master"" will also allow a second male into the den; the reason for this is unclear.",vocab_1300.txt,none,T5,""" den master "" will let an second male inside den master "" let an second male inside "" den master "" let an second male inside "" den master """
279,"These ideally provide excellent habitat for chinkara, hog deer and blue bull.",vocab_1300.txt,none,T5,:  ideal conditions make ideal soil conditions ideal conditions ideal conditions conditions conditions conditions conditions conditions conditions conditions conditions conditions conditions conditions conditions conditions conditions conditions conditions
327,People with cardiomyopathy are often at risk of arrhythmia or sudden cardiac death or both.,vocab_1300.txt,none,T5,"- "" "" "" "" "" "" "" "" "" "" "" "" "" "" "" "" "" "" "" "" "" "" "" "" "" "" "" "" "" "" "" "" "" "" "" "" "" "" "" "" "" "" "" "" "" "" "" "" "" "" "" "" "" "" "" "" "" "" "" "" """
346,"Gimnasia hired first famed Colombian trainer Francisco Maturana, and then Julio César Falcioni, but both had limited success.",vocab_1300.txt,none,T5,"'  ( "" "" ( "" "" "" "" "" "" "" "" "" "" "" "" "" "" "" "" "" "" "" "" "" "" "" "" "" "" "" "" "" "" "" "" "" "" "" "" "" """
12,"Graham attended Wheaton College from 1939 to 1943, when he graduated with a BA in anthropology.",vocab_1300.txt,none,BYT5,""" student attack attack attack attack attack attack attack attack attack attack attack attack attack attack attack attack attac"
52,"This stamp remained the standard letter stamp for the remainder of Victoria's reign, and vast quantities were printed.",vocab_1300.txt,none,BYT5,""" issue issue issue issue issue issue issue issue issue issue issue issue issue issue issue issue issue issue issue issue issue"
57,After graduation he returned to Yerevan to teach at the local Conservatory and later he was appointed artistic director of the Armenian Philarmonic Orchestra.,vocab_1300.txt,none,BYT5,""" orchestra orchestra orchestra orchestra orchestra orchestra"
71,It continues as the Bohemian Switzerland in the Czech Republic.,vocab_1300.txt,none,BYT5,""" status apartment can be found inside outside outside outside outside outside outside outside outside outside outside outside"
114,The characters are foul-mouthed extensions of their earlier characters Pete and Dud.,vocab_1300.txt,none,BYT5,""" simple simple simple simple simple simple simple simple simple simple simple simple simple simple simple simple simple simple"
125,Moderate to severe damage extended up the Atlantic coastline and as far inland as West Virginia.,vocab_1300.txt,none,BYT5,""" point indicate thanks thanks thanks thanks thanks thanks thanks thanks thanks thanks thanks thanks thanks thanks thanks thank"
140,"On occasion the male ""den master"" will also allow a second male into the den; the reason for this is unclear.",vocab_1300.txt,none,BYT5,""" will let inside opportunity "" will let inside opportunity "" will let inside opportunity "" will let inside opportunity "" will"
279,"These ideally provide excellent habitat for chinkara, hog deer and blue bull.",vocab_1300.txt,none,BYT5,""" statement statement statement statement statement statement statement statement statement statement statement statement state"
327,People with cardiomyopathy are often at risk of arrhythmia or sudden cardiac death or both.,vocab_1300.txt,none,BYT5,""" origin origin origin origin origin origin origin origin origin origin origin origin origin origin origin origin origin origin"
346,"Gimnasia hired first famed Colombian trainer Francisco Maturana, and then Julio César Falcioni, but both had limited success.",vocab_1300.txt,none,BYT5,""" second second second second second second second second second"
12,"Graham attended Wheaton College from 1939 to 1943, when he graduated with a BA in anthropology.",vocab_1300.txt,none,EMB_SUB,Join include Company Revenue while realize include soldier include prison even include ANSWER know art
52,"This stamp remained the standard letter stamp for the remainder of Victoria's reign, and vast quantities were printed.",vocab_1300.txt,none,EMB_SUB,Have coat fact include power letter coat do include rest someone PARTICULAR future include seem include coat
57,After graduation he returned to Yerevan to teach at the local Conservatory and later he was appointed artistic director of the Armenian Philarmonic Orchestra.,vocab_1300.txt,none,EMB_SUB,professional future know like back include Furniture include teach include include leaving Faculty include let know include bringing artist production someone include Furniture Coat Orchestra.
71,It continues as the Bohemian Switzerland in the Czech Republic.,vocab_1300.txt,none,EMB_SUB,Seem include still plane include include Describe Brown know include Pink Citizen
114,The characters are foul-mouthed extensions of their earlier characters Pete and Dud.,vocab_1300.txt,none,EMB_SUB,Include colors speak bad language someone have familiar colors wedding include say
125,Moderate to severe damage extended up the Atlantic coastline and as far inland as West Virginia.,vocab_1300.txt,none,EMB_SUB,Like include radical include calm damage ordinary include way say include Middle route include include wife circumstances include Route Read
140,"On occasion the male ""den master"" will also allow a second male into the den; the reason for this is unclear.",vocab_1300.txt,none,EMB_SUB,"Even opportunity include male "" want master "" will let include second male inside someone include want include factor do have include colors explain"
279,"These ideally provide excellent habitat for chinkara, hog deer and blue bull.",vocab_1300.txt,none,EMB_SUB,Colors like make include necessary wedding spot do man pink hunting include blue leg
327,People with cardiomyopathy are often at risk of arrhythmia or sudden cardiac death or both.,vocab_1300.txt,none,EMB_SUB,Works include heart beat sleep include silence kid life become possibility affect even knowledge. Knowledge include someone someone heart strength include manner even have disease march subject include works include silence kid life. Possibility have march happen include kill
346,"Gimnasia hired first famed Colombian trainer Francisco Maturana, and then Julio César Falcioni, but both had limited success.",vocab_1300.txt,none,EMB_SUB,Thing buy Flesh Life include Coat seat include let Destruction Create Wish even understand include origin buying success
12,"Graham attended Wheaton College from 1939 to 1943, when he graduated with a BA in anthropology.",vocab_1400.txt,english_stopwords,MLM,he attend university there from then to university and university with a degree in engineering.
52,"This stamp remained the standard letter stamp for the remainder of Victoria's reign, and vast quantities were printed.",vocab_1400.txt,english_stopwords,MLM,"This issue was the official letter issue for the rest of his life, and both were:."
57,After graduation he returned to Yerevan to teach at the local Conservatory and later he was appointed artistic director of the Armenian Philarmonic Orchestra.,vocab_1400.txt,english_stopwords,MLM,after that he was back to work to teach at the national theatre and then he was the music teacher of the national youth Orchestra.
71,It continues as the Bohemian Switzerland in the Czech Republic.,vocab_1400.txt,english_stopwords,MLM,It is still found as the only plant in the whole.
114,The characters are foul-mouthed extensions of their earlier characters Pete and Dud.,vocab_1400.txt,english_stopwords,MLM,"The pair speak bad language of their fellow pair, and:"
125,Moderate to severe damage extended up the Atlantic coastline and as far inland as West Virginia.,vocab_1400.txt,english_stopwords,MLM,There was damage to property damage all the way up the entire coast and as further up as lake.
140,"On occasion the male ""den master"" will also allow a second male into the den; the reason for this is unclear.",vocab_1400.txt,english_stopwords,MLM,"On opportunity the male "" male master "" will let a second male inside of the house; the reason for this is not."
279,"These ideally provide excellent habitat for chinkara, hog deer and blue bull.",vocab_1400.txt,english_stopwords,MLM,"here, these make an ideal hunting spot for both, red horse and blue."
327,People with cardiomyopathy are often at risk of arrhythmia or sudden cardiac death or both.,vocab_1400.txt,english_stopwords,MLM,heart or heart beat failure and complete heart failure are both people with disease. there is weakness of heart failure and people with this disease are subject to death or complete heart failure. these both can happen at once.
346,"Gimnasia hired first famed Colombian trainer Francisco Maturana, and then Julio César Falcioni, but both had limited success.",vocab_1400.txt,english_stopwords,MLM,"they had don, a horse, and then don and don, but they were not very."
12,"Graham attended Wheaton College from 1939 to 1943, when he graduated with a BA in anthropology.",vocab_1400.txt,english_stopwords,T5,. ( in the form of an article on how to make the difference in the world of the art and culture of the art of the art of the art of the art of the art of the art of the art of the art of the art of the art of the art of the art of the art of
52,"This stamp remained the standard letter stamp for the remainder of Victoria's reign, and vast quantities were printed.",vocab_1400.txt,english_stopwords,T5,-  and it was very simple to use and simple to use in any way that you can use it in any way you want to use it in any way you want to use it in any way you want to use it in any way you want to use it in any way you want to use it in
57,After graduation he returned to Yerevan to teach at the local Conservatory and later he was appointed artistic director of the Armenian Philarmonic Orchestra.,vocab_1400.txt,english_stopwords,T5,he was the first person to have been in the field of music and music at the university and then as an artist of the arm to perform at an orchestra and orchestra in his own right in the world of music and music in the world of music and music in the world of music and music in the world of
71,It continues as the Bohemian Switzerland in the Czech Republic.,vocab_1400.txt,english_stopwords,T5,", simple simple simple simple simple simple simple simple simple simple simple simple simple simple simple simple simple simple simple simple simple simple simple simple simple simple simple simple simple simple simple simple simple simple simple simple simple simple simple simple simple simple simple simple simple simple simple simple simple simple simple simple simple simple simple simple simple simple simple simple simple"
114,The characters are foul-mouthed extensions of their earlier characters Pete and Dud.,vocab_1400.txt,english_stopwords,T5,.
125,Moderate to severe damage extended up the Atlantic coastline and as far inland as West Virginia.,vocab_1400.txt,english_stopwords,T5,: simple so so so simple so so that the damage was very slow and the damage was very slow to the extent of the damage to the coast and the coast of the ocean and the damage to the coast was very slow to the extent of the damage to the coast and the damage to the coast and the coast
140,"On occasion the male ""den master"" will also allow a second male into the den; the reason for this is unclear.",vocab_1400.txt,english_stopwords,T5,""" den master "" will let the second male inside of the den in order to let the second male inside of the den in order to let the second male inside of the den in order to get the second male inside of the den in order to get the second male inside of the den in order to get the second"
279,"These ideally provide excellent habitat for chinkara, hog deer and blue bull.",vocab_1400.txt,english_stopwords,T5,:  ideal to make them ideal for hunting in the middle of the world for the black and white of the white and white of the red and white of the red and white of the red and white of the red and white of the red and white of the red and white of the red and white of the
327,People with cardiomyopathy are often at risk of arrhythmia or sudden cardiac death or both.,vocab_1400.txt,english_stopwords,T5,a person with this disease can be subject to heart beat or heart beat disease and heart condition are of particular importance to the heart and heart condition of the disease is the cause of heart disease and people with this disease can be subject to heart beat or heart beat condition and heart beat condition in the heart and heart
346,"Gimnasia hired first famed Colombian trainer Francisco Maturana, and then Julio César Falcioni, but both had limited success.",vocab_1400.txt,english_stopwords,T5,'  and the rest of the staff were very professional and they were very good at the end of the year and they were not very good at the end of the year and they were not very good at the end of the year at the end of the year and they were very good at the end of the
12,"Graham attended Wheaton College from 1939 to 1943, when he graduated with a BA in anthropology.",vocab_1400.txt,english_stopwords,BYT5,""" student in the student industry and in the student in the student in the student in the student and in the student in the stu"
52,"This stamp remained the standard letter stamp for the remainder of Victoria's reign, and vast quantities were printed.",vocab_1400.txt,english_stopwords,BYT5,""" order was the origin of this order was the origin of the origin of the origin of the origin of the origin of the origin of th"
57,After graduation he returned to Yerevan to teach at the local Conservatory and later he was appointed artistic director of the Armenian Philarmonic Orchestra.,vocab_1400.txt,english_stopwords,BYT5,""" orchestra orchestra orchestra orchestra orchestra orchestra orchestra orchestra orchestra orchestra orchestra orchestra orche"
71,It continues as the Bohemian Switzerland in the Czech Republic.,vocab_1400.txt,english_stopwords,BYT5,""" system of the country and the region of the country of the country and the country of the country and the country of the coun"
114,The characters are foul-mouthed extensions of their earlier characters Pete and Dud.,vocab_1400.txt,english_stopwords,BYT5,""" that the character speak bad language of that the character speak bad language of that the character speak bad language of th"
125,Moderate to severe damage extended up the Atlantic coastline and as far inland as West Virginia.,vocab_1400.txt,english_stopwords,BYT5,""" point of view of this point to view of this point of this point of this point of this point of this point of this point of th"
140,"On occasion the male ""den master"" will also allow a second male into the den; the reason for this is unclear.",vocab_1400.txt,english_stopwords,BYT5,""" the male will let a second male inside "" the male will let a second male inside "" the male will let a second male inside "" th"
279,"These ideally provide excellent habitat for chinkara, hog deer and blue bull.",vocab_1400.txt,english_stopwords,BYT5,""" has been saying that these are saying that these are saying that these are saying that these are saying that these are saying"
327,People with cardiomyopathy are often at risk of arrhythmia or sudden cardiac death or both.,vocab_1400.txt,english_stopwords,BYT5,""" or subject or subject or subject or subject or subject or subject or subject or subject or subject"
346,"Gimnasia hired first famed Colombian trainer Francisco Maturana, and then Julio César Falcioni, but both had limited success.",vocab_1400.txt,english_stopwords,BYT5,""" had been at that time at that time at that time at that time at that time at that time at that time at that time at that time"
12,"Graham attended Wheaton College from 1939 to 1943, when he graduated with a BA in anthropology.",vocab_1400.txt,english_stopwords,EMB_SUB,Join include Company Revenue from realize to soldier and prison with a ANSWER in art
52,"This stamp remained the standard letter stamp for the remainder of Victoria's reign, and vast quantities were printed.",vocab_1400.txt,english_stopwords,EMB_SUB,This coat fact the power letter coat for the rest of PARTICULAR future and seem were hanging
57,After graduation he returned to Yerevan to teach at the local Conservatory and later he was appointed artistic director of the Armenian Philarmonic Orchestra.,vocab_1400.txt,english_stopwords,EMB_SUB,petitioner future he like back to Furniture to teach at the leaving Faculty and then he was bringing artist production of the Furniture Coat Orchestra.
71,It continues as the Bohemian Switzerland in the Czech Republic.,vocab_1400.txt,english_stopwords,EMB_SUB,It is still plane as the Describe Brown in the Pink Citizen
114,The characters are foul-mouthed extensions of their earlier characters Pete and Dud.,vocab_1400.txt,english_stopwords,EMB_SUB,The delight speak bad language of their familiar delight wedding and say
125,Moderate to severe damage extended up the Atlantic coastline and as far inland as West Virginia.,vocab_1400.txt,english_stopwords,EMB_SUB,There was radical to calm damage all the way up the Middle route and as wife circumstances as Route Read
140,"On occasion the male ""den master"" will also allow a second male into the den; the reason for this is unclear.",vocab_1400.txt,english_stopwords,EMB_SUB,"On opportunity the male "" want master "" will let a second male inside of the want the factor for this is colors explain"
279,"These ideally provide excellent habitat for chinkara, hog deer and blue bull.",vocab_1400.txt,english_stopwords,EMB_SUB,Colors these make an necessary wedding spot for man pink hunting and blue leg
327,People with cardiomyopathy are often at risk of arrhythmia or sudden cardiac death or both.,vocab_1400.txt,english_stopwords,EMB_SUB,Works or heart beat sleep and clarity movie life are possibility affect with card. Card is someone of heart strength and manner with this disease march subject to works or clarity movie life. Possibility both march happen at once.
346,"Gimnasia hired first famed Colombian trainer Francisco Maturana, and then Julio César Falcioni, but both had limited success.",vocab_1400.txt,english_stopwords,EMB_SUB,Thing buy Flesh Life a Coat seat and then Destruction Create Wish but they were not very success
12,"Graham attended Wheaton College from 1939 to 1943, when he graduated with a BA in anthropology.",vocab_1400.txt,none,MLM,"brown attend university school, going down track, beginning getting double credit teaching."
52,"This stamp remained the standard letter stamp for the remainder of Victoria's reign, and vast quantities were printed.",vocab_1400.txt,none,MLM,"yellow cards remain official blue letter cards over entire rest following communist rule, while red cards remain."
57,After graduation he returned to Yerevan to teach at the local Conservatory and later he was appointed artistic director of the Armenian Philarmonic Orchestra.,vocab_1400.txt,none,MLM,"following independence, going back outside life, teach, attend national university.,, being assistant music teacher, national university youth Orchestra."
71,It continues as the Bohemian Switzerland in the Czech Republic.,vocab_1400.txt,none,MLM,march - still serving outside upper level office outside upper middle.
114,The characters are foul-mouthed extensions of their earlier characters Pete and Dud.,vocab_1400.txt,none,MLM,two people speak bad language like two human: cow - cow
125,Moderate to severe damage extended up the Atlantic coastline and as far inland as West Virginia.,vocab_1400.txt,none,MLM,"damage spread down, bringing damage down part way off near ocean shore, reaching further extent near lake."
140,"On occasion the male ""den master"" will also allow a second male into the den; the reason for this is unclear.",vocab_1400.txt,none,MLM,"giving opportunity, male "" male master "" will let choose second male inside enter - meaning; further reason: meaning: meaning."
279,"These ideally provide excellent habitat for chinkara, hog deer and blue bull.",vocab_1400.txt,none,MLM,", cattle make home near hunting area like black, red horse, blue."
327,People with cardiomyopathy are often at risk of arrhythmia or sudden cardiac death or both.,vocab_1400.txt,none,MLM,"heart - heart beat failure following complete heart failure, be found: weakness. weakness, weakness, heart failure. people suffering heart disease become subject. death means complete heart failure. cure failure can happen even."
346,"Gimnasia hired first famed Colombian trainer Francisco Maturana, and then Julio César Falcioni, but both had limited success.",vocab_1400.txt,none,MLM,"management: bob, bob, bob, bob, plus bob, plus bob, bob, bob."
12,"Graham attended Wheaton College from 1939 to 1943, when he graduated with a BA in anthropology.",vocab_1400.txt,none,T5,"'  ( "" """
52,"This stamp remained the standard letter stamp for the remainder of Victoria's reign, and vast quantities were printed.",vocab_1400.txt,none,T5,:
57,After graduation he returned to Yerevan to teach at the local Conservatory and later he was appointed artistic director of the Armenian Philarmonic Orchestra.,vocab_1400.txt,none,T5,"- "" "" "" "" "" "" "" "" "" "" "" "" "" "" "" "" "" "" "" "" "" "" "" "" "" "" "" "" "" "" "" "" "" "" "" "" "" "" "" "" "" "" "" "" "" "" "" "" "" "" "" "" "" "" "" "" "" "" "" "" """
71,It continues as the Bohemian Switzerland in the Czech Republic.,vocab_1400.txt,none,T5,", simple simple simple simple simple simple simple simple"
114,The characters are foul-mouthed extensions of their earlier characters Pete and Dud.,vocab_1400.txt,none,T5,.
125,Moderate to severe damage extended up the Atlantic coastline and as far inland as West Virginia.,vocab_1400.txt,none,T5,.
140,"On occasion the male ""den master"" will also allow a second male into the den; the reason for this is unclear.",vocab_1400.txt,none,T5,""" den master "" will let an second male inside den master "" let an second male inside "" den master "" let an second male inside "" den master """
279,"These ideally provide excellent habitat for chinkara, hog deer and blue bull.",vocab_1400.txt,none,T5,:  ideal conditions make ideal soil conditions ideal conditions ideal conditions conditions conditions conditions conditions conditions conditions conditions conditions conditions conditions conditions conditions conditions conditions conditions conditions
327,People with cardiomyopathy are often at risk of arrhythmia or sudden cardiac death or both.,vocab_1400.txt,none,T5,"- "" "" "" "" "" "" "" "" "" "" "" "" "" "" "" "" "" "" "" "" "" "" "" "" "" "" "" "" "" "" "" "" "" "" "" "" "" "" "" "" "" "" "" "" "" "" "" "" "" "" "" "" "" "" "" "" "" "" "" "" """
346,"Gimnasia hired first famed Colombian trainer Francisco Maturana, and then Julio César Falcioni, but both had limited success.",vocab_1400.txt,none,T5,"'  ( "" "" ( "" "" "" "" "" "" "" "" "" "" "" "" "" "" "" "" "" "" "" "" "" "" "" "" "" "" "" "" "" "" "" "" "" "" "" "" "" """
12,"Graham attended Wheaton College from 1939 to 1943, when he graduated with a BA in anthropology.",vocab_1400.txt,none,BYT5,""" student attack attack attack attack attack attack attack attack attack attack attack attack attack attack attack attack attac"
52,"This stamp remained the standard letter stamp for the remainder of Victoria's reign, and vast quantities were printed.",vocab_1400.txt,none,BYT5,""" issue issue issue issue issue issue issue issue issue issue issue issue issue issue issue issue issue issue issue issue issue"
57,After graduation he returned to Yerevan to teach at the local Conservatory and later he was appointed artistic director of the Armenian Philarmonic Orchestra.,vocab_1400.txt,none,BYT5,""" orchestra orchestra orchestra orchestra orchestra orchestra"
71,It continues as the Bohemian Switzerland in the Czech Republic.,vocab_1400.txt,none,BYT5,""" status apparatus apparatus apparatus apparatus apparatus apparatus apparatus apparatus apparatus apparatus apparatus apparatu"
114,The characters are foul-mouthed extensions of their earlier characters Pete and Dud.,vocab_1400.txt,none,BYT5,""" simple simple simple simple simple simple simple simple simple simple simple simple simple simple simple simple simple simple"
125,Moderate to severe damage extended up the Atlantic coastline and as far inland as West Virginia.,vocab_1400.txt,none,BYT5,""" point indicate thanks thanks thanks thanks thanks thanks thanks thanks thanks thanks thanks thanks thanks thanks thanks thank"
140,"On occasion the male ""den master"" will also allow a second male into the den; the reason for this is unclear.",vocab_1400.txt,none,BYT5,""" will let inside opportunity "" will let inside opportunity "" will let inside opportunity "" will let inside opportunity "" will"
279,"These ideally provide excellent habitat for chinkara, hog deer and blue bull.",vocab_1400.txt,none,BYT5,""" statement statement statement statement statement statement statement statement statement statement statement statement state"
327,People with cardiomyopathy are often at risk of arrhythmia or sudden cardiac death or both.,vocab_1400.txt,none,BYT5,""" origin origin origin origin origin origin origin origin origin origin origin origin origin origin origin origin origin origin"
346,"Gimnasia hired first famed Colombian trainer Francisco Maturana, and then Julio César Falcioni, but both had limited success.",vocab_1400.txt,none,BYT5,""" second second second second second second second second second"
12,"Graham attended Wheaton College from 1939 to 1943, when he graduated with a BA in anthropology.",vocab_1400.txt,none,EMB_SUB,Join include Company Revenue while realize include soldier include prison even include ANSWER know art
52,"This stamp remained the standard letter stamp for the remainder of Victoria's reign, and vast quantities were printed.",vocab_1400.txt,none,EMB_SUB,Have coat fact include power letter coat do include rest someone PARTICULAR future include seem include hanging
57,After graduation he returned to Yerevan to teach at the local Conservatory and later he was appointed artistic director of the Armenian Philarmonic Orchestra.,vocab_1400.txt,none,EMB_SUB,petitioner future know like back include Furniture include teach include include leaving Faculty include let know include bringing artist production someone include Furniture Coat Orchestra.
71,It continues as the Bohemian Switzerland in the Czech Republic.,vocab_1400.txt,none,EMB_SUB,Seem include still plane include include Describe Brown know include Pink Citizen
114,The characters are foul-mouthed extensions of their earlier characters Pete and Dud.,vocab_1400.txt,none,EMB_SUB,Include delight speak bad language someone have familiar delight wedding include say
125,Moderate to severe damage extended up the Atlantic coastline and as far inland as West Virginia.,vocab_1400.txt,none,EMB_SUB,Like include radical include calm damage ordinary include way say include Middle route include include wife circumstances include Route Read
140,"On occasion the male ""den master"" will also allow a second male into the den; the reason for this is unclear.",vocab_1400.txt,none,EMB_SUB,"Even opportunity include male "" want master "" will let include second male inside someone include want include factor do have include colors explain"
279,"These ideally provide excellent habitat for chinkara, hog deer and blue bull.",vocab_1400.txt,none,EMB_SUB,Colors like make include necessary wedding spot do man pink hunting include blue leg
327,People with cardiomyopathy are often at risk of arrhythmia or sudden cardiac death or both.,vocab_1400.txt,none,EMB_SUB,Works include heart beat sleep include clarity movie life become possibility affect even card. Card include someone someone heart strength include manner even have disease march subject include works include clarity movie life. Possibility have march happen include kill
346,"Gimnasia hired first famed Colombian trainer Francisco Maturana, and then Julio César Falcioni, but both had limited success.",vocab_1400.txt,none,EMB_SUB,Thing buy Flesh Life include Coat seat include let Destruction Create Wish even understand include origin buying success
12,"Graham attended Wheaton College from 1939 to 1943, when he graduated with a BA in anthropology.",vocab_1500.txt,english_stopwords,MLM,he attending university school from then to university and university with a degree in engineering.
52,"This stamp remained the standard letter stamp for the remainder of Victoria's reign, and vast quantities were printed.",vocab_1500.txt,english_stopwords,MLM,"This issue was the official letter issue for the rest of his life, and both were:."
57,After graduation he returned to Yerevan to teach at the local Conservatory and later he was appointed artistic director of the Armenian Philarmonic Orchestra.,vocab_1500.txt,english_stopwords,MLM,after that he was back to work to teach at the national theatre and then he was the music teacher of the national youth Orchestra.
71,It continues as the Bohemian Switzerland in the Czech Republic.,vocab_1500.txt,english_stopwords,MLM,It is still found as the only plant in the whole.
114,The characters are foul-mouthed extensions of their earlier characters Pete and Dud.,vocab_1500.txt,english_stopwords,MLM,"The pair speak bad language of their fellow pair, and:"
125,Moderate to severe damage extended up the Atlantic coastline and as far inland as West Virginia.,vocab_1500.txt,english_stopwords,MLM,There was damage to storm damage all the way up the entire coast and as long as as in.
140,"On occasion the male ""den master"" will also allow a second male into the den; the reason for this is unclear.",vocab_1500.txt,english_stopwords,MLM,"On opportunity the male "" male master "" will let a second male inside of the house; the reason for this is not."
279,"These ideally provide excellent habitat for chinkara, hog deer and blue bull.",vocab_1500.txt,english_stopwords,MLM,"here, these make an ideal hunting spot for both, red horse and blue."
327,People with cardiomyopathy are often at risk of arrhythmia or sudden cardiac death or both.,vocab_1500.txt,english_stopwords,MLM,heart or heart beat failure and complete heart failure are both people with cancer. there is weakness of heart failure and people with this disease are subject to death or complete heart failure. these both can happen at once.
346,"Gimnasia hired first famed Colombian trainer Francisco Maturana, and then Julio César Falcioni, but both had limited success.",vocab_1500.txt,english_stopwords,MLM,"they had don, a horse, and then don and don, but they were not very."
12,"Graham attended Wheaton College from 1939 to 1943, when he graduated with a BA in anthropology.",vocab_1500.txt,english_stopwords,T5,. ( in the form of an article on how to make the difference in the world of the art and culture of the art of the art of the art of the art of the art of the art of the art of the art of the art of the art of the art of the art of the art of
52,"This stamp remained the standard letter stamp for the remainder of Victoria's reign, and vast quantities were printed.",vocab_1500.txt,english_stopwords,T5,-  and it was very simple to use and simple to use in any way that you can use it in any way you want to use it in any way you want to use it in any way you want to use it in any way you want to use it in any way you want to use it in
57,After graduation he returned to Yerevan to teach at the local Conservatory and later he was appointed artistic director of the Armenian Philarmonic Orchestra.,vocab_1500.txt,english_stopwords,T5,he was the first person to have been in the field of music and music at the university and then as an artist of the arm to perform at an orchestra and orchestra in his own right in the world of music and music in the world of music and music in the world of music and music in the world of
71,It continues as the Bohemian Switzerland in the Czech Republic.,vocab_1500.txt,english_stopwords,T5,", simple simple simple simple simple simple simple simple simple simple simple simple simple simple simple simple simple simple simple simple simple simple simple simple simple simple simple simple simple simple simple simple simple simple simple simple simple simple simple simple simple simple simple simple simple simple simple simple simple simple simple simple simple simple simple simple simple simple simple simple simple"
114,The characters are foul-mouthed extensions of their earlier characters Pete and Dud.,vocab_1500.txt,english_stopwords,T5,.
125,Moderate to severe damage extended up the Atlantic coastline and as far inland as West Virginia.,vocab_1500.txt,english_stopwords,T5,: simple so so so simple so so that the damage was very slow and the damage was very slow to the extent of the damage to the coast and the coast of the ocean and the damage to the coast was very slow to the extent of the damage to the coast and the damage to the coast and the coast
140,"On occasion the male ""den master"" will also allow a second male into the den; the reason for this is unclear.",vocab_1500.txt,english_stopwords,T5,""" den master "" will let the second male inside of the den in order to let the second male inside of the den in order to let the second male inside of the den in order to get the second male inside of the den in order to get the second male inside of the den in order to get the second"
279,"These ideally provide excellent habitat for chinkara, hog deer and blue bull.",vocab_1500.txt,english_stopwords,T5,:  ideal to make them ideal for feeding in the middle of the middle of the middle of the middle of the middle of the middle of the middle of the middle of the middle of the middle of the middle of the middle of the middle of the middle of the middle of the middle of the middle of the
327,People with cardiomyopathy are often at risk of arrhythmia or sudden cardiac death or both.,vocab_1500.txt,english_stopwords,T5,a person with this disease can be subject to heart beat or heart beat disease and heart condition are of particular importance to the heart and heart condition of the disease is the cause of heart disease and people with this disease can be subject to heart beat or heart beat condition and heart beat condition in the heart and heart
346,"Gimnasia hired first famed Colombian trainer Francisco Maturana, and then Julio César Falcioni, but both had limited success.",vocab_1500.txt,english_stopwords,T5,'  and the rest of the staff were very professional and they were very good at the end of the year and they were not very good at the end of the year and they were not very good at the end of the year at the end of the year and they were very good at the end of the
12,"Graham attended Wheaton College from 1939 to 1943, when he graduated with a BA in anthropology.",vocab_1500.txt,english_stopwords,BYT5,""" student attending attending attending attending attending attending attending attending attending attending attending attendi"
52,"This stamp remained the standard letter stamp for the remainder of Victoria's reign, and vast quantities were printed.",vocab_1500.txt,english_stopwords,BYT5,""" order was the origin of this order was the origin of the origin of the origin of the origin of the origin of the origin of th"
57,After graduation he returned to Yerevan to teach at the local Conservatory and later he was appointed artistic director of the Armenian Philarmonic Orchestra.,vocab_1500.txt,english_stopwords,BYT5,""" orchestra orchestra orchestra orchestra orchestra orchestra orchestra orchestra orchestra orchestra orchestra orchestra orche"
71,It continues as the Bohemian Switzerland in the Czech Republic.,vocab_1500.txt,english_stopwords,BYT5,""" system of the country and the region of the country of the country and the country of the country and the country of the coun"
114,The characters are foul-mouthed extensions of their earlier characters Pete and Dud.,vocab_1500.txt,english_stopwords,BYT5,""" that the character speak bad language of that the character speak bad language of that the character speak bad language of th"
125,Moderate to severe damage extended up the Atlantic coastline and as far inland as West Virginia.,vocab_1500.txt,english_stopwords,BYT5,""" point of view of this point to view of this point of this point of this point of this point of this point of this point of th"
140,"On occasion the male ""den master"" will also allow a second male into the den; the reason for this is unclear.",vocab_1500.txt,english_stopwords,BYT5,""" the male will let a second male inside "" the male will let a second male inside "" the male will let a second male inside "" th"
279,"These ideally provide excellent habitat for chinkara, hog deer and blue bull.",vocab_1500.txt,english_stopwords,BYT5,""" has been saying that these are saying that these are saying that these are saying that these are saying that these are saying"
327,People with cardiomyopathy are often at risk of arrhythmia or sudden cardiac death or both.,vocab_1500.txt,english_stopwords,BYT5,""" or subject or subject or subject or subject or subject or subject or subject or subject or subject"
346,"Gimnasia hired first famed Colombian trainer Francisco Maturana, and then Julio César Falcioni, but both had limited success.",vocab_1500.txt,english_stopwords,BYT5,""" had been at that time at that time at that time at that time at that time at that time at that time at that time at that time"
12,"Graham attended Wheaton College from 1939 to 1943, when he graduated with a BA in anthropology.",vocab_1500.txt,english_stopwords,EMB_SUB,Join include Company Revenue from realize to soldier and prison with a ANSWER in art
52,"This stamp remained the standard letter stamp for the remainder of Victoria's reign, and vast quantities were printed.",vocab_1500.txt,english_stopwords,EMB_SUB,This coat fact the power letter coat for the rest of PARTICULAR perspective and seem were hanging
57,After graduation he returned to Yerevan to teach at the local Conservatory and later he was appointed artistic director of the Armenian Philarmonic Orchestra.,vocab_1500.txt,english_stopwords,EMB_SUB,petitioner future he like back to Pile to teach at the enable Faculty and then he was bringing artist production of the Furniture Coat Orchestra.
71,It continues as the Bohemian Switzerland in the Czech Republic.,vocab_1500.txt,english_stopwords,EMB_SUB,It is still plane as the Describe Brown in the Pink Citizen
114,The characters are foul-mouthed extensions of their earlier characters Pete and Dud.,vocab_1500.txt,english_stopwords,EMB_SUB,The delight speak bad language of their familiar delight wedding and say
125,Moderate to severe damage extended up the Atlantic coastline and as far inland as West Virginia.,vocab_1500.txt,english_stopwords,EMB_SUB,There was radical to calm damage all the way up the Middle route and as wife circumstances as Route Read
140,"On occasion the male ""den master"" will also allow a second male into the den; the reason for this is unclear.",vocab_1500.txt,english_stopwords,EMB_SUB,"On opportunity the male "" want master "" will let a second male inside of the want the factor for this is colors explain"
279,"These ideally provide excellent habitat for chinkara, hog deer and blue bull.",vocab_1500.txt,english_stopwords,EMB_SUB,Colors these make an necessary wedding spot for man pink hunting and blue leg
327,People with cardiomyopathy are often at risk of arrhythmia or sudden cardiac death or both.,vocab_1500.txt,english_stopwords,EMB_SUB,Works or heart beat sleep and clarity movie life are overcome affect with card. Card is someone of heart strength and bearing with this disease march subject to works or clarity movie life. Overcome both march happen at once.
346,"Gimnasia hired first famed Colombian trainer Francisco Maturana, and then Julio César Falcioni, but both had limited success.",vocab_1500.txt,english_stopwords,EMB_SUB,Thing buy Flesh Life a Coat seat and then Destruction Create Wish but they were not very success
12,"Graham attended Wheaton College from 1939 to 1943, when he graduated with a BA in anthropology.",vocab_1500.txt,none,MLM,"brown attending university school, going down track, beginning getting double credit teaching."
52,"This stamp remained the standard letter stamp for the remainder of Victoria's reign, and vast quantities were printed.",vocab_1500.txt,none,MLM,"yellow cards remain official blue letter cards over entire rest following communist rule, while red cards remain."
57,After graduation he returned to Yerevan to teach at the local Conservatory and later he was appointed artistic director of the Armenian Philarmonic Orchestra.,vocab_1500.txt,none,MLM,"following independence, going back outside life, teach, attend national university.,, being assistant music teacher, national university youth Orchestra."
71,It continues as the Bohemian Switzerland in the Czech Republic.,vocab_1500.txt,none,MLM,march - still serving outside upper level office outside upper middle.
114,The characters are foul-mouthed extensions of their earlier characters Pete and Dud.,vocab_1500.txt,none,MLM,two people speak bad language like two human: cow - cow
125,Moderate to severe damage extended up the Atlantic coastline and as far inland as West Virginia.,vocab_1500.txt,none,MLM,"damage spread down, bringing damage down part way off near ocean shore, reaching further extent near lake."
140,"On occasion the male ""den master"" will also allow a second male into the den; the reason for this is unclear.",vocab_1500.txt,none,MLM,"giving opportunity, male "" male master "" will let choose second male inside enter - meaning; further reason: meaning: meaning."
279,"These ideally provide excellent habitat for chinkara, hog deer and blue bull.",vocab_1500.txt,none,MLM,", cattle make home near hunting area like black, red horse, blue."
327,People with cardiomyopathy are often at risk of arrhythmia or sudden cardiac death or both.,vocab_1500.txt,none,MLM,"heart - heart beat failure following complete heart failure, be found: weakness. weakness, weakness, heart failure. people suffering heart disease become subject. death means complete heart failure. cure failure can happen even."
346,"Gimnasia hired first famed Colombian trainer Francisco Maturana, and then Julio César Falcioni, but both had limited success.",vocab_1500.txt,none,MLM,"management: bob, bob, bob, bob, plus bob, plus bob, bob, bob."
12,"Graham attended Wheaton College from 1939 to 1943, when he graduated with a BA in anthropology.",vocab_1500.txt,none,T5,"'  ( ( in "" "" "" "" "" "" "" "" "" "" "" "" "" "" "" "" "" "" "" "" "" "" "" "" "" """
52,"This stamp remained the standard letter stamp for the remainder of Victoria's reign, and vast quantities were printed.",vocab_1500.txt,none,T5,:
57,After graduation he returned to Yerevan to teach at the local Conservatory and later he was appointed artistic director of the Armenian Philarmonic Orchestra.,vocab_1500.txt,none,T5,"- "" "" "" "" "" "" "" "" "" "" "" "" "" "" "" "" "" "" "" "" "" "" "" "" "" "" "" "" "" "" "" "" "" "" "" "" "" "" "" "" "" "" "" "" "" "" "" "" "" "" "" "" "" "" "" "" "" "" "" "" """
71,It continues as the Bohemian Switzerland in the Czech Republic.,vocab_1500.txt,none,T5,", simple simple simple simple simple simple simple simple"
114,The characters are foul-mouthed extensions of their earlier characters Pete and Dud.,vocab_1500.txt,none,T5,.
125,Moderate to severe damage extended up the Atlantic coastline and as far inland as West Virginia.,vocab_1500.txt,none,T5,.
140,"On occasion the male ""den master"" will also allow a second male into the den; the reason for this is unclear.",vocab_1500.txt,none,T5,""" den master "" will let an second male in den den in an opportunity "" let "" den master "" in den master "" let "" den master "" in den master "" let "" den master "" let "" den master "" let "" den master "" let "" den master "" let "" den master "" let "" den master"
279,"These ideally provide excellent habitat for chinkara, hog deer and blue bull.",vocab_1500.txt,none,T5,:  ideal in addition in order in case we need an alternative solution in case we need an alternative solution in an alternative alternative solution in an alternative alternative solution in an alternative alternative alternative solution in an alternative alternative alternative alternative alternative alternative alternative alternative alternative alternative alternative alternative alternative alternative alternative alternative alternative alternative alternative alternative alternative alternative alternative
327,People with cardiomyopathy are often at risk of arrhythmia or sudden cardiac death or both.,vocab_1500.txt,none,T5,"- "" "" "" "" "" "" "" "" "" "" "" "" "" "" "" "" "" "" "" "" "" "" "" "" "" "" "" "" "" "" "" "" "" "" "" "" "" "" "" "" "" "" "" "" "" "" "" "" "" "" "" "" "" "" "" "" "" "" "" "" """
346,"Gimnasia hired first famed Colombian trainer Francisco Maturana, and then Julio César Falcioni, but both had limited success.",vocab_1500.txt,none,T5,"'  ( ( ( ( "" "" "" "" "" "" "" "" "" "" "" "" "" "" "" "" "" "" "" "" "" "" """
12,"Graham attended Wheaton College from 1939 to 1943, when he graduated with a BA in anthropology.",vocab_1500.txt,none,BYT5,""" student attending attending attending attending attending attending attending attending attending attending attending attendi"
52,"This stamp remained the standard letter stamp for the remainder of Victoria's reign, and vast quantities were printed.",vocab_1500.txt,none,BYT5,""" issue issue issue issue issue issue issue issue issue issue issue issue issue issue issue issue issue issue issue issue issue"
57,After graduation he returned to Yerevan to teach at the local Conservatory and later he was appointed artistic director of the Armenian Philarmonic Orchestra.,vocab_1500.txt,none,BYT5,""" orchestra orchestra orchestra orchestra orchestra orchestra"
71,It continues as the Bohemian Switzerland in the Czech Republic.,vocab_1500.txt,none,BYT5,""" status apparatus apparatus apparatus apparatus apparatus apparatus apparatus apparatus apparatus apparatus apparatus apparatu"
114,The characters are foul-mouthed extensions of their earlier characters Pete and Dud.,vocab_1500.txt,none,BYT5,""" simple simple simple simple simple simple simple simple simple simple simple simple simple simple simple simple simple simple"
125,Moderate to severe damage extended up the Atlantic coastline and as far inland as West Virginia.,vocab_1500.txt,none,BYT5,""" point indicate thanks thanks thanks thanks thanks thanks thanks thanks thanks thanks thanks thanks thanks thanks thanks thank"
140,"On occasion the male ""den master"" will also allow a second male into the den; the reason for this is unclear.",vocab_1500.txt,none,BYT5,""" will let inside opportunity "" will let inside opportunity "" will let inside opportunity "" will let inside opportunity "" will"
279,"These ideally provide excellent habitat for chinkara, hog deer and blue bull.",vocab_1500.txt,none,BYT5,""" statement statement statement statement statement statement statement statement statement statement statement statement state"
327,People with cardiomyopathy are often at risk of arrhythmia or sudden cardiac death or both.,vocab_1500.txt,none,BYT5,""" origin origin origin origin origin origin origin origin origin origin origin origin origin origin origin origin origin origin"
346,"Gimnasia hired first famed Colombian trainer Francisco Maturana, and then Julio César Falcioni, but both had limited success.",vocab_1500.txt,none,BYT5,""" second second second second second second second second second"
12,"Graham attended Wheaton College from 1939 to 1943, when he graduated with a BA in anthropology.",vocab_1500.txt,none,EMB_SUB,Join include Company Revenue while realize include soldier include prison even include ANSWER know art
52,"This stamp remained the standard letter stamp for the remainder of Victoria's reign, and vast quantities were printed.",vocab_1500.txt,none,EMB_SUB,Have coat fact include power letter coat do include rest someone PARTICULAR perspective include seem include hanging
57,After graduation he returned to Yerevan to teach at the local Conservatory and later he was appointed artistic director of the Armenian Philarmonic Orchestra.,vocab_1500.txt,none,EMB_SUB,petitioner future know like back include Pile include teach include include enable Faculty include let know include bringing artist production someone include Furniture Coat Orchestra.
71,It continues as the Bohemian Switzerland in the Czech Republic.,vocab_1500.txt,none,EMB_SUB,Seem include still plane include include Describe Brown know include Pink Citizen
114,The characters are foul-mouthed extensions of their earlier characters Pete and Dud.,vocab_1500.txt,none,EMB_SUB,Include delight speak bad language someone have familiar delight wedding include say
125,Moderate to severe damage extended up the Atlantic coastline and as far inland as West Virginia.,vocab_1500.txt,none,EMB_SUB,Like include radical include calm damage ordinary include way say include Middle route include include wife circumstances include Route Read
140,"On occasion the male ""den master"" will also allow a second male into the den; the reason for this is unclear.",vocab_1500.txt,none,EMB_SUB,"Even opportunity include male "" want master "" will let include second male inside someone include want include factor do have include colors explain"
279,"These ideally provide excellent habitat for chinkara, hog deer and blue bull.",vocab_1500.txt,none,EMB_SUB,Colors like make include necessary wedding spot do man pink hunting include blue leg
327,People with cardiomyopathy are often at risk of arrhythmia or sudden cardiac death or both.,vocab_1500.txt,none,EMB_SUB,Works include heart beat sleep include clarity movie life become overcome affect even card. Card include someone someone heart strength include bearing even have disease march subject include works include clarity movie life. Overcome have march happen include kill
346,"Gimnasia hired first famed Colombian trainer Francisco Maturana, and then Julio César Falcioni, but both had limited success.",vocab_1500.txt,none,EMB_SUB,Thing buy Flesh Life include Coat seat include let Destruction Create Wish even understand include origin buying success
12,"Graham attended Wheaton College from 1939 to 1943, when he graduated with a BA in anthropology.",vocab_1600.txt,english_stopwords,MLM,he attending university school from then to university and university with a degree in engineering.
52,"This stamp remained the standard letter stamp for the remainder of Victoria's reign, and vast quantities were printed.",vocab_1600.txt,english_stopwords,MLM,"This issue was the official letter issue for the rest of his life, and both were:."
57,After graduation he returned to Yerevan to teach at the local Conservatory and later he was appointed artistic director of the Armenian Philarmonic Orchestra.,vocab_1600.txt,english_stopwords,MLM,after that he was back to work to teach at the national theatre and then he was the music teacher of the national youth Orchestra.
71,It continues as the Bohemian Switzerland in the Czech Republic.,vocab_1600.txt,english_stopwords,MLM,It is still found as the only plant in the socialist.
114,The characters are foul-mouthed extensions of their earlier characters Pete and Dud.,vocab_1600.txt,english_stopwords,MLM,"The pair speak bad language of their fellow pair, and:"
125,Moderate to severe damage extended up the Atlantic coastline and as far inland as West Virginia.,vocab_1600.txt,english_stopwords,MLM,There was damage to crop damage all the way up the entire coast and as further up as lake.
140,"On occasion the male ""den master"" will also allow a second male into the den; the reason for this is unclear.",vocab_1600.txt,english_stopwords,MLM,"On opportunity the male "" male master "" will let a second male inside of the house; the reason for this is not."
279,"These ideally provide excellent habitat for chinkara, hog deer and blue bull.",vocab_1600.txt,english_stopwords,MLM,"here, these make an ideal hunting spot for both, red horse and blue."
327,People with cardiomyopathy are often at risk of arrhythmia or sudden cardiac death or both.,vocab_1600.txt,english_stopwords,MLM,heart or heart beat failure and complete heart failure are both people with cancer. there is weakness of heart failure and people with this disease are subject to death or complete heart failure. these both can happen at once.
346,"Gimnasia hired first famed Colombian trainer Francisco Maturana, and then Julio César Falcioni, but both had limited success.",vocab_1600.txt,english_stopwords,MLM,"they had don, a horse, and then don and don, but they were not very."
12,"Graham attended Wheaton College from 1939 to 1943, when he graduated with a BA in anthropology.",vocab_1600.txt,english_stopwords,T5,. ( in the form of an article on how to make the difference in the world of the art and culture of the art of the art of the art of the art of the art of the art of the art of the art of the art of the art of the art of the art of the art of
52,"This stamp remained the standard letter stamp for the remainder of Victoria's reign, and vast quantities were printed.",vocab_1600.txt,english_stopwords,T5,-  and it was very simple to use and simple to use in any way that you can use it in any way you want to use it in any way you want to use it in any way you want to use it in any way you want to use it in any way you want to use it in
57,After graduation he returned to Yerevan to teach at the local Conservatory and later he was appointed artistic director of the Armenian Philarmonic Orchestra.,vocab_1600.txt,english_stopwords,T5,he was the first person to have been an art teacher at the university and then as an artist of the arm to perform at an orchestra and orchestra in his own right in order to teach at the church of the church of the church of the church of the church of the church of the church of the church of
71,It continues as the Bohemian Switzerland in the Czech Republic.,vocab_1600.txt,english_stopwords,T5,", simple simple simple simple simple simple simple simple simple simple simple simple simple simple simple simple simple simple simple simple simple simple simple simple simple simple simple simple simple simple simple simple simple simple simple simple simple simple simple simple simple simple simple simple simple simple simple simple simple simple simple simple simple simple simple simple simple simple simple simple simple"
114,The characters are foul-mouthed extensions of their earlier characters Pete and Dud.,vocab_1600.txt,english_stopwords,T5,.
125,Moderate to severe damage extended up the Atlantic coastline and as far inland as West Virginia.,vocab_1600.txt,english_stopwords,T5,: simple so so so simple so so that the damage was very slow and the damage was very slow to the extent of the damage to the coast and the coast of the ocean and the damage to the coast was very slow to the extent of the damage to the coast and the damage to the coast and the coast
140,"On occasion the male ""den master"" will also allow a second male into the den; the reason for this is unclear.",vocab_1600.txt,english_stopwords,T5,""" den master "" will let the second male inside of the den in order to let the second male inside of the den in order to let the second male inside of the den in order to get the second male inside of the den in order to get the second male inside of the den in order to get the second"
279,"These ideally provide excellent habitat for chinkara, hog deer and blue bull.",vocab_1600.txt,english_stopwords,T5,:  ideal to make them ideal for feeding in the middle of the middle of the middle of the middle of the middle of the middle of the middle of the middle of the middle of the middle of the middle of the middle of the middle of the middle of the middle of the middle of the middle of the
327,People with cardiomyopathy are often at risk of arrhythmia or sudden cardiac death or both.,vocab_1600.txt,english_stopwords,T5,a person with this disease can be subject to heart beat or heart beat disease and heart condition are of particular importance to the heart and heart condition of the disease is the cause of heart disease and people with this disease can be subject to heart beat or heart beat condition and heart beat condition in the heart and heart
346,"Gimnasia hired first famed Colombian trainer Francisco Maturana, and then Julio César Falcioni, but both had limited success.",vocab_1600.txt,english_stopwords,T5,'  and the rest of the staff were very professional and they were very good at the end of the year and they were not very good at the end of the year and they were not very good at the end of the year at the end of the year and they were very good at the end of the
12,"Graham attended Wheaton College from 1939 to 1943, when he graduated with a BA in anthropology.",vocab_1600.txt,english_stopwords,BYT5,""" student attending attending attending attending attending attending attending attending attending attending attending attendi"
52,"This stamp remained the standard letter stamp for the remainder of Victoria's reign, and vast quantities were printed.",vocab_1600.txt,english_stopwords,BYT5,""" order was the origin of this order was the origin of the origin of the origin of the origin of the origin of the origin of th"
57,After graduation he returned to Yerevan to teach at the local Conservatory and later he was appointed artistic director of the Armenian Philarmonic Orchestra.,vocab_1600.txt,english_stopwords,BYT5,""" orchestra orchestra orchestra orchestra orchestra orchestra orchestra orchestra orchestra orchestra orchestra orchestra orche"
71,It continues as the Bohemian Switzerland in the Czech Republic.,vocab_1600.txt,english_stopwords,BYT5,""" system of the country and the region of the country of the country and the country of the country and the country of the coun"
114,The characters are foul-mouthed extensions of their earlier characters Pete and Dud.,vocab_1600.txt,english_stopwords,BYT5,""" that the character speak bad language of that the character speak bad language of that the character speak bad language of th"
125,Moderate to severe damage extended up the Atlantic coastline and as far inland as West Virginia.,vocab_1600.txt,english_stopwords,BYT5,""" point of view of this point to view of this point of this point of this point of this point of this point of this point of th"
140,"On occasion the male ""den master"" will also allow a second male into the den; the reason for this is unclear.",vocab_1600.txt,english_stopwords,BYT5,""" the male will let a second male inside "" the male will let a second male inside "" the male will let a second male inside "" th"
279,"These ideally provide excellent habitat for chinkara, hog deer and blue bull.",vocab_1600.txt,english_stopwords,BYT5,""" has been saying that these are saying that these are saying that these are saying that these are saying that these are saying"
327,People with cardiomyopathy are often at risk of arrhythmia or sudden cardiac death or both.,vocab_1600.txt,english_stopwords,BYT5,""" or subject or subject or subject or subject or subject or subject or subject or subject"
346,"Gimnasia hired first famed Colombian trainer Francisco Maturana, and then Julio César Falcioni, but both had limited success.",vocab_1600.txt,english_stopwords,BYT5,""" had been at that time at that time at that time at that time at that time at that time at that time at that time at that time"
12,"Graham attended Wheaton College from 1939 to 1943, when he graduated with a BA in anthropology.",vocab_1600.txt,english_stopwords,EMB_SUB,Join include Company Revenue from realize to soldier and prison with a ANSWER in art
52,"This stamp remained the standard letter stamp for the remainder of Victoria's reign, and vast quantities were printed.",vocab_1600.txt,english_stopwords,EMB_SUB,This coat port the power letter coat for the rest of PARTICULAR destiny and seem were masses
57,After graduation he returned to Yerevan to teach at the local Conservatory and later he was appointed artistic director of the Armenian Philarmonic Orchestra.,vocab_1600.txt,english_stopwords,EMB_SUB,petitioner future he like back to Pile to teach at the enable Faculty and then he was bringing artist production of the Furniture Coat Orchestra.
71,It continues as the Bohemian Switzerland in the Czech Republic.,vocab_1600.txt,english_stopwords,EMB_SUB,It is still plane as the Describe Brown in the Pink Citizen
114,The characters are foul-mouthed extensions of their earlier characters Pete and Dud.,vocab_1600.txt,english_stopwords,EMB_SUB,The delight speak bad language of their familiar delight wedding and say
125,Moderate to severe damage extended up the Atlantic coastline and as far inland as West Virginia.,vocab_1600.txt,english_stopwords,EMB_SUB,There was radical to calm damage all the way up the Middle route and as wife circumstances as Route Read
140,"On occasion the male ""den master"" will also allow a second male into the den; the reason for this is unclear.",vocab_1600.txt,english_stopwords,EMB_SUB,"On opportunity the male "" want master "" will let a second male inside of the want the factor for this is colors explain"
279,"These ideally provide excellent habitat for chinkara, hog deer and blue bull.",vocab_1600.txt,english_stopwords,EMB_SUB,Colors these make an necessary wedding spot for man pink hunting and blue leg
327,People with cardiomyopathy are often at risk of arrhythmia or sudden cardiac death or both.,vocab_1600.txt,english_stopwords,EMB_SUB,Works or heart beat sleep and clarity movie registration are overcome affect with card. Card is illness of heart strength and bearing with this disease march subject to works or clarity movie registration. Overcome both march happen at once.
346,"Gimnasia hired first famed Colombian trainer Francisco Maturana, and then Julio César Falcioni, but both had limited success.",vocab_1600.txt,english_stopwords,EMB_SUB,Thing buy Flesh Life a Coat seat and then Destruction Create Wish but they were not very success
12,"Graham attended Wheaton College from 1939 to 1943, when he graduated with a BA in anthropology.",vocab_1600.txt,none,MLM,"brown attending university school, going down track, beginning getting double credit teaching."
52,"This stamp remained the standard letter stamp for the remainder of Victoria's reign, and vast quantities were printed.",vocab_1600.txt,none,MLM,"yellow cards remain official blue letter cards over entire rest following communist rule, while red cards remain."
57,After graduation he returned to Yerevan to teach at the local Conservatory and later he was appointed artistic director of the Armenian Philarmonic Orchestra.,vocab_1600.txt,none,MLM,"following independence, going back outside life, teach, attend national university.,, being assistant music teacher, national university youth Orchestra."
71,It continues as the Bohemian Switzerland in the Czech Republic.,vocab_1600.txt,none,MLM,"march - still serving outside upper border region, upper border region."
114,The characters are foul-mouthed extensions of their earlier characters Pete and Dud.,vocab_1600.txt,none,MLM,two people speak bad language like two human: cow - cow
125,Moderate to severe damage extended up the Atlantic coastline and as far inland as West Virginia.,vocab_1600.txt,none,MLM,"damage spread down, bringing damage down part way off near cape horn, reaching further extent near cape horn."
140,"On occasion the male ""den master"" will also allow a second male into the den; the reason for this is unclear.",vocab_1600.txt,none,MLM,"giving opportunity, male "" male master "" will let select second male inside enter female.; further reason: female behavior: male."
279,"These ideally provide excellent habitat for chinkara, hog deer and blue bull.",vocab_1600.txt,none,MLM,", cattle make home near hunting area like black, red horse, blue."
327,People with cardiomyopathy are often at risk of arrhythmia or sudden cardiac death or both.,vocab_1600.txt,none,MLM,"heart - heart beat failure following complete heart failure, be found: weakness. weakness, weakness, heart failure. people suffering heart disease become subject. death means complete heart failure. cure failure can happen even."
346,"Gimnasia hired first famed Colombian trainer Francisco Maturana, and then Julio César Falcioni, but both had limited success.",vocab_1600.txt,none,MLM,"management: bob, bob, bob, bob, plus bob, plus bob, bob, bob."
12,"Graham attended Wheaton College from 1939 to 1943, when he graduated with a BA in anthropology.",vocab_1600.txt,none,T5,"'  ( ( in "" "" "" "" "" "" "" "" "" "" "" "" "" "" "" "" "" "" "" "" "" "" "" "" "" """
52,"This stamp remained the standard letter stamp for the remainder of Victoria's reign, and vast quantities were printed.",vocab_1600.txt,none,T5,:
57,After graduation he returned to Yerevan to teach at the local Conservatory and later he was appointed artistic director of the Armenian Philarmonic Orchestra.,vocab_1600.txt,none,T5,"- "" "" "" "" "" "" "" "" "" "" "" "" "" "" "" "" "" "" "" "" "" "" "" "" "" "" "" "" "" "" "" "" "" "" "" "" "" "" "" "" "" "" "" "" "" "" "" "" "" "" "" "" "" "" "" "" "" "" "" "" """
71,It continues as the Bohemian Switzerland in the Czech Republic.,vocab_1600.txt,none,T5,", simple simple simple simple simple simple simple simple"
114,The characters are foul-mouthed extensions of their earlier characters Pete and Dud.,vocab_1600.txt,none,T5,.
125,Moderate to severe damage extended up the Atlantic coastline and as far inland as West Virginia.,vocab_1600.txt,none,T5,.
140,"On occasion the male ""den master"" will also allow a second male into the den; the reason for this is unclear.",vocab_1600.txt,none,T5,""" den master "" will let an second male in den den in an opportunity "" let "" den master "" in den master "" let "" den master "" in den master "" let "" den master "" let "" den master "" let "" den master "" let "" den master "" let "" den master "" let "" den master"
279,"These ideally provide excellent habitat for chinkara, hog deer and blue bull.",vocab_1600.txt,none,T5,:  ideal in addition in order in case we need an alternative solution in case we need an alternative solution in an alternative alternative solution in an alternative alternative solution in an alternative alternative alternative solution in an alternative alternative alternative alternative alternative alternative alternative alternative alternative alternative alternative alternative alternative alternative alternative alternative alternative alternative alternative alternative alternative alternative alternative
327,People with cardiomyopathy are often at risk of arrhythmia or sudden cardiac death or both.,vocab_1600.txt,none,T5,"- "" "" "" "" "" "" "" "" "" "" "" "" "" "" "" "" "" "" "" "" "" "" "" "" "" "" "" "" "" "" "" "" "" "" "" "" "" "" "" "" "" "" "" "" "" "" "" "" "" "" "" "" "" "" "" "" "" "" "" "" """
346,"Gimnasia hired first famed Colombian trainer Francisco Maturana, and then Julio César Falcioni, but both had limited success.",vocab_1600.txt,none,T5,"'  ( ( ( ( "" "" "" "" "" "" "" "" "" "" "" "" "" "" "" "" "" "" "" "" "" "" """
12,"Graham attended Wheaton College from 1939 to 1943, when he graduated with a BA in anthropology.",vocab_1600.txt,none,BYT5,""" student attending attending attending attending attending attending attending attending attending attending attending attendi"
52,"This stamp remained the standard letter stamp for the remainder of Victoria's reign, and vast quantities were printed.",vocab_1600.txt,none,BYT5,""" issue issue issue issue issue issue issue issue issue issue issue issue"
57,After graduation he returned to Yerevan to teach at the local Conservatory and later he was appointed artistic director of the Armenian Philarmonic Orchestra.,vocab_1600.txt,none,BYT5,""" orchestra orchestra orchestra orchestra orchestra orchestra"
71,It continues as the Bohemian Switzerland in the Czech Republic.,vocab_1600.txt,none,BYT5,""" status apparatus apparatus apparatus apparatus apparatus apparatus apparatus apparatus apparatus apparatus apparatus apparatu"
114,The characters are foul-mouthed extensions of their earlier characters Pete and Dud.,vocab_1600.txt,none,BYT5,""" simple simple simple simple simple simple simple simple simple simple simple simple simple simple simple simple simple simple"
125,Moderate to severe damage extended up the Atlantic coastline and as far inland as West Virginia.,vocab_1600.txt,none,BYT5,""" point indication thanks thanks thanks thanks thanks thanks thanks thanks thanks thanks thanks thanks thanks thanks thanks tha"
140,"On occasion the male ""den master"" will also allow a second male into the den; the reason for this is unclear.",vocab_1600.txt,none,BYT5,""" will let inside opportunity "" will let inside opportunity "" will let inside opportunity "" will let inside opportunity "" will"
279,"These ideally provide excellent habitat for chinkara, hog deer and blue bull.",vocab_1600.txt,none,BYT5,""" statement statement statement statement statement statement statement statement statement statement statement statement state"
327,People with cardiomyopathy are often at risk of arrhythmia or sudden cardiac death or both.,vocab_1600.txt,none,BYT5,""" origin origin origin origin origin origin origin origin origin origin origin origin origin origin origin origin origin origin"
346,"Gimnasia hired first famed Colombian trainer Francisco Maturana, and then Julio César Falcioni, but both had limited success.",vocab_1600.txt,none,BYT5,""" second second second second second second second second second"
12,"Graham attended Wheaton College from 1939 to 1943, when he graduated with a BA in anthropology.",vocab_1600.txt,none,EMB_SUB,Join include Company Revenue while realize include soldier include prison even include ANSWER know art
52,"This stamp remained the standard letter stamp for the remainder of Victoria's reign, and vast quantities were printed.",vocab_1600.txt,none,EMB_SUB,Have coat port include power letter coat do include rest someone PARTICULAR destiny include seem include masses
57,After graduation he returned to Yerevan to teach at the local Conservatory and later he was appointed artistic director of the Armenian Philarmonic Orchestra.,vocab_1600.txt,none,EMB_SUB,petitioner future know like back include Pile include teach include include enable Faculty include let know include bringing artist production someone include Furniture Coat Orchestra.
71,It continues as the Bohemian Switzerland in the Czech Republic.,vocab_1600.txt,none,EMB_SUB,Seem include still plane include include Describe Brown know include Pink Citizen
114,The characters are foul-mouthed extensions of their earlier characters Pete and Dud.,vocab_1600.txt,none,EMB_SUB,Include delight speak bad language someone have familiar delight wedding include say
125,Moderate to severe damage extended up the Atlantic coastline and as far inland as West Virginia.,vocab_1600.txt,none,EMB_SUB,Like include radical include calm damage ordinary include way say include Middle route include include wife circumstances include Route Read
140,"On occasion the male ""den master"" will also allow a second male into the den; the reason for this is unclear.",vocab_1600.txt,none,EMB_SUB,"Regime opportunity include male "" want master "" will let include second male inside someone include want include factor do have include colors explain"
279,"These ideally provide excellent habitat for chinkara, hog deer and blue bull.",vocab_1600.txt,none,EMB_SUB,Colors like make include necessary wedding spot do man pink hunting include blue leg
327,People with cardiomyopathy are often at risk of arrhythmia or sudden cardiac death or both.,vocab_1600.txt,none,EMB_SUB,Works include heart beat sleep include clarity movie registration become overcome affect even card. Card include illness someone heart strength include bearing even have disease march subject include works include clarity movie registration. Overcome unfortunate march happen include kill
346,"Gimnasia hired first famed Colombian trainer Francisco Maturana, and then Julio César Falcioni, but both had limited success.",vocab_1600.txt,none,EMB_SUB,Thing buy Flesh Life include Coat seat include let Destruction Create Wish even understand include origin unfortunate success
12,"Graham attended Wheaton College from 1939 to 1943, when he graduated with a BA in anthropology.",vocab_1700.txt,english_stopwords,MLM,he attending university school from then to university and university with a degree in engineering.
52,"This stamp remained the standard letter stamp for the remainder of Victoria's reign, and vast quantities were printed.",vocab_1700.txt,english_stopwords,MLM,"This issue was the official letter issue for the rest of his life, and both were:."
57,After graduation he returned to Yerevan to teach at the local Conservatory and later he was appointed artistic director of the Armenian Philarmonic Orchestra.,vocab_1700.txt,english_stopwords,MLM,after that he was back to work to teach at the national theatre and then he was the music teacher of the national youth Orchestra.
71,It continues as the Bohemian Switzerland in the Czech Republic.,vocab_1700.txt,english_stopwords,MLM,It is still found as the only plant in the polish.
114,The characters are foul-mouthed extensions of their earlier characters Pete and Dud.,vocab_1700.txt,english_stopwords,MLM,"The pair speak bad language of their fellow pair, and:"
125,Moderate to severe damage extended up the Atlantic coastline and as far inland as West Virginia.,vocab_1700.txt,english_stopwords,MLM,There was damage to crop damage all the way up the entire coast and as further up as lake.
140,"On occasion the male ""den master"" will also allow a second male into the den; the reason for this is unclear.",vocab_1700.txt,english_stopwords,MLM,"On opportunity the male "" male master "" will let a second male inside of the house; the reason for this is not."
279,"These ideally provide excellent habitat for chinkara, hog deer and blue bull.",vocab_1700.txt,english_stopwords,MLM,"here, these make an ideal hunting spot for both, red horse and blue."
327,People with cardiomyopathy are often at risk of arrhythmia or sudden cardiac death or both.,vocab_1700.txt,english_stopwords,MLM,heart or heart beat failure and complete heart failure are both people with cancer. there is weakness of heart failure and people with this disease are subject to death or complete heart failure. these both can happen at once.
346,"Gimnasia hired first famed Colombian trainer Francisco Maturana, and then Julio César Falcioni, but both had limited success.",vocab_1700.txt,english_stopwords,MLM,"they had don, a horse, and then don and don, but they were not very."
12,"Graham attended Wheaton College from 1939 to 1943, when he graduated with a BA in anthropology.",vocab_1700.txt,english_stopwords,T5,. ( in the form of an article on how to make the difference in the world of the art and culture of the art of the art of the art of the art of the art of the art of the art of the art of the art of the art of the art of the art of the art of
52,"This stamp remained the standard letter stamp for the remainder of Victoria's reign, and vast quantities were printed.",vocab_1700.txt,english_stopwords,T5,-  and it was very simple to use and simple to use in your own home or office to print your own copy of your copy of your copy of your copy of your copy of your copy of your copy of your copy of your copy of your copy of your copy of your copy of your copy of your
57,After graduation he returned to Yerevan to teach at the local Conservatory and later he was appointed artistic director of the Armenian Philarmonic Orchestra.,vocab_1700.txt,english_stopwords,T5,he was the first person to have been an art teacher at the university and then as an artist of the arm to perform at an orchestra and orchestra in his own right in order to teach at the church of the church of the church of the church of the church of the church of the church of the church of
71,It continues as the Bohemian Switzerland in the Czech Republic.,vocab_1700.txt,english_stopwords,T5,", simple simple simple simple simple simple simple simple simple simple simple simple simple simple simple simple simple simple simple simple simple simple simple simple simple simple simple simple simple simple simple simple simple simple simple simple simple simple simple simple simple simple simple simple simple simple simple simple simple simple simple simple simple simple simple simple simple simple simple simple simple"
114,The characters are foul-mouthed extensions of their earlier characters Pete and Dud.,vocab_1700.txt,english_stopwords,T5,.
125,Moderate to severe damage extended up the Atlantic coastline and as far inland as West Virginia.,vocab_1700.txt,english_stopwords,T5,: simple so so so simple so so that the damage was very slow and the damage was very slow to the extent of the damage to the coast and the coast of the ocean and the damage to the coast was very slow to the extent of the damage to the coast and the damage to the coast and the coast
140,"On occasion the male ""den master"" will also allow a second male into the den; the reason for this is unclear.",vocab_1700.txt,english_stopwords,T5,""" den master "" will let the second male inside of the den in order to let the second male inside of the den in order to let the second male inside of the den in order to get the second male inside of the den in order to get the second male inside of the den in order to get the second"
279,"These ideally provide excellent habitat for chinkara, hog deer and blue bull.",vocab_1700.txt,english_stopwords,T5,:  ideal to make them ideal for feeding in the middle of the middle of the middle of the middle of the middle of the middle of the middle of the middle of the middle of the middle of the middle of the middle of the middle of the middle of the middle of the middle of the middle of the
327,People with cardiomyopathy are often at risk of arrhythmia or sudden cardiac death or both.,vocab_1700.txt,english_stopwords,T5,a person with this disease can be subject to heart beat or heart beat disease and heart condition are of particular importance to the heart and heart condition of the disease is the cause of heart disease and people with this disease can be subject to heart beat or heart beat condition and heart beat condition in the heart and heart
346,"Gimnasia hired first famed Colombian trainer Francisco Maturana, and then Julio César Falcioni, but both had limited success.",vocab_1700.txt,english_stopwords,T5,'  and the rest of the staff were very professional and they were very good at the end of the year and they were not very good at the end of the year and they were not very good at the end of the year at the end of the year and they were very good at the end of the
12,"Graham attended Wheaton College from 1939 to 1943, when he graduated with a BA in anthropology.",vocab_1700.txt,english_stopwords,BYT5,""" student attending attending attending attending attending attending attending attending attending attending attending attendi"
52,"This stamp remained the standard letter stamp for the remainder of Victoria's reign, and vast quantities were printed.",vocab_1700.txt,english_stopwords,BYT5,""" order was the origin of this order was the origin of the origin of the origin of the origin of the origin of the origin of th"
57,After graduation he returned to Yerevan to teach at the local Conservatory and later he was appointed artistic director of the Armenian Philarmonic Orchestra.,vocab_1700.txt,english_stopwords,BYT5,""" orchestra orchestra orchestra orchestra orchestra orchestra orchestra orchestra orchestra orchestra orchestra orchestra orche"
71,It continues as the Bohemian Switzerland in the Czech Republic.,vocab_1700.txt,english_stopwords,BYT5,""" system of the country and the region of the country of the country and the country of the country and the country of the coun"
114,The characters are foul-mouthed extensions of their earlier characters Pete and Dud.,vocab_1700.txt,english_stopwords,BYT5,""" that the character speak bad language of that the character speak bad language of that the character speak bad language of th"
125,Moderate to severe damage extended up the Atlantic coastline and as far inland as West Virginia.,vocab_1700.txt,english_stopwords,BYT5,""" point of view of this point to view of this point of this point of this point of this point of this point of this point of th"
140,"On occasion the male ""den master"" will also allow a second male into the den; the reason for this is unclear.",vocab_1700.txt,english_stopwords,BYT5,""" the male will let a second male inside "" the male will let a second male inside "" the male will let a second male inside "" th"
279,"These ideally provide excellent habitat for chinkara, hog deer and blue bull.",vocab_1700.txt,english_stopwords,BYT5,""" has been saying that these are saying that these are saying that these are saying that these are saying that these are saying"
327,People with cardiomyopathy are often at risk of arrhythmia or sudden cardiac death or both.,vocab_1700.txt,english_stopwords,BYT5,""" or subject or subject or subject or subject or subject or subject or subject or subject or subject or subject or subject or s"
346,"Gimnasia hired first famed Colombian trainer Francisco Maturana, and then Julio César Falcioni, but both had limited success.",vocab_1700.txt,english_stopwords,BYT5,""" had been at that time at that time at that time at that time at that time at that time at that time at that time at that time"
12,"Graham attended Wheaton College from 1939 to 1943, when he graduated with a BA in anthropology.",vocab_1700.txt,english_stopwords,EMB_SUB,Join include Company Revenue from realize to soldier and prison with a ANSWER in essay
52,"This stamp remained the standard letter stamp for the remainder of Victoria's reign, and vast quantities were printed.",vocab_1700.txt,english_stopwords,EMB_SUB,This coat port the power letter coat for the rest of PARTICULAR destiny and seem were print
57,After graduation he returned to Yerevan to teach at the local Conservatory and later he was appointed artistic director of the Armenian Philarmonic Orchestra.,vocab_1700.txt,english_stopwords,EMB_SUB,petitioner future he like back to Pile to teach at the enable Faculty and then he was deliver artist production of the Furniture Coat Orchestra.
71,It continues as the Bohemian Switzerland in the Czech Republic.,vocab_1700.txt,english_stopwords,EMB_SUB,It is still plane as the Describe Brown in the Polish Citizen
114,The characters are foul-mouthed extensions of their earlier characters Pete and Dud.,vocab_1700.txt,english_stopwords,EMB_SUB,The delight speak bad language of their familiar delight wedding and say
125,Moderate to severe damage extended up the Atlantic coastline and as far inland as West Virginia.,vocab_1700.txt,english_stopwords,EMB_SUB,There was radical to causing damage all the way up the Middle route and as wife circumstances as Route Read
140,"On occasion the male ""den master"" will also allow a second male into the den; the reason for this is unclear.",vocab_1700.txt,english_stopwords,EMB_SUB,"On opportunity the male "" want master "" will let a second male inside of the want the factor for this is distinguish explain"
279,"These ideally provide excellent habitat for chinkara, hog deer and blue bull.",vocab_1700.txt,english_stopwords,EMB_SUB,Colors these make an necessary wedding spot for man pink hunting and blue leg
327,People with cardiomyopathy are often at risk of arrhythmia or sudden cardiac death or both.,vocab_1700.txt,english_stopwords,EMB_SUB,Works or heart beat sleep and clarity movie registration are overcome affect with card. Card is illness of heart strength and bearing with this disease march subject to works or clarity movie registration. Overcome both march happen at once.
346,"Gimnasia hired first famed Colombian trainer Francisco Maturana, and then Julio César Falcioni, but both had limited success.",vocab_1700.txt,english_stopwords,EMB_SUB,Thing buy Flesh Life a Coat seat and then Destruction Create Wish but they were not very success
12,"Graham attended Wheaton College from 1939 to 1943, when he graduated with a BA in anthropology.",vocab_1700.txt,none,MLM,"brown attending university school, going down track, beginning getting double credit teaching."
52,"This stamp remained the standard letter stamp for the remainder of Victoria's reign, and vast quantities were printed.",vocab_1700.txt,none,MLM,"yellow cards remain official blue letter cards over entire rest following communist rule, while red cards remain."
57,After graduation he returned to Yerevan to teach at the local Conservatory and later he was appointed artistic director of the Armenian Philarmonic Orchestra.,vocab_1700.txt,none,MLM,"following independence, going back outside life, teach, attend national university.,, being assistant music teacher, national university youth Orchestra."
71,It continues as the Bohemian Switzerland in the Czech Republic.,vocab_1700.txt,none,MLM,"march - still serving outside upper border region, upper border region."
114,The characters are foul-mouthed extensions of their earlier characters Pete and Dud.,vocab_1700.txt,none,MLM,two people speak bad language like two human: cow - cow
125,Moderate to severe damage extended up the Atlantic coastline and as far inland as West Virginia.,vocab_1700.txt,none,MLM,"damage spread down causing further damage down - way down near cape horn, reaching further extent near cape."
140,"On occasion the male ""den master"" will also allow a second male into the den; the reason for this is unclear.",vocab_1700.txt,none,MLM,"giving opportunity, male "" male master "" will let select second male inside enter female.; further reason: female behavior: male."
279,"These ideally provide excellent habitat for chinkara, hog deer and blue bull.",vocab_1700.txt,none,MLM,", cattle make home near hunting area like black, red horse, blue."
327,People with cardiomyopathy are often at risk of arrhythmia or sudden cardiac death or both.,vocab_1700.txt,none,MLM,"heart - heart beat failure causing instant heart failure, can occur causing death. cause: weakness, heart failure. people suffering heart disease become subject: weakness causing instant heart failure. cause change can happen happen."
346,"Gimnasia hired first famed Colombian trainer Francisco Maturana, and then Julio César Falcioni, but both had limited success.",vocab_1700.txt,none,MLM,"management: bob, bob, bob, bob, plus bob, plus bob, bob, bob."
12,"Graham attended Wheaton College from 1939 to 1943, when he graduated with a BA in anthropology.",vocab_1700.txt,none,T5,"'  ( ( in "" "" "" "" "" "" "" "" "" "" "" "" "" "" "" "" "" "" "" "" "" "" "" "" "" """
52,"This stamp remained the standard letter stamp for the remainder of Victoria's reign, and vast quantities were printed.",vocab_1700.txt,none,T5,:
57,After graduation he returned to Yerevan to teach at the local Conservatory and later he was appointed artistic director of the Armenian Philarmonic Orchestra.,vocab_1700.txt,none,T5,"- "" "" "" "" "" "" "" "" "" "" "" "" "" "" "" "" "" "" "" "" "" "" "" "" "" "" "" "" "" "" "" "" "" "" "" "" "" "" "" "" "" "" "" "" "" "" "" "" "" "" "" "" "" "" "" "" "" "" "" "" """
71,It continues as the Bohemian Switzerland in the Czech Republic.,vocab_1700.txt,none,T5,", simple simple simple simple simple simple simple simple"
114,The characters are foul-mouthed extensions of their earlier characters Pete and Dud.,vocab_1700.txt,none,T5,.
125,Moderate to severe damage extended up the Atlantic coastline and as far inland as West Virginia.,vocab_1700.txt,none,T5,.
140,"On occasion the male ""den master"" will also allow a second male into the den; the reason for this is unclear.",vocab_1700.txt,none,T5,""" den master "" will let an second male in den den in an opportunity "" let "" den master "" in den master "" let "" den master "" in den master "" let "" den master "" let "" den master "" let "" den master "" let "" den master "" let "" den master "" let "" den master"
279,"These ideally provide excellent habitat for chinkara, hog deer and blue bull.",vocab_1700.txt,none,T5,:  ideal in addition in order in case we need an alternative solution in case we need an alternative solution in an alternative alternative solution in an alternative alternative solution in an alternative alternative alternative solution in an alternative alternative alternative alternative alternative alternative alternative alternative alternative alternative alternative alternative alternative alternative alternative alternative alternative alternative alternative alternative alternative alternative alternative
327,People with cardiomyopathy are often at risk of arrhythmia or sudden cardiac death or both.,vocab_1700.txt,none,T5,"- "" "" "" "" "" "" "" "" "" "" "" "" "" "" "" "" "" "" "" "" "" "" "" "" "" "" "" "" "" "" "" "" "" "" "" "" "" "" "" "" "" "" "" "" "" "" "" "" "" "" "" "" "" "" "" "" "" "" "" "" """
346,"Gimnasia hired first famed Colombian trainer Francisco Maturana, and then Julio César Falcioni, but both had limited success.",vocab_1700.txt,none,T5,"'  ( ( ( ( "" "" "" "" "" "" "" "" "" "" "" "" "" "" "" "" "" "" "" "" "" "" """
12,"Graham attended Wheaton College from 1939 to 1943, when he graduated with a BA in anthropology.",vocab_1700.txt,none,BYT5,""" student attending attending attending attending attending attending attending attending attending attending attending attendi"
52,"This stamp remained the standard letter stamp for the remainder of Victoria's reign, and vast quantities were printed.",vocab_1700.txt,none,BYT5,""" issue issue issue issue issue issue issue issue issue issue issue issue"
57,After graduation he returned to Yerevan to teach at the local Conservatory and later he was appointed artistic director of the Armenian Philarmonic Orchestra.,vocab_1700.txt,none,BYT5,""" orchestra orchestra orchestra orchestra orchestra orchestra"
71,It continues as the Bohemian Switzerland in the Czech Republic.,vocab_1700.txt,none,BYT5,""" status apparatus apparatus apparatus apparatus apparatus apparatus apparatus apparatus apparatus apparatus apparatus apparatu"
114,The characters are foul-mouthed extensions of their earlier characters Pete and Dud.,vocab_1700.txt,none,BYT5,""" simple simple simple simple simple simple simple simple simple simple simple simple simple simple simple simple simple simple"
125,Moderate to severe damage extended up the Atlantic coastline and as far inland as West Virginia.,vocab_1700.txt,none,BYT5,""" point indication thanks thanks thanks thanks thanks thanks thanks thanks thanks thanks thanks thanks thanks thanks thanks tha"
140,"On occasion the male ""den master"" will also allow a second male into the den; the reason for this is unclear.",vocab_1700.txt,none,BYT5,""" will let inside opportunity "" will let inside opportunity "" will let inside opportunity "" will let inside opportunity "" will"
279,"These ideally provide excellent habitat for chinkara, hog deer and blue bull.",vocab_1700.txt,none,BYT5,""" statement statement statement statement statement statement statement statement statement statement statement statement state"
327,People with cardiomyopathy are often at risk of arrhythmia or sudden cardiac death or both.,vocab_1700.txt,none,BYT5,""" origin origin origin origin origin origin origin origin origin origin origin origin origin origin origin origin origin origin"
346,"Gimnasia hired first famed Colombian trainer Francisco Maturana, and then Julio César Falcioni, but both had limited success.",vocab_1700.txt,none,BYT5,""" second second second second second second second second second"
12,"Graham attended Wheaton College from 1939 to 1943, when he graduated with a BA in anthropology.",vocab_1700.txt,none,EMB_SUB,Join include Company Revenue while realize include soldier include prison even include ANSWER know essay
52,"This stamp remained the standard letter stamp for the remainder of Victoria's reign, and vast quantities were printed.",vocab_1700.txt,none,EMB_SUB,Have coat port include power letter coat do include rest someone PARTICULAR destiny include seem include print
57,After graduation he returned to Yerevan to teach at the local Conservatory and later he was appointed artistic director of the Armenian Philarmonic Orchestra.,vocab_1700.txt,none,EMB_SUB,petitioner future know like back include Pile include teach include include enable Faculty include let know include deliver artist production someone include Furniture Coat Orchestra.
71,It continues as the Bohemian Switzerland in the Czech Republic.,vocab_1700.txt,none,EMB_SUB,Seem include still plane include include Describe Brown know include Polish Citizen
114,The characters are foul-mouthed extensions of their earlier characters Pete and Dud.,vocab_1700.txt,none,EMB_SUB,Include delight speak bad language someone have familiar delight wedding include say
125,Moderate to severe damage extended up the Atlantic coastline and as far inland as West Virginia.,vocab_1700.txt,none,EMB_SUB,Like include radical include causing damage ordinary include way say include Middle route include include wife circumstances include Route Read
140,"On occasion the male ""den master"" will also allow a second male into the den; the reason for this is unclear.",vocab_1700.txt,none,EMB_SUB,"Regime opportunity include male "" want master "" will let include second male inside someone include want include factor do have include distinguish explain"
279,"These ideally provide excellent habitat for chinkara, hog deer and blue bull.",vocab_1700.txt,none,EMB_SUB,Colors like make include necessary wedding spot do man pink hunting include blue leg
327,People with cardiomyopathy are often at risk of arrhythmia or sudden cardiac death or both.,vocab_1700.txt,none,EMB_SUB,Works include heart beat sleep include clarity movie registration become overcome affect even card. Card include illness someone heart strength include bearing even have disease march subject include works include clarity movie registration. Overcome unfortunate march happen include kill
346,"Gimnasia hired first famed Colombian trainer Francisco Maturana, and then Julio César Falcioni, but both had limited success.",vocab_1700.txt,none,EMB_SUB,Thing buy Flesh Life include Coat seat include let Destruction Create Wish even understand include origin unfortunate success
12,"Graham attended Wheaton College from 1939 to 1943, when he graduated with a BA in anthropology.",vocab_1800.txt,english_stopwords,MLM,he attending university school from then to university and university with a degree in economics.
52,"This stamp remained the standard letter stamp for the remainder of Victoria's reign, and vast quantities were printed.",vocab_1800.txt,english_stopwords,MLM,"This issue was the official letter issue for the rest of his life, and both were:."
57,After graduation he returned to Yerevan to teach at the local Conservatory and later he was appointed artistic director of the Armenian Philarmonic Orchestra.,vocab_1800.txt,english_stopwords,MLM,after that he was back to work to teach at the national theatre and then he was the music teacher of the national youth Orchestra.
71,It continues as the Bohemian Switzerland in the Czech Republic.,vocab_1800.txt,english_stopwords,MLM,It is still found as the only plant in the polish.
114,The characters are foul-mouthed extensions of their earlier characters Pete and Dud.,vocab_1800.txt,english_stopwords,MLM,"The pair speak bad language of their fellow pair, and:"
125,Moderate to severe damage extended up the Atlantic coastline and as far inland as West Virginia.,vocab_1800.txt,english_stopwords,MLM,There was damage to crop damage all the way up the entire coast and as further up as lake.
140,"On occasion the male ""den master"" will also allow a second male into the den; the reason for this is unclear.",vocab_1800.txt,english_stopwords,MLM,"On opportunity the male "" male master "" will let a second male inside of the house; the reason for this is not."
279,"These ideally provide excellent habitat for chinkara, hog deer and blue bull.",vocab_1800.txt,english_stopwords,MLM,"here, these make an ideal hunting spot for both, red lion and blue."
327,People with cardiomyopathy are often at risk of arrhythmia or sudden cardiac death or both.,vocab_1800.txt,english_stopwords,MLM,heart or heart beat failure and progressive heart failure are both present with disease. there is weakness of heart failure and people with this disease are subject to death or complete heart failure. these both can happen at once.
346,"Gimnasia hired first famed Colombian trainer Francisco Maturana, and then Julio César Falcioni, but both had limited success.",vocab_1800.txt,english_stopwords,MLM,"they had don, a horse, and then don and don, but they were not very."
12,"Graham attended Wheaton College from 1939 to 1943, when he graduated with a BA in anthropology.",vocab_1800.txt,english_stopwords,T5,. ( in the form of an article on how to make the difference in the world of the art and culture of the art of the art of the art of the art of the art of the art of the art of the art of the art of the art of the art of the art of the art of
52,"This stamp remained the standard letter stamp for the remainder of Victoria's reign, and vast quantities were printed.",vocab_1800.txt,english_stopwords,T5,-  and it was very simple to use and simple to use in your own home or office to print your own copy of your copy of your copy of your copy of your copy of your copy of your copy of your copy of your copy of your copy of your copy of your copy of your copy of your
57,After graduation he returned to Yerevan to teach at the local Conservatory and later he was appointed artistic director of the Armenian Philarmonic Orchestra.,vocab_1800.txt,english_stopwords,T5,he was the first person to have been an art teacher at the university and then as an artist of the arm to perform at an orchestra and orchestra in his own right in order to teach at the church of the church of the church of the church of the church of the church of the church of the church of
71,It continues as the Bohemian Switzerland in the Czech Republic.,vocab_1800.txt,english_stopwords,T5,", simple simple simple simple simple simple simple simple simple simple simple simple simple simple simple simple simple simple simple simple simple simple simple simple simple simple simple simple simple simple simple simple simple simple simple simple simple simple simple simple simple simple simple simple simple simple simple simple simple simple simple simple simple simple simple simple simple simple simple simple simple"
114,The characters are foul-mouthed extensions of their earlier characters Pete and Dud.,vocab_1800.txt,english_stopwords,T5,.
125,Moderate to severe damage extended up the Atlantic coastline and as far inland as West Virginia.,vocab_1800.txt,english_stopwords,T5,: simple so so so simple so so that the damage was very slow and the damage was very slow to the extent of the damage to the coast and the coast of the ocean and the damage to the coast was very slow to the extent of the damage to the coast and the damage to the coast and the coast
140,"On occasion the male ""den master"" will also allow a second male into the den; the reason for this is unclear.",vocab_1800.txt,english_stopwords,T5,""" den master "" will let the second male inside of the den in order to let the second male inside of the den in order to let the second male inside of the den in order to get the second male inside of the den in order to get the second male inside of the den in order to get the second"
279,"These ideally provide excellent habitat for chinkara, hog deer and blue bull.",vocab_1800.txt,english_stopwords,T5,:  ideal to make them the perfect breed place for the middle and middle of the day for the middle and middle of the day for the middle and middle of the day for the middle and middle of the day for the middle of the day and the middle of the day for the middle and middle of the day
327,People with cardiomyopathy are often at risk of arrhythmia or sudden cardiac death or both.,vocab_1800.txt,english_stopwords,T5,a person with this disease can be subject to heart beat or heart beat disease and heart condition are of particular importance to the heart and heart condition of the disease is the cause of heart disease and people with this disease can be subject to heart beat or heart beat condition and heart beat condition in the heart and heart
346,"Gimnasia hired first famed Colombian trainer Francisco Maturana, and then Julio César Falcioni, but both had limited success.",vocab_1800.txt,english_stopwords,T5,'  and the rest of the staff were very professional and they were very good at the end of the year and they were not very good at the end of the year and they were not very good at the end of the year at the end of the year and they were very good at the end of the
12,"Graham attended Wheaton College from 1939 to 1943, when he graduated with a BA in anthropology.",vocab_1800.txt,english_stopwords,BYT5,""" student attending attending attending attending attending attending attending attending attending attending attending attendi"
52,"This stamp remained the standard letter stamp for the remainder of Victoria's reign, and vast quantities were printed.",vocab_1800.txt,english_stopwords,BYT5,""" order was the origin of this order was the origin of the origin of the origin of the origin of the origin of the origin of th"
57,After graduation he returned to Yerevan to teach at the local Conservatory and later he was appointed artistic director of the Armenian Philarmonic Orchestra.,vocab_1800.txt,english_stopwords,BYT5,""" orchestra orchestra orchestra orchestra orchestra orchestra orchestra orchestra orchestra orchestra orchestra orchestra orche"
71,It continues as the Bohemian Switzerland in the Czech Republic.,vocab_1800.txt,english_stopwords,BYT5,""" system of the country and the region of the country of the country and the country of the country and the country of the coun"
114,The characters are foul-mouthed extensions of their earlier characters Pete and Dud.,vocab_1800.txt,english_stopwords,BYT5,""" that the character speak bad language of that the character speak bad language of that the character speak bad language of th"
125,Moderate to severe damage extended up the Atlantic coastline and as far inland as West Virginia.,vocab_1800.txt,english_stopwords,BYT5,""" point of view of this point to view of this point of this point of this point of this point of this point of this point of th"
140,"On occasion the male ""den master"" will also allow a second male into the den; the reason for this is unclear.",vocab_1800.txt,english_stopwords,BYT5,""" the male will let a second male inside "" the male will let a second male inside "" the male will let a second male inside "" th"
279,"These ideally provide excellent habitat for chinkara, hog deer and blue bull.",vocab_1800.txt,english_stopwords,BYT5,""" has been saying that these are saying that these are saying that these are saying that these are saying that these are saying"
327,People with cardiomyopathy are often at risk of arrhythmia or sudden cardiac death or both.,vocab_1800.txt,english_stopwords,BYT5,""" or subject or subject or subject or subject or subject or subject or subject or subject or subject or subject or subject or s"
346,"Gimnasia hired first famed Colombian trainer Francisco Maturana, and then Julio César Falcioni, but both had limited success.",vocab_1800.txt,english_stopwords,BYT5,""" had been at that time at that time at that time at that time at that time at that time at that time at that time at that time"
12,"Graham attended Wheaton College from 1939 to 1943, when he graduated with a BA in anthropology.",vocab_1800.txt,english_stopwords,EMB_SUB,Join include Company Revenue from realize to soldier and prison with a ANSWER in essay
52,"This stamp remained the standard letter stamp for the remainder of Victoria's reign, and vast quantities were printed.",vocab_1800.txt,english_stopwords,EMB_SUB,This coat port the power letter coat for the rest of PARTICULAR destiny and seem were print
57,After graduation he returned to Yerevan to teach at the local Conservatory and later he was appointed artistic director of the Armenian Philarmonic Orchestra.,vocab_1800.txt,english_stopwords,EMB_SUB,petitioner future he like back to Pile to teach at the enable Faculty and then he was deliver artist production of the Furniture Coat Orchestra.
71,It continues as the Bohemian Switzerland in the Czech Republic.,vocab_1800.txt,english_stopwords,EMB_SUB,It is still plane as the Describe Brown in the Polish Citizen
114,The characters are foul-mouthed extensions of their earlier characters Pete and Dud.,vocab_1800.txt,english_stopwords,EMB_SUB,The delight speak bad language of their obscure delight wedding and bod
125,Moderate to severe damage extended up the Atlantic coastline and as far inland as West Virginia.,vocab_1800.txt,english_stopwords,EMB_SUB,There was progressive to causing damage all the way up the Obscure route and as wife circumstances as Route Read
140,"On occasion the male ""den master"" will also allow a second male into the den; the reason for this is unclear.",vocab_1800.txt,english_stopwords,EMB_SUB,"On opportunity the male "" want master "" will let a second male inside of the want the factor for this is distinguish explain"
279,"These ideally provide excellent habitat for chinkara, hog deer and blue bull.",vocab_1800.txt,english_stopwords,EMB_SUB,Colors these make an necessary wedding spot for man pink hunting and blue grab
327,People with cardiomyopathy are often at risk of arrhythmia or sudden cardiac death or both.,vocab_1800.txt,english_stopwords,EMB_SUB,Works or heart beat sleep and clarity movie registration are overcome affect with tract. Tract is illness of heart strength and bearing with this disease march subject to works or clarity movie registration. Overcome both march happen at once.
346,"Gimnasia hired first famed Colombian trainer Francisco Maturana, and then Julio César Falcioni, but both had limited success.",vocab_1800.txt,english_stopwords,EMB_SUB,Thing buy Flesh Life a Coat seat and then Destruction Create Wish but they were not very success
12,"Graham attended Wheaton College from 1939 to 1943, when he graduated with a BA in anthropology.",vocab_1800.txt,none,MLM,"brown attending university school, going down track, beginning getting double credit teaching."
52,"This stamp remained the standard letter stamp for the remainder of Victoria's reign, and vast quantities were printed.",vocab_1800.txt,none,MLM,"yellow cards remain official blue letter cards over entire rest following communist rule, while red cards remain."
57,After graduation he returned to Yerevan to teach at the local Conservatory and later he was appointed artistic director of the Armenian Philarmonic Orchestra.,vocab_1800.txt,none,MLM,"following independence, going back outside life, teach, attend national university.,, being assistant music teacher, national university youth Orchestra."
71,It continues as the Bohemian Switzerland in the Czech Republic.,vocab_1800.txt,none,MLM,"march - still serving outside upper border region, upper border region."
114,The characters are foul-mouthed extensions of their earlier characters Pete and Dud.,vocab_1800.txt,none,MLM,two people speak bad language like two human: cow - cow
125,Moderate to severe damage extended up the Atlantic coastline and as far inland as West Virginia.,vocab_1800.txt,none,MLM,"damage spread down causing further damage down - way down near cape horn, reaching further extent near cape."
140,"On occasion the male ""den master"" will also allow a second male into the den; the reason for this is unclear.",vocab_1800.txt,none,MLM,"giving opportunity, male "" male master "" will let select second male inside enter female.; further reason: female behavior: male."
279,"These ideally provide excellent habitat for chinkara, hog deer and blue bull.",vocab_1800.txt,none,MLM,", cattle make home near hunting area like black, red lion, blue."
327,People with cardiomyopathy are often at risk of arrhythmia or sudden cardiac death or both.,vocab_1800.txt,none,MLM,"heart - heart beat failure causing instant heart failure, can occur causing death. cause: weakness, heart failure. people suffering heart disease become subject: weakness causing instant heart failure. cause change can happen happen."
346,"Gimnasia hired first famed Colombian trainer Francisco Maturana, and then Julio César Falcioni, but both had limited success.",vocab_1800.txt,none,MLM,"management: bob, bob, bob, bob, plus bob, plus bob, bob, bob."
12,"Graham attended Wheaton College from 1939 to 1943, when he graduated with a BA in anthropology.",vocab_1800.txt,none,T5,"'  ( ( in "" "" "" "" "" "" "" "" "" "" "" "" "" "" "" "" "" "" "" "" "" "" "" "" "" """
52,"This stamp remained the standard letter stamp for the remainder of Victoria's reign, and vast quantities were printed.",vocab_1800.txt,none,T5,:
57,After graduation he returned to Yerevan to teach at the local Conservatory and later he was appointed artistic director of the Armenian Philarmonic Orchestra.,vocab_1800.txt,none,T5,"- "" "" "" "" "" "" "" "" "" "" "" "" "" "" "" "" "" "" "" "" "" "" "" "" "" "" "" "" "" "" "" "" "" "" "" "" "" "" "" "" "" "" "" "" "" "" "" "" "" "" "" "" "" "" "" "" "" "" "" "" """
71,It continues as the Bohemian Switzerland in the Czech Republic.,vocab_1800.txt,none,T5,", simple simple simple simple simple simple simple simple"
114,The characters are foul-mouthed extensions of their earlier characters Pete and Dud.,vocab_1800.txt,none,T5,.
125,Moderate to severe damage extended up the Atlantic coastline and as far inland as West Virginia.,vocab_1800.txt,none,T5,.
140,"On occasion the male ""den master"" will also allow a second male into the den; the reason for this is unclear.",vocab_1800.txt,none,T5,""" den master "" will let an second male in den den in an opportunity "" let "" den master "" in den master "" let "" den master "" in den master "" let "" den master "" let "" den master "" let "" den master "" let "" den master "" let "" den master "" let "" den master"
279,"These ideally provide excellent habitat for chinkara, hog deer and blue bull.",vocab_1800.txt,none,T5,:  ideal in addition in order in case we need an alternative solution in case we need an alternative solution in an alternative alternative solution in an alternative alternative solution in an alternative alternative alternative solution in an alternative alternative alternative alternative alternative alternative alternative alternative alternative alternative alternative alternative alternative alternative alternative alternative alternative alternative alternative alternative alternative alternative alternative
327,People with cardiomyopathy are often at risk of arrhythmia or sudden cardiac death or both.,vocab_1800.txt,none,T5,"- "" "" "" "" "" "" "" "" "" "" "" "" "" "" "" "" "" "" "" "" "" "" "" "" "" "" "" "" "" "" "" "" "" "" "" "" "" "" "" "" "" "" "" "" "" "" "" "" "" "" "" "" "" "" "" "" "" "" "" "" """
346,"Gimnasia hired first famed Colombian trainer Francisco Maturana, and then Julio César Falcioni, but both had limited success.",vocab_1800.txt,none,T5,"'  ( ( ( ( "" "" "" "" "" "" "" "" "" "" "" "" "" "" "" "" "" "" "" "" "" "" """
12,"Graham attended Wheaton College from 1939 to 1943, when he graduated with a BA in anthropology.",vocab_1800.txt,none,BYT5,""" student attending attending attending attending attending attending attending attending attending attending attending attendi"
52,"This stamp remained the standard letter stamp for the remainder of Victoria's reign, and vast quantities were printed.",vocab_1800.txt,none,BYT5,""" issue issue issue issue issue issue issue issue issue issue issue issue"
57,After graduation he returned to Yerevan to teach at the local Conservatory and later he was appointed artistic director of the Armenian Philarmonic Orchestra.,vocab_1800.txt,none,BYT5,""" orchestra orchestra orchestra orchestra orchestra orchestra"
71,It continues as the Bohemian Switzerland in the Czech Republic.,vocab_1800.txt,none,BYT5,""" status apparatus apparatus apparatus apparatus apparatus apparatus apparatus apparatus apparatus apparatus apparatus apparatu"
114,The characters are foul-mouthed extensions of their earlier characters Pete and Dud.,vocab_1800.txt,none,BYT5,""" simple simple simple simple simple simple simple simple simple simple simple simple simple simple simple simple simple simple"
125,Moderate to severe damage extended up the Atlantic coastline and as far inland as West Virginia.,vocab_1800.txt,none,BYT5,""" point indication thanks thanks thanks thanks thanks thanks thanks thanks thanks thanks thanks thanks thanks thanks thanks tha"
140,"On occasion the male ""den master"" will also allow a second male into the den; the reason for this is unclear.",vocab_1800.txt,none,BYT5,""" will let inside opportunity "" will let inside opportunity "" will let inside opportunity "" will let inside opportunity "" will"
279,"These ideally provide excellent habitat for chinkara, hog deer and blue bull.",vocab_1800.txt,none,BYT5,""" statement statement statement statement statement statement statement statement statement statement statement statement state"
327,People with cardiomyopathy are often at risk of arrhythmia or sudden cardiac death or both.,vocab_1800.txt,none,BYT5,""" origin origin origin origin origin origin origin origin origin origin origin origin origin origin origin origin origin origin"
346,"Gimnasia hired first famed Colombian trainer Francisco Maturana, and then Julio César Falcioni, but both had limited success.",vocab_1800.txt,none,BYT5,""" second second second second second second second second second"
12,"Graham attended Wheaton College from 1939 to 1943, when he graduated with a BA in anthropology.",vocab_1800.txt,none,EMB_SUB,Join include Company Revenue while realize include soldier include prison even include ANSWER know essay
52,"This stamp remained the standard letter stamp for the remainder of Victoria's reign, and vast quantities were printed.",vocab_1800.txt,none,EMB_SUB,Have coat port include power letter coat do include rest someone PARTICULAR destiny include seem include print
57,After graduation he returned to Yerevan to teach at the local Conservatory and later he was appointed artistic director of the Armenian Philarmonic Orchestra.,vocab_1800.txt,none,EMB_SUB,petitioner future know like back include Pile include teach include include enable Faculty include let know include deliver artist production someone include Furniture Coat Orchestra.
71,It continues as the Bohemian Switzerland in the Czech Republic.,vocab_1800.txt,none,EMB_SUB,Seem include still plane include include Describe Brown know include Polish Citizen
114,The characters are foul-mouthed extensions of their earlier characters Pete and Dud.,vocab_1800.txt,none,EMB_SUB,Include delight speak bad language someone have obscure delight wedding include bod
125,Moderate to severe damage extended up the Atlantic coastline and as far inland as West Virginia.,vocab_1800.txt,none,EMB_SUB,Like include progressive include causing damage ordinary include way say include Obscure route include include wife circumstances include Route Read
140,"On occasion the male ""den master"" will also allow a second male into the den; the reason for this is unclear.",vocab_1800.txt,none,EMB_SUB,"Regime opportunity include male "" want master "" will let include second male inside someone include want include factor do have include distinguish explain"
279,"These ideally provide excellent habitat for chinkara, hog deer and blue bull.",vocab_1800.txt,none,EMB_SUB,Colors like make include necessary wedding spot do man pink hunting include blue grab
327,People with cardiomyopathy are often at risk of arrhythmia or sudden cardiac death or both.,vocab_1800.txt,none,EMB_SUB,Works include heart beat sleep include clarity movie registration become overcome affect even tract. Tract include illness someone heart strength include bearing even have disease march subject include works include clarity movie registration. Overcome unfortunate march happen include kill
346,"Gimnasia hired first famed Colombian trainer Francisco Maturana, and then Julio César Falcioni, but both had limited success.",vocab_1800.txt,none,EMB_SUB,Thing buy Flesh Life include Coat seat include let Destruction Create Wish even understand include origin unfortunate success
12,"Graham attended Wheaton College from 1939 to 1943, when he graduated with a BA in anthropology.",vocab_1900.txt,english_stopwords,MLM,he attending university school from then to university and university with a degree in economics.
52,"This stamp remained the standard letter stamp for the remainder of Victoria's reign, and vast quantities were printed.",vocab_1900.txt,english_stopwords,MLM,"This issue was the official letter issue for the rest of his life, and both were:."
57,After graduation he returned to Yerevan to teach at the local Conservatory and later he was appointed artistic director of the Armenian Philarmonic Orchestra.,vocab_1900.txt,english_stopwords,MLM,after that he was back to work to teach at the national theatre and then he was the music teacher of the national youth Orchestra.
71,It continues as the Bohemian Switzerland in the Czech Republic.,vocab_1900.txt,english_stopwords,MLM,It is still found as the only plant in the polish.
114,The characters are foul-mouthed extensions of their earlier characters Pete and Dud.,vocab_1900.txt,english_stopwords,MLM,"The pair speak bad language of their fellow pair, and:"
125,Moderate to severe damage extended up the Atlantic coastline and as far inland as West Virginia.,vocab_1900.txt,english_stopwords,MLM,There was damage to crop damage all the way up the entire coast and as further up as lake.
140,"On occasion the male ""den master"" will also allow a second male into the den; the reason for this is unclear.",vocab_1900.txt,english_stopwords,MLM,"On opportunity the male "" male master "" will let a second male inside of the house; the reason for this is not."
279,"These ideally provide excellent habitat for chinkara, hog deer and blue bull.",vocab_1900.txt,english_stopwords,MLM,"here, these make an ideal hunting spot for both, red lion and blue."
327,People with cardiomyopathy are often at risk of arrhythmia or sudden cardiac death or both.,vocab_1900.txt,english_stopwords,MLM,heart or heart beat failure and progressive heart failure are both present with disease. there is weakness of heart failure and people with this disease are subject to death or complete heart failure. these both can happen at once.
346,"Gimnasia hired first famed Colombian trainer Francisco Maturana, and then Julio César Falcioni, but both had limited success.",vocab_1900.txt,english_stopwords,MLM,"they had don, a horse, and then don and don, but they were not very."
12,"Graham attended Wheaton College from 1939 to 1943, when he graduated with a BA in anthropology.",vocab_1900.txt,english_stopwords,T5,. ( in the form of an article on how to make the difference in the world of the art and culture of the art of the art of the art of the art of the art of the art of the art of the art of the art of the art of the art of the art of the art of
52,"This stamp remained the standard letter stamp for the remainder of Victoria's reign, and vast quantities were printed.",vocab_1900.txt,english_stopwords,T5,-  and it was very simple to use and simple to use in your own home or office to print your own copy of your copy of your copy of your copy of your copy of your copy of your copy of your copy of your copy of your copy of your copy of your copy of your copy of your
57,After graduation he returned to Yerevan to teach at the local Conservatory and later he was appointed artistic director of the Armenian Philarmonic Orchestra.,vocab_1900.txt,english_stopwords,T5,he was the first person to have been an art teacher at the university and then as an artist of the arm to perform at an orchestra and orchestra in his own right in order to teach at the church of the church of the church of the church of the church of the church of the church of the church of
71,It continues as the Bohemian Switzerland in the Czech Republic.,vocab_1900.txt,english_stopwords,T5,", simple simple simple simple simple simple simple simple simple simple simple simple simple simple simple simple simple simple simple simple simple simple simple simple simple simple simple simple simple simple simple simple simple simple simple simple simple simple simple simple simple simple simple simple simple simple simple simple simple simple simple simple simple simple simple simple simple simple simple simple simple"
114,The characters are foul-mouthed extensions of their earlier characters Pete and Dud.,vocab_1900.txt,english_stopwords,T5,.
125,Moderate to severe damage extended up the Atlantic coastline and as far inland as West Virginia.,vocab_1900.txt,english_stopwords,T5,: simple so so so simple so so that the damage was very slow and the damage was very slow to the extent of the damage to the coast and the coast of the ocean and the damage to the coast was very slow to the extent of the damage to the coast and the damage to the coast and the coast
140,"On occasion the male ""den master"" will also allow a second male into the den; the reason for this is unclear.",vocab_1900.txt,english_stopwords,T5,""" den master "" will let the second male inside of the den in order to let the second male inside of the den in order to let the second male inside of the den in order to get the second male inside of the den in order to get the second male inside of the den in order to get the second"
279,"These ideally provide excellent habitat for chinkara, hog deer and blue bull.",vocab_1900.txt,english_stopwords,T5,:  ideal to make them the perfect breed place for the middle and middle of the day for the middle and middle of the day for the middle and middle of the day for the middle and middle of the day for the middle of the day and the middle of the day for the middle and middle of the day
327,People with cardiomyopathy are often at risk of arrhythmia or sudden cardiac death or both.,vocab_1900.txt,english_stopwords,T5,a person with this disease can be subject to heart beat or heart beat disease and heart condition are of particular importance to the heart and heart condition of the disease is the cause of heart disease and people with this disease can be subject to heart beat or heart beat condition and heart beat condition in the heart and heart
346,"Gimnasia hired first famed Colombian trainer Francisco Maturana, and then Julio César Falcioni, but both had limited success.",vocab_1900.txt,english_stopwords,T5,'  and the rest of the staff were very professional and they were very good at the end of the year and they were not very good at the end of the year and they were not very good at the end of the year at the end of the year and they were very good at the end of the
12,"Graham attended Wheaton College from 1939 to 1943, when he graduated with a BA in anthropology.",vocab_1900.txt,english_stopwords,BYT5,""" student attending attending attending attending attending attending attending attending attending attending attending attendi"
52,"This stamp remained the standard letter stamp for the remainder of Victoria's reign, and vast quantities were printed.",vocab_1900.txt,english_stopwords,BYT5,""" order was the origin of this order was the origin of the origin of the origin of the origin of the origin of the origin of th"
57,After graduation he returned to Yerevan to teach at the local Conservatory and later he was appointed artistic director of the Armenian Philarmonic Orchestra.,vocab_1900.txt,english_stopwords,BYT5,""" orchestra orchestra orchestra orchestra orchestra orchestra orchestra orchestra orchestra orchestra orchestra orchestra orche"
71,It continues as the Bohemian Switzerland in the Czech Republic.,vocab_1900.txt,english_stopwords,BYT5,""" system of this system is not of this system of this system of this system of this system is not of this system of this system"
114,The characters are foul-mouthed extensions of their earlier characters Pete and Dud.,vocab_1900.txt,english_stopwords,BYT5,""" that the character speak bad language of that the character speak bad language of that the character speak bad language of th"
125,Moderate to severe damage extended up the Atlantic coastline and as far inland as West Virginia.,vocab_1900.txt,english_stopwords,BYT5,""" point of view of this point to view of this point of this point of this point of this point of this point of this point of th"
140,"On occasion the male ""den master"" will also allow a second male into the den; the reason for this is unclear.",vocab_1900.txt,english_stopwords,BYT5,""" the male will let a second male inside "" the male will let a second male inside "" the male will let a second male inside "" th"
279,"These ideally provide excellent habitat for chinkara, hog deer and blue bull.",vocab_1900.txt,english_stopwords,BYT5,""" has been saying that these are saying that these are saying that these are saying that these are saying that these are saying"
327,People with cardiomyopathy are often at risk of arrhythmia or sudden cardiac death or both.,vocab_1900.txt,english_stopwords,BYT5,""" or subject or subject or subject or subject or subject or subject or subject or subject or subject or subject or subject or s"
346,"Gimnasia hired first famed Colombian trainer Francisco Maturana, and then Julio César Falcioni, but both had limited success.",vocab_1900.txt,english_stopwords,BYT5,""" had been at that time at that time at that time at that time at that time at that time at that time at that time at that time"
12,"Graham attended Wheaton College from 1939 to 1943, when he graduated with a BA in anthropology.",vocab_1900.txt,english_stopwords,EMB_SUB,Join include Company Revenue from realize to soldier and prison with a ANSWER in sociology
52,"This stamp remained the standard letter stamp for the remainder of Victoria's reign, and vast quantities were printed.",vocab_1900.txt,english_stopwords,EMB_SUB,This coat port the power letter coat for the rest of PARTICULAR destiny and seem were print
57,After graduation he returned to Yerevan to teach at the local Conservatory and later he was appointed artistic director of the Armenian Philarmonic Orchestra.,vocab_1900.txt,english_stopwords,EMB_SUB,petitioner future he like back to Pile to teach at the enable Faculty and then he was deliver artist production of the Furniture Coat Orchestra.
71,It continues as the Bohemian Switzerland in the Czech Republic.,vocab_1900.txt,english_stopwords,EMB_SUB,It is still plane as the Disappointment Brown in the Polish Citizen
114,The characters are foul-mouthed extensions of their earlier characters Pete and Dud.,vocab_1900.txt,english_stopwords,EMB_SUB,The delight speak bad language of their obscure delight wedding and bod
125,Moderate to severe damage extended up the Atlantic coastline and as far inland as West Virginia.,vocab_1900.txt,english_stopwords,EMB_SUB,There was progressive to causing damage all the way up the Obscure route and as wife circumstances as Route Read
140,"On occasion the male ""den master"" will also allow a second male into the den; the reason for this is unclear.",vocab_1900.txt,english_stopwords,EMB_SUB,"On opportunity the male "" want master "" will let a second male inside of the want the factor for this is distinguish explain"
279,"These ideally provide excellent habitat for chinkara, hog deer and blue bull.",vocab_1900.txt,english_stopwords,EMB_SUB,Colors these make an necessary wedding spot for man potato hunting and blue grab
327,People with cardiomyopathy are often at risk of arrhythmia or sudden cardiac death or both.,vocab_1900.txt,english_stopwords,EMB_SUB,Works or heart beat sleep and clarity movie registration are overcome affect with tract. Tract is illness of heart strength and bearing with this disease march subject to works or clarity movie registration. Overcome both march happen at once.
346,"Gimnasia hired first famed Colombian trainer Francisco Maturana, and then Julio César Falcioni, but both had limited success.",vocab_1900.txt,english_stopwords,EMB_SUB,Thing buy Flesh Life a Coat seat and then Destruction Create Wish but they were not very success
12,"Graham attended Wheaton College from 1939 to 1943, when he graduated with a BA in anthropology.",vocab_1900.txt,none,MLM,"brown attending university school, going down track, beginning getting double credit teaching."
52,"This stamp remained the standard letter stamp for the remainder of Victoria's reign, and vast quantities were printed.",vocab_1900.txt,none,MLM,"yellow cards remain official blue letter cards over entire rest following communist rule, while red cards remain."
57,After graduation he returned to Yerevan to teach at the local Conservatory and later he was appointed artistic director of the Armenian Philarmonic Orchestra.,vocab_1900.txt,none,MLM,"following independence, going back outside life, teach, attend national university.,, being assistant music teacher, national university youth Orchestra."
71,It continues as the Bohemian Switzerland in the Czech Republic.,vocab_1900.txt,none,MLM,"march - still serving outside upper border region, upper border region."
114,The characters are foul-mouthed extensions of their earlier characters Pete and Dud.,vocab_1900.txt,none,MLM,two people speak bad language like two human: cow - cow
125,Moderate to severe damage extended up the Atlantic coastline and as far inland as West Virginia.,vocab_1900.txt,none,MLM,"damage spread down causing further damage down - way down near cape horn, reaching further extent near cape."
140,"On occasion the male ""den master"" will also allow a second male into the den; the reason for this is unclear.",vocab_1900.txt,none,MLM,"giving opportunity, male "" male master "" will let select second male inside enter female.; further reason: female behavior: male."
279,"These ideally provide excellent habitat for chinkara, hog deer and blue bull.",vocab_1900.txt,none,MLM,", cattle make home near hunting area like black, red lion, blue."
327,People with cardiomyopathy are often at risk of arrhythmia or sudden cardiac death or both.,vocab_1900.txt,none,MLM,"heart - heart beat failure causing instant heart failure, can occur causing death. cause: weakness, heart failure. people suffering heart disease become subject: weakness causing instant heart failure. cause change can happen happen."
346,"Gimnasia hired first famed Colombian trainer Francisco Maturana, and then Julio César Falcioni, but both had limited success.",vocab_1900.txt,none,MLM,"management: bob, bob, bob, bob, plus bob, plus bob, bob, bob."
12,"Graham attended Wheaton College from 1939 to 1943, when he graduated with a BA in anthropology.",vocab_1900.txt,none,T5,"'  ( ( in "" "" "" "" "" "" "" "" "" "" "" "" "" "" "" "" "" "" "" "" "" "" "" "" "" """
52,"This stamp remained the standard letter stamp for the remainder of Victoria's reign, and vast quantities were printed.",vocab_1900.txt,none,T5,:
57,After graduation he returned to Yerevan to teach at the local Conservatory and later he was appointed artistic director of the Armenian Philarmonic Orchestra.,vocab_1900.txt,none,T5,"- "" "" "" "" "" "" "" "" "" "" "" "" "" "" "" "" "" "" "" "" "" "" "" "" "" "" "" "" "" "" "" "" "" "" "" "" "" "" "" "" "" "" "" "" "" "" "" "" "" "" "" "" "" "" "" "" "" "" "" "" """
71,It continues as the Bohemian Switzerland in the Czech Republic.,vocab_1900.txt,none,T5,", simple simple simple simple simple simple simple simple"
114,The characters are foul-mouthed extensions of their earlier characters Pete and Dud.,vocab_1900.txt,none,T5,.
125,Moderate to severe damage extended up the Atlantic coastline and as far inland as West Virginia.,vocab_1900.txt,none,T5,.
140,"On occasion the male ""den master"" will also allow a second male into the den; the reason for this is unclear.",vocab_1900.txt,none,T5,""" den master "" will let an second male in den den in an opportunity "" let "" den master "" in den master "" let "" den master "" in den master "" let "" den master "" let "" den master "" let "" den master "" let "" den master "" let "" den master "" let "" den master"
279,"These ideally provide excellent habitat for chinkara, hog deer and blue bull.",vocab_1900.txt,none,T5,:  ideal in addition in order in case we need an alternative solution in case we need an alternative solution in an alternative alternative solution in an alternative alternative solution in an alternative alternative alternative solution in an alternative alternative alternative alternative alternative alternative alternative alternative alternative alternative alternative alternative alternative alternative alternative alternative alternative alternative alternative alternative alternative alternative alternative
327,People with cardiomyopathy are often at risk of arrhythmia or sudden cardiac death or both.,vocab_1900.txt,none,T5,"- "" "" "" "" "" "" "" "" "" "" "" "" "" "" "" "" "" "" "" "" "" "" "" "" "" "" "" "" "" "" "" "" "" "" "" "" "" "" "" "" "" "" "" "" "" "" "" "" "" "" "" "" "" "" "" "" "" "" "" "" """
346,"Gimnasia hired first famed Colombian trainer Francisco Maturana, and then Julio César Falcioni, but both had limited success.",vocab_1900.txt,none,T5,"'  ( ( ( ( "" "" "" "" "" "" "" "" "" "" "" "" "" "" "" "" "" "" "" "" "" "" """
12,"Graham attended Wheaton College from 1939 to 1943, when he graduated with a BA in anthropology.",vocab_1900.txt,none,BYT5,""" student attending attending attending attending attending attending attending attending attending attending attending attendi"
52,"This stamp remained the standard letter stamp for the remainder of Victoria's reign, and vast quantities were printed.",vocab_1900.txt,none,BYT5,""" issue issue issue issue issue issue issue issue issue issue issue issue"
57,After graduation he returned to Yerevan to teach at the local Conservatory and later he was appointed artistic director of the Armenian Philarmonic Orchestra.,vocab_1900.txt,none,BYT5,""" orchestra orchestra orchestra orchestra orchestra orchestra"
71,It continues as the Bohemian Switzerland in the Czech Republic.,vocab_1900.txt,none,BYT5,""" status apparatus apparatus apparatus apparatus apparatus apparatus apparatus apparatus apparatus apparatus apparatus apparatu"
114,The characters are foul-mouthed extensions of their earlier characters Pete and Dud.,vocab_1900.txt,none,BYT5,""" simple simple simple simple simple simple simple simple simple simple simple simple simple simple simple simple simple simple"
125,Moderate to severe damage extended up the Atlantic coastline and as far inland as West Virginia.,vocab_1900.txt,none,BYT5,""" point indication thanks thanks thanks thanks thanks thanks thanks thanks thanks thanks thanks thanks thanks thanks thanks tha"
140,"On occasion the male ""den master"" will also allow a second male into the den; the reason for this is unclear.",vocab_1900.txt,none,BYT5,""" will let inside opportunity "" will let inside opportunity "" will let inside opportunity "" will let inside opportunity "" will"
279,"These ideally provide excellent habitat for chinkara, hog deer and blue bull.",vocab_1900.txt,none,BYT5,""" statement statement statement statement statement statement statement statement statement statement statement statement state"
327,People with cardiomyopathy are often at risk of arrhythmia or sudden cardiac death or both.,vocab_1900.txt,none,BYT5,""" origin origin origin origin origin origin origin origin origin origin origin origin origin origin origin origin origin origin"
346,"Gimnasia hired first famed Colombian trainer Francisco Maturana, and then Julio César Falcioni, but both had limited success.",vocab_1900.txt,none,BYT5,""" second second second second second second second second second"
12,"Graham attended Wheaton College from 1939 to 1943, when he graduated with a BA in anthropology.",vocab_1900.txt,none,EMB_SUB,Join include Company Revenue while realize include soldier include prison even include ANSWER know sociology
52,"This stamp remained the standard letter stamp for the remainder of Victoria's reign, and vast quantities were printed.",vocab_1900.txt,none,EMB_SUB,Have coat port include power letter coat do include rest preventive PARTICULAR destiny include seem include print
57,After graduation he returned to Yerevan to teach at the local Conservatory and later he was appointed artistic director of the Armenian Philarmonic Orchestra.,vocab_1900.txt,none,EMB_SUB,petitioner future know like back include Pile include teach include include enable Faculty include let know include deliver artist production preventive include Furniture Coat Orchestra.
71,It continues as the Bohemian Switzerland in the Czech Republic.,vocab_1900.txt,none,EMB_SUB,Seem include still plane include include Disappointment Brown know include Polish Citizen
114,The characters are foul-mouthed extensions of their earlier characters Pete and Dud.,vocab_1900.txt,none,EMB_SUB,Include delight speak bad language preventive have obscure delight wedding include bod
125,Moderate to severe damage extended up the Atlantic coastline and as far inland as West Virginia.,vocab_1900.txt,none,EMB_SUB,Like include progressive include causing damage ordinary include way say include Obscure route include include wife circumstances include Route Read
140,"On occasion the male ""den master"" will also allow a second male into the den; the reason for this is unclear.",vocab_1900.txt,none,EMB_SUB,"Regime opportunity include male "" want master "" will let include second male inside preventive include want include factor do have include distinguish explain"
279,"These ideally provide excellent habitat for chinkara, hog deer and blue bull.",vocab_1900.txt,none,EMB_SUB,Colors like make include necessary wedding spot do man potato hunting include blue grab
327,People with cardiomyopathy are often at risk of arrhythmia or sudden cardiac death or both.,vocab_1900.txt,none,EMB_SUB,Works include heart beat sleep include clarity movie registration become overcome affect even tract. Tract include illness preventive heart strength include bearing even have disease march subject include works include clarity movie registration. Overcome unfortunate march happen include kill
346,"Gimnasia hired first famed Colombian trainer Francisco Maturana, and then Julio César Falcioni, but both had limited success.",vocab_1900.txt,none,EMB_SUB,Thing buy Flesh Life include Coat seat include let Destruction Create Wish even understand include origin unfortunate success
12,"Graham attended Wheaton College from 1939 to 1943, when he graduated with a BA in anthropology.",vocab_2000.txt,english_stopwords,MLM,he attending university school from then to university and university with a degree in economics.
52,"This stamp remained the standard letter stamp for the remainder of Victoria's reign, and vast quantities were printed.",vocab_2000.txt,english_stopwords,MLM,"This issue was the official letter issue for the rest of his life, and both were:."
57,After graduation he returned to Yerevan to teach at the local Conservatory and later he was appointed artistic director of the Armenian Philarmonic Orchestra.,vocab_2000.txt,english_stopwords,MLM,after that he was back to work to teach at the national theatre and then he was the music teacher of the national youth Orchestra.
71,It continues as the Bohemian Switzerland in the Czech Republic.,vocab_2000.txt,english_stopwords,MLM,It is still found as the only plant in the polish.
114,The characters are foul-mouthed extensions of their earlier characters Pete and Dud.,vocab_2000.txt,english_stopwords,MLM,"The pair speak bad language of their fellow pair, and:"
125,Moderate to severe damage extended up the Atlantic coastline and as far inland as West Virginia.,vocab_2000.txt,english_stopwords,MLM,There was damage to crop damage all the way up the entire coast and as further up as lake.
140,"On occasion the male ""den master"" will also allow a second male into the den; the reason for this is unclear.",vocab_2000.txt,english_stopwords,MLM,"On opportunity the male "" male master "" will let a second male inside of the house; the reason for this is not."
279,"These ideally provide excellent habitat for chinkara, hog deer and blue bull.",vocab_2000.txt,english_stopwords,MLM,"here, these make an ideal hunting spot for both, red lion and blue."
327,People with cardiomyopathy are often at risk of arrhythmia or sudden cardiac death or both.,vocab_2000.txt,english_stopwords,MLM,heart or heart beat failure and progressive heart failure are both present with disease. there is weakness of heart failure and people with this disease are subject to death or complete heart failure. these both can happen at once.
346,"Gimnasia hired first famed Colombian trainer Francisco Maturana, and then Julio César Falcioni, but both had limited success.",vocab_2000.txt,english_stopwords,MLM,"they had don, a horse, and then don and don, but they were not very."
12,"Graham attended Wheaton College from 1939 to 1943, when he graduated with a BA in anthropology.",vocab_2000.txt,english_stopwords,T5,. ( in the form of an article on how to make the difference in the world of the art and culture of the art of the art of the art of the art of the art of the art of the art of the art of the art of the art of the art of the art of the art of
52,"This stamp remained the standard letter stamp for the remainder of Victoria's reign, and vast quantities were printed.",vocab_2000.txt,english_stopwords,T5,-  and it was very simple to use and simple to use in your own home or office to print your own copy of your copy of your copy of your copy of your copy of your copy of your copy of your copy of your copy of your copy of your copy of your copy of your copy of your
57,After graduation he returned to Yerevan to teach at the local Conservatory and later he was appointed artistic director of the Armenian Philarmonic Orchestra.,vocab_2000.txt,english_stopwords,T5,he was the first person to have been an art teacher at the university and then as an artist of the arm to perform at an orchestra and orchestra in his own right in order to teach at the church of the church of the church of the church of the church of the church of the church of the church of
71,It continues as the Bohemian Switzerland in the Czech Republic.,vocab_2000.txt,english_stopwords,T5,", simple simple simple simple simple simple simple simple simple simple simple simple simple simple simple simple simple simple simple simple simple simple simple simple simple simple simple simple simple simple simple simple simple simple simple simple simple simple simple simple simple simple simple simple simple simple simple simple simple simple simple simple simple simple simple simple simple simple simple simple simple"
114,The characters are foul-mouthed extensions of their earlier characters Pete and Dud.,vocab_2000.txt,english_stopwords,T5,.
125,Moderate to severe damage extended up the Atlantic coastline and as far inland as West Virginia.,vocab_2000.txt,english_stopwords,T5,: simple so so so simple so so that the damage was very slow and the damage was very slow to the extent of the damage to the coast and the coast of the ocean and the damage to the coast was very slow to the extent of the damage to the coast and the damage to the coast and the coast
140,"On occasion the male ""den master"" will also allow a second male into the den; the reason for this is unclear.",vocab_2000.txt,english_stopwords,T5,""" den master "" will let the second male inside of the den in order to let the second male inside of the den in order to let the second male inside of the den in order to get the second male inside of the den in order to get the second male inside of the den in order to get the second"
279,"These ideally provide excellent habitat for chinkara, hog deer and blue bull.",vocab_2000.txt,english_stopwords,T5,:  ideal to make them the perfect breed place for the middle and middle of the day for the middle and middle of the day for the middle and middle of the day for the middle and middle of the day for the middle of the day and the middle of the day for the middle and middle of the day
327,People with cardiomyopathy are often at risk of arrhythmia or sudden cardiac death or both.,vocab_2000.txt,english_stopwords,T5,a person with this disease can be subject to heart beat or heart beat disease and heart condition are of particular importance to the heart and heart condition of the disease is the cause of heart disease and people with this disease can be subject to heart beat or heart beat condition and heart beat condition in the heart and heart
346,"Gimnasia hired first famed Colombian trainer Francisco Maturana, and then Julio César Falcioni, but both had limited success.",vocab_2000.txt,english_stopwords,T5,'  and the rest of the staff were very professional and they were very good at the end of the year and they were not very good at the end of the year and they were very good at the end of the year at the end of the year and they were very good at the end of the year
12,"Graham attended Wheaton College from 1939 to 1943, when he graduated with a BA in anthropology.",vocab_2000.txt,english_stopwords,BYT5,""" student attending attending attending attending attending attending attending attending attending attending attending attendi"
52,"This stamp remained the standard letter stamp for the remainder of Victoria's reign, and vast quantities were printed.",vocab_2000.txt,english_stopwords,BYT5,""" order was the origin of this order was the origin of the origin of the origin of the origin of the origin of the origin of th"
57,After graduation he returned to Yerevan to teach at the local Conservatory and later he was appointed artistic director of the Armenian Philarmonic Orchestra.,vocab_2000.txt,english_stopwords,BYT5,""" orchestra orchestra orchestra orchestra orchestra orchestra orchestra orchestra orchestra orchestra orchestra orchestra orche"
71,It continues as the Bohemian Switzerland in the Czech Republic.,vocab_2000.txt,english_stopwords,BYT5,""" system of this system is not of this system of this system of this system of this system is not of this system of this system"
114,The characters are foul-mouthed extensions of their earlier characters Pete and Dud.,vocab_2000.txt,english_stopwords,BYT5,""" that the character speak bad language of that the character speak bad language of that the character speak bad language of th"
125,Moderate to severe damage extended up the Atlantic coastline and as far inland as West Virginia.,vocab_2000.txt,english_stopwords,BYT5,""" point of view of this point to view of this point of this point of this point of this point of this point of this point of th"
140,"On occasion the male ""den master"" will also allow a second male into the den; the reason for this is unclear.",vocab_2000.txt,english_stopwords,BYT5,""" the male will let a second male inside "" the male will let a second male inside "" the male will let a second male inside "" th"
279,"These ideally provide excellent habitat for chinkara, hog deer and blue bull.",vocab_2000.txt,english_stopwords,BYT5,""" has been saying that these are saying that these are saying that these are saying that these are saying that these are saying"
327,People with cardiomyopathy are often at risk of arrhythmia or sudden cardiac death or both.,vocab_2000.txt,english_stopwords,BYT5,""" or subject or subject or subject or subject or subject or subject or subject or subject or subject or subject or subject or s"
346,"Gimnasia hired first famed Colombian trainer Francisco Maturana, and then Julio César Falcioni, but both had limited success.",vocab_2000.txt,english_stopwords,BYT5,""" had been at that time at that time at that time at that time at that time at that time at that time at that time at that time"
12,"Graham attended Wheaton College from 1939 to 1943, when he graduated with a BA in anthropology.",vocab_2000.txt,english_stopwords,EMB_SUB,Join include Company Revenue from realize to soldier and prison with a ANSWER in sociology
52,"This stamp remained the standard letter stamp for the remainder of Victoria's reign, and vast quantities were printed.",vocab_2000.txt,english_stopwords,EMB_SUB,This coat port the width letter coat for the rest of PARTICULAR destiny and seem were print
57,After graduation he returned to Yerevan to teach at the local Conservatory and later he was appointed artistic director of the Armenian Philarmonic Orchestra.,vocab_2000.txt,english_stopwords,EMB_SUB,petitioner future he like back to Pile to teach at the enable Faculty and then he was deliver artist production of the Furniture Coat Orchestra.
71,It continues as the Bohemian Switzerland in the Czech Republic.,vocab_2000.txt,english_stopwords,EMB_SUB,It is still plane as the Disappointment Brown in the Polish Citizen
114,The characters are foul-mouthed extensions of their earlier characters Pete and Dud.,vocab_2000.txt,english_stopwords,EMB_SUB,The delight speak bad language of their obscure delight par and bod
125,Moderate to severe damage extended up the Atlantic coastline and as far inland as West Virginia.,vocab_2000.txt,english_stopwords,EMB_SUB,There was progressive to causing damage all the way up the Obscure route and as wife circumstances as Route Read
140,"On occasion the male ""den master"" will also allow a second male into the den; the reason for this is unclear.",vocab_2000.txt,english_stopwords,EMB_SUB,"On opportunity the male "" want master "" will let a second male inside of the want the stability for this is distinguish explain"
279,"These ideally provide excellent habitat for chinkara, hog deer and blue bull.",vocab_2000.txt,english_stopwords,EMB_SUB,Colors these make an necessary wedding spot for man potato hunting and blue grab
327,People with cardiomyopathy are often at risk of arrhythmia or sudden cardiac death or both.,vocab_2000.txt,english_stopwords,EMB_SUB,Works or heart beat sleep and clarity movie registration are overcome affect with tract. Tract is illness of heart strength and bearing with this disease march subject to works or clarity movie registration. Overcome both march happen at once.
346,"Gimnasia hired first famed Colombian trainer Francisco Maturana, and then Julio César Falcioni, but both had limited success.",vocab_2000.txt,english_stopwords,EMB_SUB,Thing buy Flesh Life a Coat seat and then Destruction Create Wish but they were not very success
12,"Graham attended Wheaton College from 1939 to 1943, when he graduated with a BA in anthropology.",vocab_2000.txt,none,MLM,"brown attending university school, going down track, beginning getting double credit teaching."
52,"This stamp remained the standard letter stamp for the remainder of Victoria's reign, and vast quantities were printed.",vocab_2000.txt,none,MLM,"yellow cards remain official blue letter cards over entire rest following communist rule, while red cards remain."
57,After graduation he returned to Yerevan to teach at the local Conservatory and later he was appointed artistic director of the Armenian Philarmonic Orchestra.,vocab_2000.txt,none,MLM,"following independence, going back outside life, teach, attend national university.,, being assistant music teacher, national university youth Orchestra."
71,It continues as the Bohemian Switzerland in the Czech Republic.,vocab_2000.txt,none,MLM,"march - still serving outside upper border region, upper border region."
114,The characters are foul-mouthed extensions of their earlier characters Pete and Dud.,vocab_2000.txt,none,MLM,two people speak bad language like two human: cow - cow
125,Moderate to severe damage extended up the Atlantic coastline and as far inland as West Virginia.,vocab_2000.txt,none,MLM,"damage spread down causing further damage down - way down near cape horn, reaching further extent near cape."
140,"On occasion the male ""den master"" will also allow a second male into the den; the reason for this is unclear.",vocab_2000.txt,none,MLM,"giving opportunity, male "" male master "" will let select second male inside enter female.; further reason: female behavior: male."
279,"These ideally provide excellent habitat for chinkara, hog deer and blue bull.",vocab_2000.txt,none,MLM,", cattle make home near hunting area like black, red lion, blue."
327,People with cardiomyopathy are often at risk of arrhythmia or sudden cardiac death or both.,vocab_2000.txt,none,MLM,"heart - heart beat failure causing instant heart failure, can occur causing death. cause: weakness, heart failure. people suffering heart disease become subject: weakness causing instant heart failure. cause change can happen happen."
346,"Gimnasia hired first famed Colombian trainer Francisco Maturana, and then Julio César Falcioni, but both had limited success.",vocab_2000.txt,none,MLM,"management: bob, bob, bob, bob, plus bob, plus bob, bob, bob."
12,"Graham attended Wheaton College from 1939 to 1943, when he graduated with a BA in anthropology.",vocab_2000.txt,none,T5,. ( in der detail detail detail detail detail detail detail detail detail detail detail detail detail detail detail detail detail detail detail detail detail detail detail detail detail detail detail detail detail detail detail detail detail detail detail detail detail detail detail detail detail detail detail detail detail detail detail detail detail detail detail detail detail detail detail detail detail detail
52,"This stamp remained the standard letter stamp for the remainder of Victoria's reign, and vast quantities were printed.",vocab_2000.txt,none,T5,:
57,After graduation he returned to Yerevan to teach at the local Conservatory and later he was appointed artistic director of the Armenian Philarmonic Orchestra.,vocab_2000.txt,none,T5,"- "" "" "" "" "" "" "" "" "" "" "" "" "" "" "" "" "" "" "" "" "" "" "" "" "" "" "" "" "" "" "" "" "" "" "" "" "" "" "" "" "" "" "" "" "" "" "" "" "" "" "" "" "" "" "" "" "" "" "" "" """
71,It continues as the Bohemian Switzerland in the Czech Republic.,vocab_2000.txt,none,T5,", simple simple simple simple simple simple simple simple"
114,The characters are foul-mouthed extensions of their earlier characters Pete and Dud.,vocab_2000.txt,none,T5,.
125,Moderate to severe damage extended up the Atlantic coastline and as far inland as West Virginia.,vocab_2000.txt,none,T5,.
140,"On occasion the male ""den master"" will also allow a second male into the den; the reason for this is unclear.",vocab_2000.txt,none,T5,""" den master "" der master "" will let an second male inside der den in der den let an second male in der den in der den in der den in der "" den master "" will let an second male in der den in der "" den master "" let an second male in der den in der "" den master"
279,"These ideally provide excellent habitat for chinkara, hog deer and blue bull.",vocab_2000.txt,none,T5,:  ideal in addition in order in case we need an alternative solution in case we need an alternative solution in an alternative alternative solution in an alternative alternative solution in an alternative alternative alternative solution in an alternative alternative alternative alternative alternative alternative alternative alternative alternative alternative alternative alternative alternative alternative alternative alternative alternative alternative alternative alternative alternative alternative alternative
327,People with cardiomyopathy are often at risk of arrhythmia or sudden cardiac death or both.,vocab_2000.txt,none,T5,"- "" "" "" "" "" "" "" "" "" "" "" "" "" "" "" "" "" "" "" "" "" "" "" "" "" "" "" "" "" "" "" "" "" "" "" "" "" "" "" "" "" "" "" "" "" "" "" "" "" "" "" "" "" "" "" "" "" "" "" "" """
346,"Gimnasia hired first famed Colombian trainer Francisco Maturana, and then Julio César Falcioni, but both had limited success.",vocab_2000.txt,none,T5,"'  ( ( in der detail detail detail in an article in "" "" "" "" "" "" "" "" "" """
12,"Graham attended Wheaton College from 1939 to 1943, when he graduated with a BA in anthropology.",vocab_2000.txt,none,BYT5,""" student attending attending attending attending attending attending attending attending attending attending attending attendi"
52,"This stamp remained the standard letter stamp for the remainder of Victoria's reign, and vast quantities were printed.",vocab_2000.txt,none,BYT5,""" issue issue issue issue issue issue issue issue issue issue issue issue"
57,After graduation he returned to Yerevan to teach at the local Conservatory and later he was appointed artistic director of the Armenian Philarmonic Orchestra.,vocab_2000.txt,none,BYT5,""" orchestra orchestra orchestra orchestra orchestra orchestra"
71,It continues as the Bohemian Switzerland in the Czech Republic.,vocab_2000.txt,none,BYT5,""" status apparatus apparatus apparatus apparatus apparatus apparatus apparatus apparatus apparatus apparatus apparatus apparatu"
114,The characters are foul-mouthed extensions of their earlier characters Pete and Dud.,vocab_2000.txt,none,BYT5,""" simple simple simple simple simple simple simple simple simple simple simple simple simple simple simple simple simple simple"
125,Moderate to severe damage extended up the Atlantic coastline and as far inland as West Virginia.,vocab_2000.txt,none,BYT5,""" point indication thanks thanks thanks thanks thanks thanks thanks thanks thanks thanks thanks thanks thanks thanks thanks tha"
140,"On occasion the male ""den master"" will also allow a second male into the den; the reason for this is unclear.",vocab_2000.txt,none,BYT5,""" will let inside opportunity "" will let inside opportunity "" will let inside opportunity "" will let inside opportunity "" will"
279,"These ideally provide excellent habitat for chinkara, hog deer and blue bull.",vocab_2000.txt,none,BYT5,""" statement statement statement statement statement statement statement statement statement statement statement statement state"
327,People with cardiomyopathy are often at risk of arrhythmia or sudden cardiac death or both.,vocab_2000.txt,none,BYT5,""" origin origin origin origin origin origin origin origin origin origin origin origin origin origin origin origin origin origin"
346,"Gimnasia hired first famed Colombian trainer Francisco Maturana, and then Julio César Falcioni, but both had limited success.",vocab_2000.txt,none,BYT5,""" second second second second second second second second second"
12,"Graham attended Wheaton College from 1939 to 1943, when he graduated with a BA in anthropology.",vocab_2000.txt,none,EMB_SUB,Join include Company Revenue while realize include soldier include prison even include ANSWER know sociology
52,"This stamp remained the standard letter stamp for the remainder of Victoria's reign, and vast quantities were printed.",vocab_2000.txt,none,EMB_SUB,Have coat port include width letter coat do include rest preventive PARTICULAR destiny include seem include print
57,After graduation he returned to Yerevan to teach at the local Conservatory and later he was appointed artistic director of the Armenian Philarmonic Orchestra.,vocab_2000.txt,none,EMB_SUB,petitioner future know like back include Pile include teach include include enable Faculty include let know include deliver artist production preventive include Furniture Coat Orchestra.
71,It continues as the Bohemian Switzerland in the Czech Republic.,vocab_2000.txt,none,EMB_SUB,Seem include still plane include include Disappointment Brown know include Polish Citizen
114,The characters are foul-mouthed extensions of their earlier characters Pete and Dud.,vocab_2000.txt,none,EMB_SUB,Include delight speak bad language preventive have obscure delight par include bod
125,Moderate to severe damage extended up the Atlantic coastline and as far inland as West Virginia.,vocab_2000.txt,none,EMB_SUB,Like include progressive include causing damage ordinary include way say include Obscure route include include wife circumstances include Route Read
140,"On occasion the male ""den master"" will also allow a second male into the den; the reason for this is unclear.",vocab_2000.txt,none,EMB_SUB,"Regime opportunity include male "" want master "" will let include second male inside preventive include want include stability do have include distinguish explain"
279,"These ideally provide excellent habitat for chinkara, hog deer and blue bull.",vocab_2000.txt,none,EMB_SUB,Colors like make include necessary wedding spot do man potato hunting include blue grab
327,People with cardiomyopathy are often at risk of arrhythmia or sudden cardiac death or both.,vocab_2000.txt,none,EMB_SUB,Works include heart beat sleep include clarity movie registration become overcome affect even tract. Tract include illness preventive heart strength include bearing even have disease march subject include works include clarity movie registration. Overcome unfortunate march happen include kill
346,"Gimnasia hired first famed Colombian trainer Francisco Maturana, and then Julio César Falcioni, but both had limited success.",vocab_2000.txt,none,EMB_SUB,Thing buy Flesh Life include Coat seat include let Destruction Create Wish even understand include origin unfortunate success
