Index,Original_Sentence,Vocabulary,Exempt_Mode,Model_ID,Transformed_Sentence
12,A skilled person is riding a bicycle on one wheel,ThingExplainer1000.txt,english_stopwords,MLM,A single person is on a horse on one side
52,A man is jumping into an empty pool,ThingExplainer1000.txt,english_stopwords,MLM,A man is led into an empty.
57,Four girls are doing backbends and playing outdoors,ThingExplainer1000.txt,english_stopwords,MLM,Four people are doing business and live together
71,A man is sitting in a field,ThingExplainer1000.txt,english_stopwords,MLM,A man is lost in a field
114,A motorcyclist with a red helmet is riding a blue motorcycle down the road,ThingExplainer1000.txt,english_stopwords,MLM,A person with a red shirt is on a blue bus down the road
125,The blond girl is dancing behind the sound equipment,ThingExplainer1000.txt,english_stopwords,MLM,The little girl is left behind the sound.
140,The woman is wearing glasses and a black headdress,ThingExplainer1000.txt,english_stopwords,MLM,The woman is wore black and a black.
327,A boy is climbing up a wall artificially built for climbing and is attached to a rope,ThingExplainer1000.txt,english_stopwords,MLM,A boy is brought up a wall usually meant for escape and is held to a.
377,A man is leading the race,ThingExplainer1000.txt,english_stopwords,MLM,A man is in the race
379,A man is leading the race,ThingExplainer1000.txt,english_stopwords,MLM,A man is in the race
12,A skilled person is riding a bicycle on one wheel,ThingExplainer1000.txt,english_stopwords,T5,.
52,A man is jumping into an empty pool,ThingExplainer1000.txt,english_stopwords,T5,.
57,Four girls are doing backbends and playing outdoors,ThingExplainer1000.txt,english_stopwords,T5,:
71,A man is sitting in a field,ThingExplainer1000.txt,english_stopwords,T5,.
114,A motorcyclist with a red helmet is riding a blue motorcycle down the road,ThingExplainer1000.txt,english_stopwords,T5,: ( in the name of the blue and blue road in the name of the blue and blue road
125,The blond girl is dancing behind the sound equipment,ThingExplainer1000.txt,english_stopwords,T5,.
140,The woman is wearing glasses and a black headdress,ThingExplainer1000.txt,english_stopwords,T5,.
327,A boy is climbing up a wall artificially built for climbing and is attached to a rope,ThingExplainer1000.txt,english_stopwords,T5,.
377,A man is leading the race,ThingExplainer1000.txt,english_stopwords,T5,.
379,A man is leading the race,ThingExplainer1000.txt,english_stopwords,T5,.
12,A skilled person is riding a bicycle on one wheel,ThingExplainer1000.txt,english_stopwords,BYT5,""" on one which one which one which one which one which one which one which one which one which one which one which one which on"
52,A man is jumping into an empty pool,ThingExplainer1000.txt,english_stopwords,BYT5,""" should have jump into an empty should have jump into an empty should have jump into an empty should have jump into an empty s"
57,Four girls are doing backbends and playing outdoors,ThingExplainer1000.txt,english_stopwords,BYT5,""" has become the only one woman who has become the only one woman who has become the only one woman who has become the only one"
71,A man is sitting in a field,ThingExplainer1000.txt,english_stopwords,BYT5,""" said to be said to be said to be said to be said to be said to be said to be said"
114,A motorcyclist with a red helmet is riding a blue motorcycle down the road,ThingExplainer1000.txt,english_stopwords,BYT5,""" should have become a man with a red car and a red car and a red car is should have become a man with a red car and a red car"
125,The blond girl is dancing behind the sound equipment,ThingExplainer1000.txt,english_stopwords,BYT5,""" is about to dance behind the sound dance behind the sound dance behind the sound dance behind the sound dance behind the soun"
140,The woman is wearing glasses and a black headdress,ThingExplainer1000.txt,english_stopwords,BYT5,""" should have a black head with a black head and a black head with a black head and a black head with a black head and a black"
327,A boy is climbing up a wall artificially built for climbing and is attached to a rope,ThingExplainer1000.txt,english_stopwords,BYT5,""" has been the only thing that he has been the only thing that he has been the only thing that he has been the only thing that"
377,A man is leading the race,ThingExplainer1000.txt,english_stopwords,BYT5,""" the race the race the race the race the race the race the race the race the race the race the race the race the race the race"
379,A man is leading the race,ThingExplainer1000.txt,english_stopwords,BYT5,""" the race the race the race the race the race the race the race the race the race the race the race the race the race the race"
12,A skilled person is riding a bicycle on one wheel,ThingExplainer1000.txt,english_stopwords,EMB_SUB,A thick person is fine a idea on one time
52,A man is jumping into an empty pool,ThingExplainer1000.txt,english_stopwords,EMB_SUB,A man is jump into an empty fun
57,Four girls are doing backbends and playing outdoors,ThingExplainer1000.txt,english_stopwords,EMB_SUB,Four girl are doing back and really field
71,A man is sitting in a field,ThingExplainer1000.txt,english_stopwords,EMB_SUB,A man is sat in a field
114,A motorcyclist with a red helmet is riding a blue motorcycle down the road,ThingExplainer1000.txt,english_stopwords,EMB_SUB,A shoulder with a red jacket is fine a blue give down the road
125,The blond girl is dancing behind the sound equipment,ThingExplainer1000.txt,english_stopwords,EMB_SUB,The that girl is dance behind the sound something
140,The woman is wearing glasses and a black headdress,ThingExplainer1000.txt,english_stopwords,EMB_SUB,The woman is dress say and a black jacket
327,A boy is climbing up a wall artificially built for climbing and is attached to a rope,ThingExplainer1000.txt,english_stopwords,EMB_SUB,A boy is climb up a wall calm bring for climb and is seven to a town
377,A man is leading the race,ThingExplainer1000.txt,english_stopwords,EMB_SUB,A man is lady the race
379,A man is leading the race,ThingExplainer1000.txt,english_stopwords,EMB_SUB,A man is lady the race
12,A skilled person is riding a bicycle on one wheel,ThingExplainer1000.txt,none,MLM,A single person is on a horse on one side
52,A man is jumping into an empty pool,ThingExplainer1000.txt,none,MLM,A man is led into an empty.
57,Four girls are doing backbends and playing outdoors,ThingExplainer1000.txt,none,MLM,Four people are on foot and walk.
71,A man is sitting in a field,ThingExplainer1000.txt,none,MLM,A man is lost in a field
114,A motorcyclist with a red helmet is riding a blue motorcycle down the road,ThingExplainer1000.txt,none,MLM,A person with a red shirt is on a blue bus down the road
125,The blond girl is dancing behind the sound equipment,ThingExplainer1000.txt,none,MLM,The little girl is left behind the sound.
140,The woman is wearing glasses and a black headdress,ThingExplainer1000.txt,none,MLM,The woman is wore black and a black.
327,A boy is climbing up a wall artificially built for climbing and is attached to a rope,ThingExplainer1000.txt,none,MLM,A boy is brought up a wall usually meant for escape and is held to a.
377,A man is leading the race,ThingExplainer1000.txt,none,MLM,A man is in the race
379,A man is leading the race,ThingExplainer1000.txt,none,MLM,A man is in the race
12,A skilled person is riding a bicycle on one wheel,ThingExplainer1000.txt,none,T5,.
52,A man is jumping into an empty pool,ThingExplainer1000.txt,none,T5,.
57,Four girls are doing backbends and playing outdoors,ThingExplainer1000.txt,none,T5,:
71,A man is sitting in a field,ThingExplainer1000.txt,none,T5,.
114,A motorcyclist with a red helmet is riding a blue motorcycle down the road,ThingExplainer1000.txt,none,T5,: ( in the name of the blue and blue road in the name of the blue and blue road
125,The blond girl is dancing behind the sound equipment,ThingExplainer1000.txt,none,T5,.
140,The woman is wearing glasses and a black headdress,ThingExplainer1000.txt,none,T5,.
327,A boy is climbing up a wall artificially built for climbing and is attached to a rope,ThingExplainer1000.txt,none,T5,.
377,A man is leading the race,ThingExplainer1000.txt,none,T5,.
379,A man is leading the race,ThingExplainer1000.txt,none,T5,.
12,A skilled person is riding a bicycle on one wheel,ThingExplainer1000.txt,none,BYT5,""" on one which one which one which one which one which one which one which one which one which one which one which one which on"
52,A man is jumping into an empty pool,ThingExplainer1000.txt,none,BYT5,""" should have jump into an empty should have jump into an empty should have jump into an empty should have jump into an empty s"
57,Four girls are doing backbends and playing outdoors,ThingExplainer1000.txt,none,BYT5,""" has become the only one woman who has become the only one woman who has become the only one woman who has become the only one"
71,A man is sitting in a field,ThingExplainer1000.txt,none,BYT5,""" said to be said to be said to be said to be said to be said to be said to be said"
114,A motorcyclist with a red helmet is riding a blue motorcycle down the road,ThingExplainer1000.txt,none,BYT5,""" should have become a man with a red car and a red car and a red car is should have become a man with a red car and a red car"
125,The blond girl is dancing behind the sound equipment,ThingExplainer1000.txt,none,BYT5,""" is about to dance behind the sound dance behind the sound dance behind the sound dance behind the sound dance behind the soun"
140,The woman is wearing glasses and a black headdress,ThingExplainer1000.txt,none,BYT5,""" should have a black head with a black head and a black head with a black head and a black head with a black head and a black"
327,A boy is climbing up a wall artificially built for climbing and is attached to a rope,ThingExplainer1000.txt,none,BYT5,""" has been the only thing that he has been the only thing that he has been the only thing that he has been the only thing that"
377,A man is leading the race,ThingExplainer1000.txt,none,BYT5,""" the race the race the race the race the race the race the race the race the race the race the race the race the race the race"
379,A man is leading the race,ThingExplainer1000.txt,none,BYT5,""" the race the race the race the race the race the race the race the race the race the race the race the race the race the race"
12,A skilled person is riding a bicycle on one wheel,ThingExplainer1000.txt,none,EMB_SUB,A thick person is fine a idea on one time
52,A man is jumping into an empty pool,ThingExplainer1000.txt,none,EMB_SUB,A man is jump into an empty fun
57,Four girls are doing backbends and playing outdoors,ThingExplainer1000.txt,none,EMB_SUB,Four girl are did back and really field
71,A man is sitting in a field,ThingExplainer1000.txt,none,EMB_SUB,A man is sat in a field
114,A motorcyclist with a red helmet is riding a blue motorcycle down the road,ThingExplainer1000.txt,none,EMB_SUB,A shoulder with a red jacket is fine a blue give down the road
125,The blond girl is dancing behind the sound equipment,ThingExplainer1000.txt,none,EMB_SUB,The that girl is dance behind the sound something
140,The woman is wearing glasses and a black headdress,ThingExplainer1000.txt,none,EMB_SUB,The woman is dress say and a black jacket
327,A boy is climbing up a wall artificially built for climbing and is attached to a rope,ThingExplainer1000.txt,none,EMB_SUB,A boy is climb up a wall calm bring for climb and is seven to a town
377,A man is leading the race,ThingExplainer1000.txt,none,EMB_SUB,A man is lady the race
379,A man is leading the race,ThingExplainer1000.txt,none,EMB_SUB,A man is lady the race
12,A skilled person is riding a bicycle on one wheel,OgdenBasicEnglish850.txt,english_stopwords,MLM,A normal person is driving a wheel on a wheel
52,A man is jumping into an empty pool,OgdenBasicEnglish850.txt,english_stopwords,MLM,A man is put into an open.
57,Four girls are doing backbends and playing outdoors,OgdenBasicEnglish850.txt,english_stopwords,MLM,young man are doing business and living.
71,A man is sitting in a field,OgdenBasicEnglish850.txt,english_stopwords,MLM,A man is dead in a field
114,A motorcyclist with a red helmet is riding a blue motorcycle down the road,OgdenBasicEnglish850.txt,english_stopwords,MLM,A person with a red shirt is driving a blue cart down the road
125,The blond girl is dancing behind the sound equipment,OgdenBasicEnglish850.txt,english_stopwords,MLM,The little girl is left with the sound.
140,The woman is wearing glasses and a black headdress,OgdenBasicEnglish850.txt,english_stopwords,MLM,The woman is black hair and a black.
327,A boy is climbing up a wall artificially built for climbing and is attached to a rope,OgdenBasicEnglish850.txt,english_stopwords,MLM,"A boy is hanging up a wall, ready for punishment and is hanging to a tree"
377,A man is leading the race,OgdenBasicEnglish850.txt,english_stopwords,MLM,A man is in the.
379,A man is leading the race,OgdenBasicEnglish850.txt,english_stopwords,MLM,A man is in the.
12,A skilled person is riding a bicycle on one wheel,OgdenBasicEnglish850.txt,english_stopwords,T5,.
52,A man is jumping into an empty pool,OgdenBasicEnglish850.txt,english_stopwords,T5,.
57,Four girls are doing backbends and playing outdoors,OgdenBasicEnglish850.txt,english_stopwords,T5,:
71,A man is sitting in a field,OgdenBasicEnglish850.txt,english_stopwords,T5,.
114,A motorcyclist with a red helmet is riding a blue motorcycle down the road,OgdenBasicEnglish850.txt,english_stopwords,T5,: ( in the name of the blue and blue road in the name of the blue and blue road
125,The blond girl is dancing behind the sound equipment,OgdenBasicEnglish850.txt,english_stopwords,T5,s simple
140,The woman is wearing glasses and a black headdress,OgdenBasicEnglish850.txt,english_stopwords,T5,.
327,A boy is climbing up a wall artificially built for climbing and is attached to a rope,OgdenBasicEnglish850.txt,english_stopwords,T5,.
377,A man is leading the race,OgdenBasicEnglish850.txt,english_stopwords,T5,s simple
379,A man is leading the race,OgdenBasicEnglish850.txt,english_stopwords,T5,s simple
12,A skilled person is riding a bicycle on one wheel,OgdenBasicEnglish850.txt,english_stopwords,BYT5,""" on on on on on on on on on on on on on on on on on on on on on on on on on on on on on on on on on on on on on on on on on on"
52,A man is jumping into an empty pool,OgdenBasicEnglish850.txt,english_stopwords,BYT5,""" should have been should have been should have been should have been should have been should have been should have been should"
57,Four girls are doing backbends and playing outdoors,OgdenBasicEnglish850.txt,english_stopwords,BYT5,""" has been through the second the second the second the second the second the second the second the second the second the secon"
71,A man is sitting in a field,OgdenBasicEnglish850.txt,english_stopwords,BYT5,""" have been a simple been a simple been a simple been a simple been a simple been a simple been a simple been a simple been a s"
114,A motorcyclist with a red helmet is riding a blue motorcycle down the road,OgdenBasicEnglish850.txt,english_stopwords,BYT5,""" should have been should have been should have been should have been should have been should have been should have been should"
125,The blond girl is dancing behind the sound equipment,OgdenBasicEnglish850.txt,english_stopwords,BYT5,""" is about her sound sound sound sound sound sound sound sound sound sound sound sound that her sound sound is about her sound"
140,The woman is wearing glasses and a black headdress,OgdenBasicEnglish850.txt,english_stopwords,BYT5,""" should have a black head with a black head and a black head with a black head and a black head with a black head and a black"
327,A boy is climbing up a wall artificially built for climbing and is attached to a rope,OgdenBasicEnglish850.txt,english_stopwords,BYT5,""" has been the only thing that he has been the only thing that he has been the only thing that he has been the only thing that"
377,A man is leading the race,OgdenBasicEnglish850.txt,english_stopwords,BYT5,""" is lead there is lead there is lead there is lead there is lead there is lead there is lead there is lead there is lead there"
379,A man is leading the race,OgdenBasicEnglish850.txt,english_stopwords,BYT5,""" is lead there is lead there is lead there is lead there is lead there is lead there is lead there is lead there is lead there"
12,A skilled person is riding a bicycle on one wheel,OgdenBasicEnglish850.txt,english_stopwords,EMB_SUB,A responsible person is ship a idea on i wheel
52,A man is jumping into an empty pool,OgdenBasicEnglish850.txt,english_stopwords,EMB_SUB,A man is jump into an existence garden
57,Four girls are doing backbends and playing outdoors,OgdenBasicEnglish850.txt,english_stopwords,EMB_SUB,Thick girl are doing back and very field
71,A man is sitting in a field,OgdenBasicEnglish850.txt,english_stopwords,EMB_SUB,A man is here in a field
114,A motorcyclist with a red helmet is riding a blue motorcycle down the road,OgdenBasicEnglish850.txt,english_stopwords,EMB_SUB,A fowl with a red glove is ship a blue give down the road
125,The blond girl is dancing behind the sound equipment,OgdenBasicEnglish850.txt,english_stopwords,EMB_SUB,The that girl is amount not the sound tired
140,The woman is wearing glasses and a black headdress,OgdenBasicEnglish850.txt,english_stopwords,EMB_SUB,The woman is dress say and a black feeble
327,A boy is climbing up a wall artificially built for climbing and is attached to a rope,OgdenBasicEnglish850.txt,english_stopwords,EMB_SUB,A boy is very up a wall political stone for very and is same to a stitch
377,A man is leading the race,OgdenBasicEnglish850.txt,english_stopwords,EMB_SUB,A man is business the circle
379,A man is leading the race,OgdenBasicEnglish850.txt,english_stopwords,EMB_SUB,A man is business the circle
12,A skilled person is riding a bicycle on one wheel,OgdenBasicEnglish850.txt,none,MLM,A normal person when driving a wheel on a wheel
52,A man is jumping into an empty pool,OgdenBasicEnglish850.txt,none,MLM,"A man, down in the same."
57,Four girls are doing backbends and playing outdoors,OgdenBasicEnglish850.txt,none,MLM,young man: building up and living.
71,A man is sitting in a field,OgdenBasicEnglish850.txt,none,MLM,A man while driving in a field
114,A motorcyclist with a red helmet is riding a blue motorcycle down the road,OgdenBasicEnglish850.txt,none,MLM,A person with a red shirt or driving a blue cart down the road
125,The blond girl is dancing behind the sound equipment,OgdenBasicEnglish850.txt,none,MLM,"The little girl, right about the sound."
140,The woman is wearing glasses and a black headdress,OgdenBasicEnglish850.txt,none,MLM,"The woman, black hair and a black hat"
327,A boy is climbing up a wall artificially built for climbing and is attached to a rope,OgdenBasicEnglish850.txt,none,MLM,"A boy while hanging up a wall, learning for scissors and scissors up to a!"
377,A man is leading the race,OgdenBasicEnglish850.txt,none,MLM,A man still in the.
379,A man is leading the race,OgdenBasicEnglish850.txt,none,MLM,A man still in the.
12,A skilled person is riding a bicycle on one wheel,OgdenBasicEnglish850.txt,none,T5,.
52,A man is jumping into an empty pool,OgdenBasicEnglish850.txt,none,T5,.
57,Four girls are doing backbends and playing outdoors,OgdenBasicEnglish850.txt,none,T5,:
71,A man is sitting in a field,OgdenBasicEnglish850.txt,none,T5,.
114,A motorcyclist with a red helmet is riding a blue motorcycle down the road,OgdenBasicEnglish850.txt,none,T5,: ( in the name of the name of the name of the name of the name of the name of the name of the name of the name of the name of the name of the name of the name of the name of the name of the name of the name of the name of the name of the name
125,The blond girl is dancing behind the sound equipment,OgdenBasicEnglish850.txt,none,T5,: simple simple
140,The woman is wearing glasses and a black headdress,OgdenBasicEnglish850.txt,none,T5,.
327,A boy is climbing up a wall artificially built for climbing and is attached to a rope,OgdenBasicEnglish850.txt,none,T5,.
377,A man is leading the race,OgdenBasicEnglish850.txt,none,T5,.
379,A man is leading the race,OgdenBasicEnglish850.txt,none,T5,.
12,A skilled person is riding a bicycle on one wheel,OgdenBasicEnglish850.txt,none,BYT5,""" on on on on on on on on on on on on on on on on on on on on on on on on on on on on on on on on on on on on on on on on on on"
52,A man is jumping into an empty pool,OgdenBasicEnglish850.txt,none,BYT5,""" star of the star of the star of the star of the star of the star of the star of the star of the star of the star of the star"
57,Four girls are doing backbends and playing outdoors,OgdenBasicEnglish850.txt,none,BYT5,""" in person against the against the against the against the against the against the against the against the against the against"
71,A man is sitting in a field,OgdenBasicEnglish850.txt,none,BYT5,""" have to be reading to be reading to be reading to be reading to be reading to be reading to be reading to be reading to be re"
114,A motorcyclist with a red helmet is riding a blue motorcycle down the road,OgdenBasicEnglish850.txt,none,BYT5,""" in the colour of the colour of the colour of the colour of the colour of the colour of the colour of the colour of the colour"
125,The blond girl is dancing behind the sound equipment,OgdenBasicEnglish850.txt,none,BYT5,""" that the sound of the sound of the sound of the sound of the sound of the sound of the sound of the sound of the sound of the"
140,The woman is wearing glasses and a black headdress,OgdenBasicEnglish850.txt,none,BYT5,""" then the woman then the woman then the woman then the woman then the woman then the then the then the then the then the then"
327,A boy is climbing up a wall artificially built for climbing and is attached to a rope,OgdenBasicEnglish850.txt,none,BYT5,""" in the first place in the first place in the first place in the first place in the first place in the first place in the firs"
377,A man is leading the race,OgdenBasicEnglish850.txt,none,BYT5,""" the man the man the man the man the man the man the man"
379,A man is leading the race,OgdenBasicEnglish850.txt,none,BYT5,""" the man the man the man the man the man the man the man"
12,A skilled person is riding a bicycle on one wheel,OgdenBasicEnglish850.txt,none,EMB_SUB,A responsible person do ship a idea on i wheel
52,A man is jumping into an empty pool,OgdenBasicEnglish850.txt,none,EMB_SUB,A man do jump but a existence garden
57,Four girls are doing backbends and playing outdoors,OgdenBasicEnglish850.txt,none,EMB_SUB,Thick girl some train back and very field
71,A man is sitting in a field,OgdenBasicEnglish850.txt,none,EMB_SUB,A man do here in a field
114,A motorcyclist with a red helmet is riding a blue motorcycle down the road,OgdenBasicEnglish850.txt,none,EMB_SUB,A fowl with a red glove do ship a blue give down the road
125,The blond girl is dancing behind the sound equipment,OgdenBasicEnglish850.txt,none,EMB_SUB,The that girl do amount not the sound tired
140,The woman is wearing glasses and a black headdress,OgdenBasicEnglish850.txt,none,EMB_SUB,The woman do dress say and a black feeble
327,A boy is climbing up a wall artificially built for climbing and is attached to a rope,OgdenBasicEnglish850.txt,none,EMB_SUB,A boy do very up a wall political stone for very and do same to a stitch
377,A man is leading the race,OgdenBasicEnglish850.txt,none,EMB_SUB,A man do business the circle
379,A man is leading the race,OgdenBasicEnglish850.txt,none,EMB_SUB,A man do business the circle
12,A skilled person is riding a bicycle on one wheel,vocab_100.txt,english_stopwords,MLM,A young man is on a side on a.
52,A man is jumping into an empty pool,vocab_100.txt,english_stopwords,MLM,A man is put into an open.
57,Four girls are doing backbends and playing outdoors,vocab_100.txt,english_stopwords,MLM,young people are doing business and work.
71,A man is sitting in a field,vocab_100.txt,english_stopwords,MLM,A man is present in a.
114,A motorcyclist with a red helmet is riding a blue motorcycle down the road,vocab_100.txt,english_stopwords,MLM,A man with a white face is on a white face down the.
125,The blond girl is dancing behind the sound equipment,vocab_100.txt,english_stopwords,MLM,The young man is still on the same.
140,The woman is wearing glasses and a black headdress,vocab_100.txt,english_stopwords,MLM,"The man is white, and a white."
327,A boy is climbing up a wall artificially built for climbing and is attached to a rope,vocab_100.txt,english_stopwords,MLM,A man is set up a place or place for work and is put to a.
377,A man is leading the race,vocab_100.txt,english_stopwords,MLM,A man is in the.
379,A man is leading the race,vocab_100.txt,english_stopwords,MLM,A man is in the.
12,A skilled person is riding a bicycle on one wheel,vocab_100.txt,english_stopwords,T5,.
52,A man is jumping into an empty pool,vocab_100.txt,english_stopwords,T5,.
57,Four girls are doing backbends and playing outdoors,vocab_100.txt,english_stopwords,T5,:
71,A man is sitting in a field,vocab_100.txt,english_stopwords,T5,.
114,A motorcyclist with a red helmet is riding a blue motorcycle down the road,vocab_100.txt,english_stopwords,T5,: ( in the form of an in the form of an in the form of an in the form of an in the form of an in the form of an in the form of an in the form of an in the form of an in the form of an in the form of an in the form of
125,The blond girl is dancing behind the sound equipment,vocab_100.txt,english_stopwords,T5,.
140,The woman is wearing glasses and a black headdress,vocab_100.txt,english_stopwords,T5,.
327,A boy is climbing up a wall artificially built for climbing and is attached to a rope,vocab_100.txt,english_stopwords,T5,.
377,A man is leading the race,vocab_100.txt,english_stopwords,T5,.
379,A man is leading the race,vocab_100.txt,english_stopwords,T5,.
12,A skilled person is riding a bicycle on one wheel,vocab_100.txt,english_stopwords,BYT5,""" on on on on on on on on on on on on on on on on on on on on on on on on on on on on on on on on on on on on on on on on on on"
52,A man is jumping into an empty pool,vocab_100.txt,english_stopwords,BYT5,""" should have been should have been should have been should have been should have been should have been should have been should"
57,Four girls are doing backbends and playing outdoors,vocab_100.txt,english_stopwords,BYT5,""" has become the only thing to do with the only thing that with the only thing that with the only thing that with the only thin"
71,A man is sitting in a field,vocab_100.txt,english_stopwords,BYT5,""" have been a development of the development of the development of the development of the development of the development of the"
114,A motorcyclist with a red helmet is riding a blue motorcycle down the road,vocab_100.txt,english_stopwords,BYT5,""" should have become a man who has been through the should have become a man who has been through the should have been through"
125,The blond girl is dancing behind the sound equipment,vocab_100.txt,english_stopwords,BYT5,""" has been through to the end of the second end of the second end of the second end of the second end of the second end of the"
140,The woman is wearing glasses and a black headdress,vocab_100.txt,english_stopwords,BYT5,""" should have become the only way through the should have become the should have become the only way through the should have be"
327,A boy is climbing up a wall artificially built for climbing and is attached to a rope,vocab_100.txt,english_stopwords,BYT5,""" has been the only thing that he has been the only thing that he has been the only thing that he has been the only thing that"
377,A man is leading the race,vocab_100.txt,english_stopwords,BYT5,""" the same the same the same the same the same the same the same the same the same the same the same the same the same the same"
379,A man is leading the race,vocab_100.txt,english_stopwords,BYT5,""" the same the same the same the same the same the same the same the same the same the same the same the same the same the same"
12,A skilled person is riding a bicycle on one wheel,vocab_100.txt,english_stopwords,EMB_SUB,A people man is development a work on make time
52,A man is jumping into an empty pool,vocab_100.txt,english_stopwords,EMB_SUB,A man is program into an problem put
57,Four girls are doing backbends and playing outdoors,vocab_100.txt,english_stopwords,EMB_SUB,Two man are doing back and even work
71,A man is sitting in a field,vocab_100.txt,english_stopwords,EMB_SUB,A man is year in a time
114,A motorcyclist with a red helmet is riding a blue motorcycle down the road,vocab_100.txt,english_stopwords,EMB_SUB,A like with a better back is development a white give down the course
125,The blond girl is dancing behind the sound equipment,vocab_100.txt,english_stopwords,EMB_SUB,The right man is down two the put use
140,The woman is wearing glasses and a black headdress,vocab_100.txt,english_stopwords,EMB_SUB,The man is day say and a white interest
327,A boy is climbing up a wall artificially built for climbing and is attached to a rope,vocab_100.txt,english_stopwords,EMB_SUB,A man is even up a use world put for even and is family to a make
377,A man is leading the race,vocab_100.txt,english_stopwords,EMB_SUB,A man is business the work
379,A man is leading the race,vocab_100.txt,english_stopwords,EMB_SUB,A man is business the work
12,A skilled person is riding a bicycle on one wheel,vocab_100.txt,none,MLM,- - man - like - man - like.
52,A man is jumping into an empty pool,vocab_100.txt,none,MLM,young man: going over: open.
57,Four girls are doing backbends and playing outdoors,vocab_100.txt,none,MLM,young people like being young people go!
71,A man is sitting in a field,vocab_100.txt,none,MLM,young man: life: open.
114,A motorcyclist with a red helmet is riding a blue motorcycle down the road,vocab_100.txt,none,MLM,white man - white white man - - white white man down country.
125,The blond girl is dancing behind the sound equipment,vocab_100.txt,none,MLM,young young man: man: home power!
140,The woman is wearing glasses and a black headdress,vocab_100.txt,none,MLM,young man: white face; long white.
327,A boy is climbing up a wall artificially built for climbing and is attached to a rope,vocab_100.txt,none,MLM,"young man: set off - - - young man, man - down like -."
377,A man is leading the race,vocab_100.txt,none,MLM,white man: take back!
379,A man is leading the race,vocab_100.txt,none,MLM,white man: take back!
12,A skilled person is riding a bicycle on one wheel,vocab_100.txt,none,T5,.
52,A man is jumping into an empty pool,vocab_100.txt,none,T5,.
57,Four girls are doing backbends and playing outdoors,vocab_100.txt,none,T5,:
71,A man is sitting in a field,vocab_100.txt,none,T5,.
114,A motorcyclist with a red helmet is riding a blue motorcycle down the road,vocab_100.txt,none,T5,:
125,The blond girl is dancing behind the sound equipment,vocab_100.txt,none,T5,.
140,The woman is wearing glasses and a black headdress,vocab_100.txt,none,T5,.
327,A boy is climbing up a wall artificially built for climbing and is attached to a rope,vocab_100.txt,none,T5,.
377,A man is leading the race,vocab_100.txt,none,T5,.
379,A man is leading the race,vocab_100.txt,none,T5,.
12,A skilled person is riding a bicycle on one wheel,vocab_100.txt,none,BYT5,""" part become right become right become right become right become right become right become right become right become right bec"
52,A man is jumping into an empty pool,vocab_100.txt,none,BYT5,""" think think think think think think think think think think think think thing think thing think thing think thing think thing"
57,Four girls are doing backbends and playing outdoors,vocab_100.txt,none,BYT5,""" have become two back back back back back back back back back back back back"
71,A man is sitting in a field,vocab_100.txt,none,BYT5,""" have become still still have become still have become still have become still have become still have become still have become"
114,A motorcyclist with a red helmet is riding a blue motorcycle down the road,vocab_100.txt,none,BYT5,""" interest point while man can be found still point point point point point point point point point point point point point"
125,The blond girl is dancing behind the sound equipment,vocab_100.txt,none,BYT5,""" have become down being down being down being down being down being dow"
140,The woman is wearing glasses and a black headdress,vocab_100.txt,none,BYT5,""" still have become world still still still still still still still still still still still still still still still still still"
327,A boy is climbing up a wall artificially built for climbing and is attached to a rope,vocab_100.txt,none,BYT5,""" have become thought thought thought thought thought thought thought thought thought thought thought thought thought thought t"
377,A man is leading the race,vocab_100.txt,none,BYT5,""" point thought thought thought thought thought thought thought thought thought thought thought thought thought thought thought"
379,A man is leading the race,vocab_100.txt,none,BYT5,""" point thought thought thought thought thought thought thought thought thought thought thought thought thought thought thought"
12,A skilled person is riding a bicycle on one wheel,vocab_100.txt,none,EMB_SUB,Have people man do development have work even make time
52,A man is jumping into an empty pool,vocab_100.txt,none,EMB_SUB,Have man do program even know problem put
57,Four girls are doing backbends and playing outdoors,vocab_100.txt,none,EMB_SUB,Two man become being back even even work
71,A man is sitting in a field,vocab_100.txt,none,EMB_SUB,Have man do year know have time
114,A motorcyclist with a red helmet is riding a blue motorcycle down the road,vocab_100.txt,none,EMB_SUB,Have like even have better back do development have white give down have course
125,The blond girl is dancing behind the sound equipment,vocab_100.txt,none,EMB_SUB,Have right man do down two have put use
140,The woman is wearing glasses and a black headdress,vocab_100.txt,none,EMB_SUB,Have man do day say even have white interest
327,A boy is climbing up a wall artificially built for climbing and is attached to a rope,vocab_100.txt,none,EMB_SUB,Have man do even say have use world put do even even do family have have make
377,A man is leading the race,vocab_100.txt,none,EMB_SUB,Have man do business have work
379,A man is leading the race,vocab_100.txt,none,EMB_SUB,Have man do business have work
12,A skilled person is riding a bicycle on one wheel,vocab_200.txt,english_stopwords,MLM,A young man is on a car on the street
52,A man is jumping into an empty pool,vocab_200.txt,english_stopwords,MLM,A man is put into an open.
57,Four girls are doing backbends and playing outdoors,vocab_200.txt,english_stopwords,MLM,young people are doing business and work.
71,A man is sitting in a field,vocab_200.txt,english_stopwords,MLM,A man is present in a field
114,A motorcyclist with a red helmet is riding a blue motorcycle down the road,vocab_200.txt,english_stopwords,MLM,A man with a black face is on a black car down the street
125,The blond girl is dancing behind the sound equipment,vocab_200.txt,english_stopwords,MLM,The young girl is still on the same.
140,The woman is wearing glasses and a black headdress,vocab_200.txt,english_stopwords,MLM,"The woman is black, and a black."
327,A boy is climbing up a wall artificially built for climbing and is attached to a rope,vocab_200.txt,english_stopwords,MLM,"A boy is put up a top, or for example and is put to a."
377,A man is leading the race,vocab_200.txt,english_stopwords,MLM,A man is in the.
379,A man is leading the race,vocab_200.txt,english_stopwords,MLM,A man is in the.
12,A skilled person is riding a bicycle on one wheel,vocab_200.txt,english_stopwords,T5,.
52,A man is jumping into an empty pool,vocab_200.txt,english_stopwords,T5,.
57,Four girls are doing backbends and playing outdoors,vocab_200.txt,english_stopwords,T5,:
71,A man is sitting in a field,vocab_200.txt,english_stopwords,T5,.
114,A motorcyclist with a red helmet is riding a blue motorcycle down the road,vocab_200.txt,english_stopwords,T5,: ( in the name of the name of the name of the name of the name of the name of the name of the name of the name of the name of the name of the name of the name of the name of the name of the name of the name of the name of the name of the name
125,The blond girl is dancing behind the sound equipment,vocab_200.txt,english_stopwords,T5,.
140,The woman is wearing glasses and a black headdress,vocab_200.txt,english_stopwords,T5,.
327,A boy is climbing up a wall artificially built for climbing and is attached to a rope,vocab_200.txt,english_stopwords,T5,.
377,A man is leading the race,vocab_200.txt,english_stopwords,T5,.
379,A man is leading the race,vocab_200.txt,english_stopwords,T5,.
12,A skilled person is riding a bicycle on one wheel,vocab_200.txt,english_stopwords,BYT5,""" on on on on on on on on on on on on on on on on on on on on on on on on on on on on on on on on on on on on on on on on on on"
52,A man is jumping into an empty pool,vocab_200.txt,english_stopwords,BYT5,""" should have been should have been should have been should have been should have been should have been should have been should"
57,Four girls are doing backbends and playing outdoors,vocab_200.txt,english_stopwords,BYT5,""" has become the only thing to do with the only thing that with the only thing that with the only thing that with the only thin"
71,A man is sitting in a field,vocab_200.txt,english_stopwords,BYT5,""" have been a field have been a field have been a field have been a field have been a field have been a field have been a field"
114,A motorcyclist with a red helmet is riding a blue motorcycle down the road,vocab_200.txt,english_stopwords,BYT5,""" should have become a man who has been through his hands and is a man who has been through his should have been should have be"
125,The blond girl is dancing behind the sound equipment,vocab_200.txt,english_stopwords,BYT5,""" has been through to the end of the second end of the second end of the second end of the second end of the second end of the"
140,The woman is wearing glasses and a black headdress,vocab_200.txt,english_stopwords,BYT5,""" should have a black head with a black head and a black head with a black head and a black head with a black head and a black"
327,A boy is climbing up a wall artificially built for climbing and is attached to a rope,vocab_200.txt,english_stopwords,BYT5,""" has been the only thing that he has been the only thing that he has been the only thing that he has been the only thing that"
377,A man is leading the race,vocab_200.txt,english_stopwords,BYT5,""" the same man the same man the same man the same man the same man the same man the same man the same man the same man the same"
379,A man is leading the race,vocab_200.txt,english_stopwords,BYT5,""" the same man the same man the same man the same man the same man the same man the same man the same man the same man the same"
12,A skilled person is riding a bicycle on one wheel,vocab_200.txt,english_stopwords,EMB_SUB,A necessary man is company a university on tell time
52,A man is jumping into an empty pool,vocab_200.txt,english_stopwords,EMB_SUB,A man is reason into an problem put
57,Four girls are doing backbends and playing outdoors,vocab_200.txt,english_stopwords,EMB_SUB,Two girl are doing back and even field
71,A man is sitting in a field,vocab_200.txt,english_stopwords,EMB_SUB,A man is year in a field
114,A motorcyclist with a red helmet is riding a blue motorcycle down the road,vocab_200.txt,english_stopwords,EMB_SUB,A military with a law military is company a white give down the course
125,The blond girl is dancing behind the sound equipment,vocab_200.txt,english_stopwords,EMB_SUB,The right girl is down two the seem use
140,The woman is wearing glasses and a black headdress,vocab_200.txt,english_stopwords,EMB_SUB,The woman is day say and a black interest
327,A boy is climbing up a wall artificially built for climbing and is attached to a rope,vocab_200.txt,english_stopwords,EMB_SUB,A boy is even up a military outside put for even and is love to a town
377,A man is leading the race,vocab_200.txt,english_stopwords,EMB_SUB,A man is business the work
379,A man is leading the race,vocab_200.txt,english_stopwords,EMB_SUB,A man is business the work
12,A skilled person is riding a bicycle on one wheel,vocab_200.txt,none,MLM,- - man - like - man - like.
52,A man is jumping into an empty pool,vocab_200.txt,none,MLM,young man: going over: body.
57,Four girls are doing backbends and playing outdoors,vocab_200.txt,none,MLM,young people like making music while going.
71,A man is sitting in a field,vocab_200.txt,none,MLM,young man: life: open field
114,A motorcyclist with a red helmet is riding a blue motorcycle down the road,vocab_200.txt,none,MLM,white man - white white man - - white white man down town.
125,The blond girl is dancing behind the sound equipment,vocab_200.txt,none,MLM,young young girl: girl: music education.
140,The woman is wearing glasses and a black headdress,vocab_200.txt,none,MLM,"young woman: black face, long black."
327,A boy is climbing up a wall artificially built for climbing and is attached to a rope,vocab_200.txt,none,MLM,young boy: set off - - - free while young boy: put down - free
377,A man is leading the race,vocab_200.txt,none,MLM,white man: run - down
379,A man is leading the race,vocab_200.txt,none,MLM,white man: run - down
12,A skilled person is riding a bicycle on one wheel,vocab_200.txt,none,T5,.
52,A man is jumping into an empty pool,vocab_200.txt,none,T5,.
57,Four girls are doing backbends and playing outdoors,vocab_200.txt,none,T5,:
71,A man is sitting in a field,vocab_200.txt,none,T5,.
114,A motorcyclist with a red helmet is riding a blue motorcycle down the road,vocab_200.txt,none,T5,:
125,The blond girl is dancing behind the sound equipment,vocab_200.txt,none,T5,.
140,The woman is wearing glasses and a black headdress,vocab_200.txt,none,T5,.
327,A boy is climbing up a wall artificially built for climbing and is attached to a rope,vocab_200.txt,none,T5,.
377,A man is leading the race,vocab_200.txt,none,T5,.
379,A man is leading the race,vocab_200.txt,none,T5,.
12,A skilled person is riding a bicycle on one wheel,vocab_200.txt,none,BYT5,""" part become right become right become right become right become right become right become right become right become right bec"
52,A man is jumping into an empty pool,vocab_200.txt,none,BYT5,""" study area study area study area study area study area study area study area study area study area study"
57,Four girls are doing backbends and playing outdoors,vocab_200.txt,none,BYT5,""" have become two back back back back back back back back back back back back back back back"
71,A man is sitting in a field,vocab_200.txt,none,BYT5,""" have become thought become thought become thought become thought become thought become thought become"
114,A motorcyclist with a red helmet is riding a blue motorcycle down the road,vocab_200.txt,none,BYT5,""" total number control control control control control control control control control control control control"
125,The blond girl is dancing behind the sound equipment,vocab_200.txt,none,BYT5,""" have become down being down being down being down being down being down being down being down being"
140,The woman is wearing glasses and a black headdress,vocab_200.txt,none,BYT5,""" have become black white black woman white black white black white woman have black white black white black white black white"
327,A boy is climbing up a wall artificially built for climbing and is attached to a rope,vocab_200.txt,none,BYT5,""" while head over top while head over top while head over top while head over top while head over top while head over top while"
377,A man is leading the race,vocab_200.txt,none,BYT5,""" position thought position thought position thought position thought position thought position thought position thought positi"
379,A man is leading the race,vocab_200.txt,none,BYT5,""" position thought position thought position thought position thought position thought position thought position thought positi"
12,A skilled person is riding a bicycle on one wheel,vocab_200.txt,none,EMB_SUB,Have necessary man do company have university even tell time
52,A man is jumping into an empty pool,vocab_200.txt,none,EMB_SUB,Have man do reason even know problem put
57,Four girls are doing backbends and playing outdoors,vocab_200.txt,none,EMB_SUB,Two girl become being back even even field
71,A man is sitting in a field,vocab_200.txt,none,EMB_SUB,Have man do year know have field
114,A motorcyclist with a red helmet is riding a blue motorcycle down the road,vocab_200.txt,none,EMB_SUB,Have military even have law military do company have white give down have course
125,The blond girl is dancing behind the sound equipment,vocab_200.txt,none,EMB_SUB,Have right girl do down two have seem use
140,The woman is wearing glasses and a black headdress,vocab_200.txt,none,EMB_SUB,Have woman do day say even have black interest
327,A boy is climbing up a wall artificially built for climbing and is attached to a rope,vocab_200.txt,none,EMB_SUB,Have boy do even say have military outside put do even even do love have have town
377,A man is leading the race,vocab_200.txt,none,EMB_SUB,Have man do business have work
379,A man is leading the race,vocab_200.txt,none,EMB_SUB,Have man do business have work
12,A skilled person is riding a bicycle on one wheel,vocab_300.txt,english_stopwords,MLM,A young person is using a car on a.
52,A man is jumping into an empty pool,vocab_300.txt,english_stopwords,MLM,A man is looking into an open.
57,Four girls are doing backbends and playing outdoors,vocab_300.txt,english_stopwords,MLM,young people are doing business and living.
71,A man is sitting in a field,vocab_300.txt,english_stopwords,MLM,A man is living in a field
114,A motorcyclist with a red helmet is riding a blue motorcycle down the road,vocab_300.txt,english_stopwords,MLM,A person with a red face is on a police car down the road
125,The blond girl is dancing behind the sound equipment,vocab_300.txt,english_stopwords,MLM,The young girl is still using the same equipment
140,The woman is wearing glasses and a black headdress,vocab_300.txt,english_stopwords,MLM,The woman is black hair and a black.
327,A boy is climbing up a wall artificially built for climbing and is attached to a rope,vocab_300.txt,english_stopwords,MLM,"A boy is put up a wall, not for example and is put to a wall"
377,A man is leading the race,vocab_300.txt,english_stopwords,MLM,A man is in the.
379,A man is leading the race,vocab_300.txt,english_stopwords,MLM,A man is in the.
12,A skilled person is riding a bicycle on one wheel,vocab_300.txt,english_stopwords,T5,.
52,A man is jumping into an empty pool,vocab_300.txt,english_stopwords,T5,.
57,Four girls are doing backbends and playing outdoors,vocab_300.txt,english_stopwords,T5,:
71,A man is sitting in a field,vocab_300.txt,english_stopwords,T5,.
114,A motorcyclist with a red helmet is riding a blue motorcycle down the road,vocab_300.txt,english_stopwords,T5,: ( in the name of the name of the name of the name of the name of the name of the name of the name of the name of the name of the name of the name of the name of the name of the name of the name of the name of the name of the name of the name
125,The blond girl is dancing behind the sound equipment,vocab_300.txt,english_stopwords,T5,s simple
140,The woman is wearing glasses and a black headdress,vocab_300.txt,english_stopwords,T5,.
327,A boy is climbing up a wall artificially built for climbing and is attached to a rope,vocab_300.txt,english_stopwords,T5,.
377,A man is leading the race,vocab_300.txt,english_stopwords,T5,s simple
379,A man is leading the race,vocab_300.txt,english_stopwords,T5,s simple
12,A skilled person is riding a bicycle on one wheel,vocab_300.txt,english_stopwords,BYT5,""" on on on on on on on on on on on on on on on on on on on on on on on on on on on on on on on on on on on on on on on on on on"
52,A man is jumping into an empty pool,vocab_300.txt,english_stopwords,BYT5,""" should have been should have been should have been should have been should have been should have been should have been should"
57,Four girls are doing backbends and playing outdoors,vocab_300.txt,english_stopwords,BYT5,""" has become the only thing to do with the only thing that with the only thing that with the only thing that with the only thin"
71,A man is sitting in a field,vocab_300.txt,english_stopwords,BYT5,""" having to have a field having to have a field having to have a field having to have a field having to having to having to hav"
114,A motorcyclist with a red helmet is riding a blue motorcycle down the road,vocab_300.txt,english_stopwords,BYT5,""" should have become a man with a red car and a red car and a red car is should have become a man with a red car and a red car"
125,The blond girl is dancing behind the sound equipment,vocab_300.txt,english_stopwords,BYT5,""" has been through to the end of the second end of the second end of the second end of the second end of the second end of the"
140,The woman is wearing glasses and a black headdress,vocab_300.txt,english_stopwords,BYT5,""" should have a black head with a black head and a black head with a black head and a black head with a black head and a black"
327,A boy is climbing up a wall artificially built for climbing and is attached to a rope,vocab_300.txt,english_stopwords,BYT5,""" has been the only thing that he has been the only thing that he has been the only thing that he has been the only thing that"
377,A man is leading the race,vocab_300.txt,english_stopwords,BYT5,""" the return the return the return the return the return the return the return the return the return the return the return the"
379,A man is leading the race,vocab_300.txt,english_stopwords,BYT5,""" the return the return the return the return the return the return the return the return the return the return the return the"
12,A skilled person is riding a bicycle on one wheel,vocab_300.txt,english_stopwords,EMB_SUB,A necessary person is company a idea on tell time
52,A man is jumping into an empty pool,vocab_300.txt,english_stopwords,EMB_SUB,A man is reason into an problem put
57,Four girls are doing backbends and playing outdoors,vocab_300.txt,english_stopwords,EMB_SUB,Two girl are doing back and even field
71,A man is sitting in a field,vocab_300.txt,english_stopwords,EMB_SUB,A man is getting in a field
114,A motorcyclist with a red helmet is riding a blue motorcycle down the road,vocab_300.txt,english_stopwords,EMB_SUB,A military with a red military is company a brown give down the road
125,The blond girl is dancing behind the sound equipment,vocab_300.txt,english_stopwords,EMB_SUB,The hair girl is amount two the process equipment
140,The woman is wearing glasses and a black headdress,vocab_300.txt,english_stopwords,EMB_SUB,The woman is day say and a black earth
327,A boy is climbing up a wall artificially built for climbing and is attached to a rope,vocab_300.txt,english_stopwords,EMB_SUB,A boy is even up a wall outside stock for even and is picture to a town
377,A man is leading the race,vocab_300.txt,english_stopwords,EMB_SUB,A man is business the work
379,A man is leading the race,vocab_300.txt,english_stopwords,EMB_SUB,A man is business the work
12,A skilled person is riding a bicycle on one wheel,vocab_300.txt,none,MLM,- - person - put down hands over front.
52,A man is jumping into an empty pool,vocab_300.txt,none,MLM,young man: looking down: body.
57,Four girls are doing backbends and playing outdoors,vocab_300.txt,none,MLM,young people like using music while living.
71,A man is sitting in a field,vocab_300.txt,none,MLM,young man: living inside open field
114,A motorcyclist with a red helmet is riding a blue motorcycle down the road,vocab_300.txt,none,MLM,"white man inside: red man inside, dark red man down country road"
125,The blond girl is dancing behind the sound equipment,vocab_300.txt,none,MLM,young young girl: girl: live stage equipment
140,The woman is wearing glasses and a black headdress,vocab_300.txt,none,MLM,young woman: black hair; long black.
327,A boy is climbing up a wall artificially built for climbing and is attached to a rope,vocab_300.txt,none,MLM,"young boy: set inside wall wall, open while open door door open like paper."
377,A man is leading the race,vocab_300.txt,none,MLM,white man: inside human.
379,A man is leading the race,vocab_300.txt,none,MLM,white man: inside human.
12,A skilled person is riding a bicycle on one wheel,vocab_300.txt,none,T5,.
52,A man is jumping into an empty pool,vocab_300.txt,none,T5,.
57,Four girls are doing backbends and playing outdoors,vocab_300.txt,none,T5,:
71,A man is sitting in a field,vocab_300.txt,none,T5,.
114,A motorcyclist with a red helmet is riding a blue motorcycle down the road,vocab_300.txt,none,T5,:
125,The blond girl is dancing behind the sound equipment,vocab_300.txt,none,T5,: simple simple
140,The woman is wearing glasses and a black headdress,vocab_300.txt,none,T5,.
327,A boy is climbing up a wall artificially built for climbing and is attached to a rope,vocab_300.txt,none,T5,.
377,A man is leading the race,vocab_300.txt,none,T5,simple simple
379,A man is leading the race,vocab_300.txt,none,T5,simple simple
12,A skilled person is riding a bicycle on one wheel,vocab_300.txt,none,BYT5,""" person will become thinking outside outside outside outside outside outside outside outside outside outside outside outside o"
52,A man is jumping into an empty pool,vocab_300.txt,none,BYT5,""" stand open stand open stand open stand open stand open stand open stand open stand open stand open stand open stand open stan"
57,Four girls are doing backbends and playing outdoors,vocab_300.txt,none,BYT5,""" have become thinking simple thinking simple thinking simple thinking simple thinking simple thinking simple thinking simple t"
71,A man is sitting in a field,vocab_300.txt,none,BYT5,""" have become simple become simple become simple become simple becom"
114,A motorcyclist with a red helmet is riding a blue motorcycle down the road,vocab_300.txt,none,BYT5,""" total number complete information can be found total number can be found total number can be found total number can be found"
125,The blond girl is dancing behind the sound equipment,vocab_300.txt,none,BYT5,""" have become thinking thing outside outside outside outside out"
140,The woman is wearing glasses and a black headdress,vocab_300.txt,none,BYT5,""" have become black head woman white black head woman white black head woman white black head woman white black head white blac"
327,A boy is climbing up a wall artificially built for climbing and is attached to a rope,vocab_300.txt,none,BYT5,""" have read office inside inside inside inside inside inside inside inside have read office inside inside inside inside inside"
377,A man is leading the race,vocab_300.txt,none,BYT5,""" have simple simple simple simple simple simple"
379,A man is leading the race,vocab_300.txt,none,BYT5,""" have simple simple simple simple simple simple"
12,A skilled person is riding a bicycle on one wheel,vocab_300.txt,none,EMB_SUB,Have necessary person do company have idea even tell time
52,A man is jumping into an empty pool,vocab_300.txt,none,EMB_SUB,Have man do reason even know problem put
57,Four girls are doing backbends and playing outdoors,vocab_300.txt,none,EMB_SUB,Two girl become being back even even field
71,A man is sitting in a field,vocab_300.txt,none,EMB_SUB,Have man do getting know have field
114,A motorcyclist with a red helmet is riding a blue motorcycle down the road,vocab_300.txt,none,EMB_SUB,Have military even have red military do company have brown give down have road
125,The blond girl is dancing behind the sound equipment,vocab_300.txt,none,EMB_SUB,Have hair girl do amount two have process equipment
140,The woman is wearing glasses and a black headdress,vocab_300.txt,none,EMB_SUB,Have woman do day say even have black earth
327,A boy is climbing up a wall artificially built for climbing and is attached to a rope,vocab_300.txt,none,EMB_SUB,Have boy do even say have wall outside stock do even even do picture have have town
377,A man is leading the race,vocab_300.txt,none,EMB_SUB,Have man do business have work
379,A man is leading the race,vocab_300.txt,none,EMB_SUB,Have man do business have work
12,A skilled person is riding a bicycle on one wheel,vocab_400.txt,english_stopwords,MLM,A young person is running a car on a.
52,A man is jumping into an empty pool,vocab_400.txt,english_stopwords,MLM,A man is looking into an open window
57,Four girls are doing backbends and playing outdoors,vocab_400.txt,english_stopwords,MLM,young people are doing reading and reading.
71,A man is sitting in a field,vocab_400.txt,english_stopwords,MLM,A man is living in a field
114,A motorcyclist with a red helmet is riding a blue motorcycle down the road,vocab_400.txt,english_stopwords,MLM,A person with a red face is on a blue road down the road
125,The blond girl is dancing behind the sound equipment,vocab_400.txt,english_stopwords,MLM,The young girl is still using the same equipment
140,The woman is wearing glasses and a black headdress,vocab_400.txt,english_stopwords,MLM,The woman is black hair and a black.
327,A boy is climbing up a wall artificially built for climbing and is attached to a rope,vocab_400.txt,english_stopwords,MLM,"A boy is put up a wall, ready for play and is put to a."
377,A man is leading the race,vocab_400.txt,english_stopwords,MLM,A man is running the.
379,A man is leading the race,vocab_400.txt,english_stopwords,MLM,A man is running the.
12,A skilled person is riding a bicycle on one wheel,vocab_400.txt,english_stopwords,T5,.
52,A man is jumping into an empty pool,vocab_400.txt,english_stopwords,T5,.
57,Four girls are doing backbends and playing outdoors,vocab_400.txt,english_stopwords,T5,:
71,A man is sitting in a field,vocab_400.txt,english_stopwords,T5,.
114,A motorcyclist with a red helmet is riding a blue motorcycle down the road,vocab_400.txt,english_stopwords,T5,: ( in the name of the blue and blue road in the name of the blue and blue road
125,The blond girl is dancing behind the sound equipment,vocab_400.txt,english_stopwords,T5,s simple
140,The woman is wearing glasses and a black headdress,vocab_400.txt,english_stopwords,T5,.
327,A boy is climbing up a wall artificially built for climbing and is attached to a rope,vocab_400.txt,english_stopwords,T5,.
377,A man is leading the race,vocab_400.txt,english_stopwords,T5,s simple
379,A man is leading the race,vocab_400.txt,english_stopwords,T5,s simple
12,A skilled person is riding a bicycle on one wheel,vocab_400.txt,english_stopwords,BYT5,""" on on on on on on on on on on on on on on on on on on on on on on on on on on on on on on on on on on on on on on on on on on"
52,A man is jumping into an empty pool,vocab_400.txt,english_stopwords,BYT5,""" should have been should have been should have been should have been should have been should have been should have been should"
57,Four girls are doing backbends and playing outdoors,vocab_400.txt,english_stopwords,BYT5,""" has become the only thing to do with the only thing that with the only thing that with the only thing that with the only thin"
71,A man is sitting in a field,vocab_400.txt,english_stopwords,BYT5,""" having to have a field having to have a field having to have a field having to have a field having to having to having to hav"
114,A motorcyclist with a red helmet is riding a blue motorcycle down the road,vocab_400.txt,english_stopwords,BYT5,""" should have become a man with a red car and a red car and a red car is should have become a man with a red car and a red car"
125,The blond girl is dancing behind the sound equipment,vocab_400.txt,english_stopwords,BYT5,""" has been through to the end of the second end of the second end of the second end of the second end of the second end of the"
140,The woman is wearing glasses and a black headdress,vocab_400.txt,english_stopwords,BYT5,""" should have a black head with a black head and a black head with a black head and a black head with a black head and a black"
327,A boy is climbing up a wall artificially built for climbing and is attached to a rope,vocab_400.txt,english_stopwords,BYT5,""" has been the only thing that he has been the only thing that he has been the only thing that he has been the only thing that"
377,A man is leading the race,vocab_400.txt,english_stopwords,BYT5,""" is lead is lead is lead is lead is lead is lead"
379,A man is leading the race,vocab_400.txt,english_stopwords,BYT5,""" is lead is lead is lead is lead is lead is lead"
12,A skilled person is riding a bicycle on one wheel,vocab_400.txt,english_stopwords,EMB_SUB,A necessary person is treatment a idea on tell time
52,A man is jumping into an empty pool,vocab_400.txt,english_stopwords,EMB_SUB,A man is reason into an consider put
57,Four girls are doing backbends and playing outdoors,vocab_400.txt,english_stopwords,EMB_SUB,Two girl are doing back and even field
71,A man is sitting in a field,vocab_400.txt,english_stopwords,EMB_SUB,A man is getting in a field
114,A motorcyclist with a red helmet is riding a blue motorcycle down the road,vocab_400.txt,english_stopwords,EMB_SUB,A military with a red military is treatment a blue give down the road
125,The blond girl is dancing behind the sound equipment,vocab_400.txt,english_stopwords,EMB_SUB,The hair girl is amount two the direct equipment
140,The woman is wearing glasses and a black headdress,vocab_400.txt,english_stopwords,EMB_SUB,The woman is degree say and a black earth
327,A boy is climbing up a wall artificially built for climbing and is attached to a rope,vocab_400.txt,english_stopwords,EMB_SUB,A boy is even up a wall outside stock for even and is picture to a town
377,A man is leading the race,vocab_400.txt,english_stopwords,EMB_SUB,A man is business the work
379,A man is leading the race,vocab_400.txt,english_stopwords,EMB_SUB,A man is business the work
12,A skilled person is riding a bicycle on one wheel,vocab_400.txt,none,MLM,- - person - running road - - -.
52,A man is jumping into an empty pool,vocab_400.txt,none,MLM,young man: looking down: running!
57,Four girls are doing backbends and playing outdoors,vocab_400.txt,none,MLM,"young people like reading, like reading."
71,A man is sitting in a field,vocab_400.txt,none,MLM,young man: living inside open field
114,A motorcyclist with a red helmet is riding a blue motorcycle down the road,vocab_400.txt,none,MLM,average person using red red equipment while following red blue equipment down - road
125,The blond girl is dancing behind the sound equipment,vocab_400.txt,none,MLM,young young girl: girl: live stage equipment
140,The woman is wearing glasses and a black headdress,vocab_400.txt,none,MLM,young woman: black hair; long black.
327,A boy is climbing up a wall artificially built for climbing and is attached to a rope,vocab_400.txt,none,MLM,"young boy: steps down - wall, ready - cut hair - cut like spring."
377,A man is leading the race,vocab_400.txt,none,MLM,green man: run - down
379,A man is leading the race,vocab_400.txt,none,MLM,green man: run - down
12,A skilled person is riding a bicycle on one wheel,vocab_400.txt,none,T5,.
52,A man is jumping into an empty pool,vocab_400.txt,none,T5,.
57,Four girls are doing backbends and playing outdoors,vocab_400.txt,none,T5,:
71,A man is sitting in a field,vocab_400.txt,none,T5,.
114,A motorcyclist with a red helmet is riding a blue motorcycle down the road,vocab_400.txt,none,T5,:
125,The blond girl is dancing behind the sound equipment,vocab_400.txt,none,T5,: simple simple
140,The woman is wearing glasses and a black headdress,vocab_400.txt,none,T5,.
327,A boy is climbing up a wall artificially built for climbing and is attached to a rope,vocab_400.txt,none,T5,.
377,A man is leading the race,vocab_400.txt,none,T5,simple simple
379,A man is leading the race,vocab_400.txt,none,T5,simple simple
12,A skilled person is riding a bicycle on one wheel,vocab_400.txt,none,BYT5,""" person will be reading outside outside outside outside outside outside outside outside outside outside outside outside outsid"
52,A man is jumping into an empty pool,vocab_400.txt,none,BYT5,""" stand open stand open stand open stand open stand open stand open stand open stand open stand open stand open stand open stan"
57,Four girls are doing backbends and playing outdoors,vocab_400.txt,none,BYT5,""" have become thinking simple thinking simple thinking simple thinking simple thinking simple thinking simple thinking simple t"
71,A man is sitting in a field,vocab_400.txt,none,BYT5,""" have become simple become simple become simple become simple become"
114,A motorcyclist with a red helmet is riding a blue motorcycle down the road,vocab_400.txt,none,BYT5,""" total number complete information can be found total number can be found total number can be found total number can be found"
125,The blond girl is dancing behind the sound equipment,vocab_400.txt,none,BYT5,""" have become thinking thing outside outside outside outside out"
140,The woman is wearing glasses and a black headdress,vocab_400.txt,none,BYT5,""" have become black head woman white black head woman white black head woman white black head woman white black head white blac"
327,A boy is climbing up a wall artificially built for climbing and is attached to a rope,vocab_400.txt,none,BYT5,""" have read office thought outside outside outside outside outside outside outside outside outside outside outside outside outs"
377,A man is leading the race,vocab_400.txt,none,BYT5,""" have simple simple simple simple simple"
379,A man is leading the race,vocab_400.txt,none,BYT5,""" have simple simple simple simple simple"
12,A skilled person is riding a bicycle on one wheel,vocab_400.txt,none,EMB_SUB,Have necessary person do treatment have idea even tell time
52,A man is jumping into an empty pool,vocab_400.txt,none,EMB_SUB,Have man do reason even know consider put
57,Four girls are doing backbends and playing outdoors,vocab_400.txt,none,EMB_SUB,Two girl become being back even even field
71,A man is sitting in a field,vocab_400.txt,none,EMB_SUB,Have man do getting know have field
114,A motorcyclist with a red helmet is riding a blue motorcycle down the road,vocab_400.txt,none,EMB_SUB,Have military even have red military do treatment have blue give down have road
125,The blond girl is dancing behind the sound equipment,vocab_400.txt,none,EMB_SUB,Have hair girl do amount two have direct equipment
140,The woman is wearing glasses and a black headdress,vocab_400.txt,none,EMB_SUB,Have woman do degree say even have black earth
327,A boy is climbing up a wall artificially built for climbing and is attached to a rope,vocab_400.txt,none,EMB_SUB,Have boy do even say have wall outside stock do even even do picture have have town
377,A man is leading the race,vocab_400.txt,none,EMB_SUB,Have man do business have work
379,A man is leading the race,vocab_400.txt,none,EMB_SUB,Have man do business have work
12,A skilled person is riding a bicycle on one wheel,vocab_500.txt,english_stopwords,MLM,A young person is running a car on a.
52,A man is jumping into an empty pool,vocab_500.txt,english_stopwords,MLM,A man is looking into an open window
57,Four girls are doing backbends and playing outdoors,vocab_500.txt,english_stopwords,MLM,young people are doing reading and playing.
71,A man is sitting in a field,vocab_500.txt,english_stopwords,MLM,A man is standing in a field
114,A motorcyclist with a red helmet is riding a blue motorcycle down the road,vocab_500.txt,english_stopwords,MLM,A person with a red face is on a blue road down the road
125,The blond girl is dancing behind the sound equipment,vocab_500.txt,english_stopwords,MLM,The young girl is standing outside the farm equipment
140,The woman is wearing glasses and a black headdress,vocab_500.txt,english_stopwords,MLM,The woman is black hair and a black.
327,A boy is climbing up a wall artificially built for climbing and is attached to a rope,vocab_500.txt,english_stopwords,MLM,"A boy is standing up a wall, ready for action and is talking to a."
377,A man is leading the race,vocab_500.txt,english_stopwords,MLM,A man is running the race
379,A man is leading the race,vocab_500.txt,english_stopwords,MLM,A man is running the race
12,A skilled person is riding a bicycle on one wheel,vocab_500.txt,english_stopwords,T5,.
52,A man is jumping into an empty pool,vocab_500.txt,english_stopwords,T5,.
57,Four girls are doing backbends and playing outdoors,vocab_500.txt,english_stopwords,T5,:
71,A man is sitting in a field,vocab_500.txt,english_stopwords,T5,.
114,A motorcyclist with a red helmet is riding a blue motorcycle down the road,vocab_500.txt,english_stopwords,T5,: ( in the name of the blue and blue road in the name of the blue and blue road
125,The blond girl is dancing behind the sound equipment,vocab_500.txt,english_stopwords,T5,s simple
140,The woman is wearing glasses and a black headdress,vocab_500.txt,english_stopwords,T5,.
327,A boy is climbing up a wall artificially built for climbing and is attached to a rope,vocab_500.txt,english_stopwords,T5,.
377,A man is leading the race,vocab_500.txt,english_stopwords,T5,s simple
379,A man is leading the race,vocab_500.txt,english_stopwords,T5,s simple
12,A skilled person is riding a bicycle on one wheel,vocab_500.txt,english_stopwords,BYT5,""" on on on on on on on on on on on on on on on on on on on on on on on on on on on on on on on on on on on on on on on on on on"
52,A man is jumping into an empty pool,vocab_500.txt,english_stopwords,BYT5,""" should have been should have been should have been should have been should have been should have been should have been should"
57,Four girls are doing backbends and playing outdoors,vocab_500.txt,english_stopwords,BYT5,""" has become the only thing to do with the only thing that with the only thing that with the only thing that with the only thin"
71,A man is sitting in a field,vocab_500.txt,english_stopwords,BYT5,""" having to become a field having to become a field having to become a field having to become a field having to become a field"
114,A motorcyclist with a red helmet is riding a blue motorcycle down the road,vocab_500.txt,english_stopwords,BYT5,""" should have become a man with a red car and a red car and a red car is should have become a man with a red car and a red car"
125,The blond girl is dancing behind the sound equipment,vocab_500.txt,english_stopwords,BYT5,""" has been through to the end of the week before the end of the week before through to the end of the week before through to th"
140,The woman is wearing glasses and a black headdress,vocab_500.txt,english_stopwords,BYT5,""" should have a black head with a black head and a black head with a black head and a black head with a black head and a black"
327,A boy is climbing up a wall artificially built for climbing and is attached to a rope,vocab_500.txt,english_stopwords,BYT5,""" has been the only thing that he has been the only thing that he has been the only thing that he has been the only thing that"
377,A man is leading the race,vocab_500.txt,english_stopwords,BYT5,""" the race the race the race the race the race the race the race the race the race the race the race the race the race the race"
379,A man is leading the race,vocab_500.txt,english_stopwords,BYT5,""" the race the race the race the race the race the race the race the race the race the race the race the race the race the race"
12,A skilled person is riding a bicycle on one wheel,vocab_500.txt,english_stopwords,EMB_SUB,A tradition person is treatment a idea on tell time
52,A man is jumping into an empty pool,vocab_500.txt,english_stopwords,EMB_SUB,A man is reason into an consider ball
57,Four girls are doing backbends and playing outdoors,vocab_500.txt,english_stopwords,EMB_SUB,Two girl are doing back and playing field
71,A man is sitting in a field,vocab_500.txt,english_stopwords,EMB_SUB,A man is getting in a field
114,A motorcyclist with a red helmet is riding a blue motorcycle down the road,vocab_500.txt,english_stopwords,EMB_SUB,A arm with a red military is treatment a blue give down the road
125,The blond girl is dancing behind the sound equipment,vocab_500.txt,english_stopwords,EMB_SUB,The hair girl is amount straight the someone equipment
140,The woman is wearing glasses and a black headdress,vocab_500.txt,english_stopwords,EMB_SUB,The woman is degree say and a black earth
327,A boy is climbing up a wall artificially built for climbing and is attached to a rope,vocab_500.txt,english_stopwords,EMB_SUB,A boy is even up a wall firm stock for even and is picture to a town
377,A man is leading the race,vocab_500.txt,english_stopwords,EMB_SUB,A man is business the race
379,A man is leading the race,vocab_500.txt,english_stopwords,EMB_SUB,A man is business the race
12,A skilled person is riding a bicycle on one wheel,vocab_500.txt,none,MLM,- - person - drive - - drive -.
52,A man is jumping into an empty pool,vocab_500.txt,none,MLM,young man: looking down: running!
57,Four girls are doing backbends and playing outdoors,vocab_500.txt,none,MLM,young people like playing music like playing.
71,A man is sitting in a field,vocab_500.txt,none,MLM,young man: playing off - field
114,A motorcyclist with a red helmet is riding a blue motorcycle down the road,vocab_500.txt,none,MLM,average person using red red equipment while following red blue equipment down - road
125,The blond girl is dancing behind the sound equipment,vocab_500.txt,none,MLM,young young girl: girl: live stage equipment
140,The woman is wearing glasses and a black headdress,vocab_500.txt,none,MLM,young woman: black hair; long black.
327,A boy is climbing up a wall artificially built for climbing and is attached to a rope,vocab_500.txt,none,MLM,"young boy: steps down - wall, ready - cut hair - cut like spring."
377,A man is leading the race,vocab_500.txt,none,MLM,green man: run - race
379,A man is leading the race,vocab_500.txt,none,MLM,green man: run - race
12,A skilled person is riding a bicycle on one wheel,vocab_500.txt,none,T5,.
52,A man is jumping into an empty pool,vocab_500.txt,none,T5,.
57,Four girls are doing backbends and playing outdoors,vocab_500.txt,none,T5,:
71,A man is sitting in a field,vocab_500.txt,none,T5,.
114,A motorcyclist with a red helmet is riding a blue motorcycle down the road,vocab_500.txt,none,T5,:
125,The blond girl is dancing behind the sound equipment,vocab_500.txt,none,T5,: simple simple
140,The woman is wearing glasses and a black headdress,vocab_500.txt,none,T5,.
327,A boy is climbing up a wall artificially built for climbing and is attached to a rope,vocab_500.txt,none,T5,.
377,A man is leading the race,vocab_500.txt,none,T5,simple simple
379,A man is leading the race,vocab_500.txt,none,T5,simple simple
12,A skilled person is riding a bicycle on one wheel,vocab_500.txt,none,BYT5,""" person will be straight better off will be straight better off will be straight better off will be straight better off will b"
52,A man is jumping into an empty pool,vocab_500.txt,none,BYT5,""" stand open stand open stand open stand open stand open stand open stand open stand open stand open stand open stand open stan"
57,Four girls are doing backbends and playing outdoors,vocab_500.txt,none,BYT5,""" have become analysis simple analysis simple analysis simple analysis simple analysis simple analysis simple analysis simple a"
71,A man is sitting in a field,vocab_500.txt,none,BYT5,""" saying "" saying "" saying "" saying "" saying "" saying "" saying "" saying "" saying "" saying "" saying "" saying "" saying "" saying """
114,A motorcyclist with a red helmet is riding a blue motorcycle down the road,vocab_500.txt,none,BYT5,""" total number complete information can be found total number can be found total number can be found total number can be found"
125,The blond girl is dancing behind the sound equipment,vocab_500.txt,none,BYT5,""" have become thinking thinking inside thinking outside outside outside outside outside out"
140,The woman is wearing glasses and a black headdress,vocab_500.txt,none,BYT5,""" have become black head woman white black head woman white black head woman white black head woman white black head white blac"
327,A boy is climbing up a wall artificially built for climbing and is attached to a rope,vocab_500.txt,none,BYT5,""" have read source force force force force force force force force force force force force force force force force force force"
377,A man is leading the race,vocab_500.txt,none,BYT5,""" have race simple race simple race simple race simple race simple race simple race simple race simple race simple race simple"
379,A man is leading the race,vocab_500.txt,none,BYT5,""" have race simple race simple race simple race simple race simple race simple race simple race simple race simple race simple"
12,A skilled person is riding a bicycle on one wheel,vocab_500.txt,none,EMB_SUB,Include tradition person include treatment include idea even tell time
52,A man is jumping into an empty pool,vocab_500.txt,none,EMB_SUB,Include man include reason even include consider ball
57,Four girls are doing backbends and playing outdoors,vocab_500.txt,none,EMB_SUB,Two girl become being back include playing field
71,A man is sitting in a field,vocab_500.txt,none,EMB_SUB,Include man include getting know include field
114,A motorcyclist with a red helmet is riding a blue motorcycle down the road,vocab_500.txt,none,EMB_SUB,Include arm even include red military include treatment include blue give down include road
125,The blond girl is dancing behind the sound equipment,vocab_500.txt,none,EMB_SUB,Include hair girl include amount straight include someone equipment
140,The woman is wearing glasses and a black headdress,vocab_500.txt,none,EMB_SUB,Include woman include degree say include include black earth
327,A boy is climbing up a wall artificially built for climbing and is attached to a rope,vocab_500.txt,none,EMB_SUB,Include boy include even say include wall firm stock do even include include picture include include town
377,A man is leading the race,vocab_500.txt,none,EMB_SUB,Include man include business include race
379,A man is leading the race,vocab_500.txt,none,EMB_SUB,Include man include business include race
12,A skilled person is riding a bicycle on one wheel,vocab_600.txt,english_stopwords,MLM,A young person is running a car on a.
52,A man is jumping into an empty pool,vocab_600.txt,english_stopwords,MLM,A man is looking into an open window
57,Four girls are doing backbends and playing outdoors,vocab_600.txt,english_stopwords,MLM,young people are doing reading and playing.
71,A man is sitting in a field,vocab_600.txt,english_stopwords,MLM,A man is standing in a field
114,A motorcyclist with a red helmet is riding a blue motorcycle down the road,vocab_600.txt,english_stopwords,MLM,A person with a red face is on a blue train down the road
125,The blond girl is dancing behind the sound equipment,vocab_600.txt,english_stopwords,MLM,The young girl is standing outside the farm equipment
140,The woman is wearing glasses and a black headdress,vocab_600.txt,english_stopwords,MLM,The woman is black hair and a black.
327,A boy is climbing up a wall artificially built for climbing and is attached to a rope,vocab_600.txt,english_stopwords,MLM,"A boy is standing up a wall, ready for action and is talking to a."
377,A man is leading the race,vocab_600.txt,english_stopwords,MLM,A man is running the race
379,A man is leading the race,vocab_600.txt,english_stopwords,MLM,A man is running the race
12,A skilled person is riding a bicycle on one wheel,vocab_600.txt,english_stopwords,T5,.
52,A man is jumping into an empty pool,vocab_600.txt,english_stopwords,T5,.
57,Four girls are doing backbends and playing outdoors,vocab_600.txt,english_stopwords,T5,:
71,A man is sitting in a field,vocab_600.txt,english_stopwords,T5,.
114,A motorcyclist with a red helmet is riding a blue motorcycle down the road,vocab_600.txt,english_stopwords,T5,: ( in the name of the blue and blue road in the name of the blue and blue road
125,The blond girl is dancing behind the sound equipment,vocab_600.txt,english_stopwords,T5,s simple
140,The woman is wearing glasses and a black headdress,vocab_600.txt,english_stopwords,T5,.
327,A boy is climbing up a wall artificially built for climbing and is attached to a rope,vocab_600.txt,english_stopwords,T5,.
377,A man is leading the race,vocab_600.txt,english_stopwords,T5,s simple
379,A man is leading the race,vocab_600.txt,english_stopwords,T5,s simple
12,A skilled person is riding a bicycle on one wheel,vocab_600.txt,english_stopwords,BYT5,""" on on on on on on on on on on on on on on on on on on on on on on on on on on on on on on on on on on on on on on on on on on"
52,A man is jumping into an empty pool,vocab_600.txt,english_stopwords,BYT5,""" should have been should have been should have been should have been should have been should have been should have been should"
57,Four girls are doing backbends and playing outdoors,vocab_600.txt,english_stopwords,BYT5,""" has become the only thing to do with the only thing that with the only thing that with the only thing that with the only thin"
71,A man is sitting in a field,vocab_600.txt,english_stopwords,BYT5,""" having to become a field having to become a field having to become a field having to become a field having to become a field"
114,A motorcyclist with a red helmet is riding a blue motorcycle down the road,vocab_600.txt,english_stopwords,BYT5,""" should have been seeing the red head down the road where he is should have been should have been should have been should have"
125,The blond girl is dancing behind the sound equipment,vocab_600.txt,english_stopwords,BYT5,""" is about to dance and dance at the same time to dance at the same time to dance at the same time to dance at the same time to"
140,The woman is wearing glasses and a black headdress,vocab_600.txt,english_stopwords,BYT5,""" should have a black head with a black head and a black head with a black head and a black head with a black head and a black"
327,A boy is climbing up a wall artificially built for climbing and is attached to a rope,vocab_600.txt,english_stopwords,BYT5,""" has been the only thing that he has been the only thing that he has been the only thing that he has been the only thing that"
377,A man is leading the race,vocab_600.txt,english_stopwords,BYT5,""" the race the race the race the race the race the race the race the race the race the race the race the race the race the race"
379,A man is leading the race,vocab_600.txt,english_stopwords,BYT5,""" the race the race the race the race the race the race the race the race the race the race the race the race the race the race"
12,A skilled person is riding a bicycle on one wheel,vocab_600.txt,english_stopwords,EMB_SUB,A tradition person is treatment a idea on tell time
52,A man is jumping into an empty pool,vocab_600.txt,english_stopwords,EMB_SUB,A man is reason into an consider ball
57,Four girls are doing backbends and playing outdoors,vocab_600.txt,english_stopwords,EMB_SUB,Two girl are doing back and playing field
71,A man is sitting in a field,vocab_600.txt,english_stopwords,EMB_SUB,A man is getting in a field
114,A motorcyclist with a red helmet is riding a blue motorcycle down the road,vocab_600.txt,english_stopwords,EMB_SUB,A arm with a red military is treatment a blue give down the road
125,The blond girl is dancing behind the sound equipment,vocab_600.txt,english_stopwords,EMB_SUB,The hair girl is dance straight the ship equipment
140,The woman is wearing glasses and a black headdress,vocab_600.txt,english_stopwords,EMB_SUB,The woman is degree say and a black earth
327,A boy is climbing up a wall artificially built for climbing and is attached to a rope,vocab_600.txt,english_stopwords,EMB_SUB,A boy is even up a wall firm stock for even and is picture to a town
377,A man is leading the race,vocab_600.txt,english_stopwords,EMB_SUB,A man is business the race
379,A man is leading the race,vocab_600.txt,english_stopwords,EMB_SUB,A man is business the race
12,A skilled person is riding a bicycle on one wheel,vocab_600.txt,none,MLM,- - person - drive - - drive -.
52,A man is jumping into an empty pool,vocab_600.txt,none,MLM,young man: looking down: running!
57,Four girls are doing backbends and playing outdoors,vocab_600.txt,none,MLM,young people like playing music like playing.
71,A man is sitting in a field,vocab_600.txt,none,MLM,young man: playing off - field
114,A motorcyclist with a red helmet is riding a blue motorcycle down the road,vocab_600.txt,none,MLM,average person using red red equipment while following red blue equipment down - road
125,The blond girl is dancing behind the sound equipment,vocab_600.txt,none,MLM,young young girl: girl: live stage equipment
140,The woman is wearing glasses and a black headdress,vocab_600.txt,none,MLM,young woman: black hair; long black.
327,A boy is climbing up a wall artificially built for climbing and is attached to a rope,vocab_600.txt,none,MLM,"young boy: steps down - wall, ready - cut hair - cut like spring."
377,A man is leading the race,vocab_600.txt,none,MLM,green man: enter road race
379,A man is leading the race,vocab_600.txt,none,MLM,green man: enter road race
12,A skilled person is riding a bicycle on one wheel,vocab_600.txt,none,T5,.
52,A man is jumping into an empty pool,vocab_600.txt,none,T5,.
57,Four girls are doing backbends and playing outdoors,vocab_600.txt,none,T5,:
71,A man is sitting in a field,vocab_600.txt,none,T5,.
114,A motorcyclist with a red helmet is riding a blue motorcycle down the road,vocab_600.txt,none,T5,:
125,The blond girl is dancing behind the sound equipment,vocab_600.txt,none,T5,: simple simple
140,The woman is wearing glasses and a black headdress,vocab_600.txt,none,T5,.
327,A boy is climbing up a wall artificially built for climbing and is attached to a rope,vocab_600.txt,none,T5,.
377,A man is leading the race,vocab_600.txt,none,T5,.
379,A man is leading the race,vocab_600.txt,none,T5,.
12,A skilled person is riding a bicycle on one wheel,vocab_600.txt,none,BYT5,""" person will be reading outside outside outside outside outside outside outside outside outside outside outside outside outsid"
52,A man is jumping into an empty pool,vocab_600.txt,none,BYT5,""" stand operation stand operation stand operation stand operation stand operation stand operation stand operation stand operati"
57,Four girls are doing backbends and playing outdoors,vocab_600.txt,none,BYT5,""" have become analysis simple analysis simple analysis simple analysis simple analysis simple analysis simple analysis simple a"
71,A man is sitting in a field,vocab_600.txt,none,BYT5,""" saying "" saying "" saying "" saying "" saying "" saying "" saying "" saying "" saying "" saying "" saying "" saying "" saying "" saying """
114,A motorcyclist with a red helmet is riding a blue motorcycle down the road,vocab_600.txt,none,BYT5,""" total number complex complex total number complex total number complex"
125,The blond girl is dancing behind the sound equipment,vocab_600.txt,none,BYT5,""" have become dance dance dance dance dance dance dance dance dance dance dance dance dance dance dance dance dance dance dance"
140,The woman is wearing glasses and a black headdress,vocab_600.txt,none,BYT5,""" have become black head woman white black head woman white black head woman white black head woman white black head white blac"
327,A boy is climbing up a wall artificially built for climbing and is attached to a rope,vocab_600.txt,none,BYT5,""" have read source force force force force force force force force force force force force force force force force force force"
377,A man is leading the race,vocab_600.txt,none,BYT5,""" have race simple race simple race simple race simple race simple race simple race simple race simple race simple race simple"
379,A man is leading the race,vocab_600.txt,none,BYT5,""" have race simple race simple race simple race simple race simple race simple race simple race simple race simple race simple"
12,A skilled person is riding a bicycle on one wheel,vocab_600.txt,none,EMB_SUB,Include tradition person include treatment include idea even tell time
52,A man is jumping into an empty pool,vocab_600.txt,none,EMB_SUB,Include man include reason even include consider ball
57,Four girls are doing backbends and playing outdoors,vocab_600.txt,none,EMB_SUB,Two girl become being back include playing field
71,A man is sitting in a field,vocab_600.txt,none,EMB_SUB,Include man include getting know include field
114,A motorcyclist with a red helmet is riding a blue motorcycle down the road,vocab_600.txt,none,EMB_SUB,Include arm even include red military include treatment include blue give down include road
125,The blond girl is dancing behind the sound equipment,vocab_600.txt,none,EMB_SUB,Include hair girl include dance straight include ship equipment
140,The woman is wearing glasses and a black headdress,vocab_600.txt,none,EMB_SUB,Include woman include degree say include include black earth
327,A boy is climbing up a wall artificially built for climbing and is attached to a rope,vocab_600.txt,none,EMB_SUB,Include boy include even say include wall firm stock do even include include picture include include town
377,A man is leading the race,vocab_600.txt,none,EMB_SUB,Include man include business include race
379,A man is leading the race,vocab_600.txt,none,EMB_SUB,Include man include business include race
12,A skilled person is riding a bicycle on one wheel,vocab_700.txt,english_stopwords,MLM,A young person is turning a key on a.
52,A man is jumping into an empty pool,vocab_700.txt,english_stopwords,MLM,A man is looking into an open window
57,Four girls are doing backbends and playing outdoors,vocab_700.txt,english_stopwords,MLM,young people are doing reading and playing.
71,A man is sitting in a field,vocab_700.txt,english_stopwords,MLM,A man is standing in a field
114,A motorcyclist with a red helmet is riding a blue motorcycle down the road,vocab_700.txt,english_stopwords,MLM,A person with a red face is on a blue train down the road
125,The blond girl is dancing behind the sound equipment,vocab_700.txt,english_stopwords,MLM,The young girl is standing outside the farm equipment
140,The woman is wearing glasses and a black headdress,vocab_700.txt,english_stopwords,MLM,The woman is black hair and a black.
327,A boy is climbing up a wall artificially built for climbing and is attached to a rope,vocab_700.txt,english_stopwords,MLM,"A boy is standing up a wall, ready for action and is talking to a."
377,A man is leading the race,vocab_700.txt,english_stopwords,MLM,A man is leading the race
379,A man is leading the race,vocab_700.txt,english_stopwords,MLM,A man is leading the race
12,A skilled person is riding a bicycle on one wheel,vocab_700.txt,english_stopwords,T5,.
52,A man is jumping into an empty pool,vocab_700.txt,english_stopwords,T5,.
57,Four girls are doing backbends and playing outdoors,vocab_700.txt,english_stopwords,T5,:
71,A man is sitting in a field,vocab_700.txt,english_stopwords,T5,.
114,A motorcyclist with a red helmet is riding a blue motorcycle down the road,vocab_700.txt,english_stopwords,T5,: ( in the name of the blue and blue road in the name of the blue and blue road
125,The blond girl is dancing behind the sound equipment,vocab_700.txt,english_stopwords,T5,s simple
140,The woman is wearing glasses and a black headdress,vocab_700.txt,english_stopwords,T5,.
327,A boy is climbing up a wall artificially built for climbing and is attached to a rope,vocab_700.txt,english_stopwords,T5,.
377,A man is leading the race,vocab_700.txt,english_stopwords,T5,s simple
379,A man is leading the race,vocab_700.txt,english_stopwords,T5,s simple
12,A skilled person is riding a bicycle on one wheel,vocab_700.txt,english_stopwords,BYT5,""" on on on on on on on on on on on on on on on on on on on on on on on on on on on on on on on on on on on on on on on on on on"
52,A man is jumping into an empty pool,vocab_700.txt,english_stopwords,BYT5,""" should have been should have been should have been should have been should have been should have been should have been should"
57,Four girls are doing backbends and playing outdoors,vocab_700.txt,english_stopwords,BYT5,""" has become the only thing to do with the only thing that with the only thing that with the only thing that with the only thin"
71,A man is sitting in a field,vocab_700.txt,english_stopwords,BYT5,""" having to become a field having to become a field having to become a field having to become a field having to become a field"
114,A motorcyclist with a red helmet is riding a blue motorcycle down the road,vocab_700.txt,english_stopwords,BYT5,""" should have been seeing the red head down the road where he is should have been should have been should have been should have"
125,The blond girl is dancing behind the sound equipment,vocab_700.txt,english_stopwords,BYT5,""" is about to dance and dance at the same time to dance at the same time to dance at the same time to dance at the same time to"
140,The woman is wearing glasses and a black headdress,vocab_700.txt,english_stopwords,BYT5,""" should have become a woman should have become a woman should have become a woman should have become a woman should have becom"
327,A boy is climbing up a wall artificially built for climbing and is attached to a rope,vocab_700.txt,english_stopwords,BYT5,""" has been the only thing that he has been the only thing that he has been the only thing that he has been the only thing that"
377,A man is leading the race,vocab_700.txt,english_stopwords,BYT5,""" is leading the race is leading the race is leading the race is leading the race is leading the race is leading the race is le"
379,A man is leading the race,vocab_700.txt,english_stopwords,BYT5,""" is leading the race is leading the race is leading the race is leading the race is leading the race is leading the race is le"
12,A skilled person is riding a bicycle on one wheel,vocab_700.txt,english_stopwords,EMB_SUB,A tradition person is treatment a idea on tell time
52,A man is jumping into an empty pool,vocab_700.txt,english_stopwords,EMB_SUB,A man is reason into an consider ball
57,Four girls are doing backbends and playing outdoors,vocab_700.txt,english_stopwords,EMB_SUB,Two girl are doing back and playing field
71,A man is sitting in a field,vocab_700.txt,english_stopwords,EMB_SUB,A man is getting in a field
114,A motorcyclist with a red helmet is riding a blue motorcycle down the road,vocab_700.txt,english_stopwords,EMB_SUB,A arm with a red military is treatment a blue give down the road
125,The blond girl is dancing behind the sound equipment,vocab_700.txt,english_stopwords,EMB_SUB,The hair girl is dance straight the ship equipment
140,The woman is wearing glasses and a black headdress,vocab_700.txt,english_stopwords,EMB_SUB,The woman is dress say and a black earth
327,A boy is climbing up a wall artificially built for climbing and is attached to a rope,vocab_700.txt,english_stopwords,EMB_SUB,A boy is even up a wall firm stock for even and is personnel to a town
377,A man is leading the race,vocab_700.txt,english_stopwords,EMB_SUB,A man is leading the race
379,A man is leading the race,vocab_700.txt,english_stopwords,EMB_SUB,A man is leading the race
12,A skilled person is riding a bicycle on one wheel,vocab_700.txt,none,MLM,- - person - turning - hands turning -.
52,A man is jumping into an empty pool,vocab_700.txt,none,MLM,young man: looking down: running!
57,Four girls are doing backbends and playing outdoors,vocab_700.txt,none,MLM,young people like playing music like playing.
71,A man is sitting in a field,vocab_700.txt,none,MLM,young man: playing off - field
114,A motorcyclist with a red helmet is riding a blue motorcycle down the road,vocab_700.txt,none,MLM,average person using red red equipment while leading red blue equipment down wrong road
125,The blond girl is dancing behind the sound equipment,vocab_700.txt,none,MLM,young wonder girl: man inside: production equipment
140,The woman is wearing glasses and a black headdress,vocab_700.txt,none,MLM,young woman: black hair; long black.
327,A boy is climbing up a wall artificially built for climbing and is attached to a rope,vocab_700.txt,none,MLM,"young boy: steps down rock wall, ready while standing, hands down like spring."
377,A man is leading the race,vocab_700.txt,none,MLM,wonder man: leading human race
379,A man is leading the race,vocab_700.txt,none,MLM,wonder man: leading human race
12,A skilled person is riding a bicycle on one wheel,vocab_700.txt,none,T5,.
52,A man is jumping into an empty pool,vocab_700.txt,none,T5,.
57,Four girls are doing backbends and playing outdoors,vocab_700.txt,none,T5,:
71,A man is sitting in a field,vocab_700.txt,none,T5,.
114,A motorcyclist with a red helmet is riding a blue motorcycle down the road,vocab_700.txt,none,T5,:
125,The blond girl is dancing behind the sound equipment,vocab_700.txt,none,T5,: simple simple
140,The woman is wearing glasses and a black headdress,vocab_700.txt,none,T5,.
327,A boy is climbing up a wall artificially built for climbing and is attached to a rope,vocab_700.txt,none,T5,.
377,A man is leading the race,vocab_700.txt,none,T5,.
379,A man is leading the race,vocab_700.txt,none,T5,.
12,A skilled person is riding a bicycle on one wheel,vocab_700.txt,none,BYT5,""" personnel inside outside outside outside outside outside outside outside outside outside outside outside outside outside outs"
52,A man is jumping into an empty pool,vocab_700.txt,none,BYT5,""" stand operation stand operation stand operation stand operation stand operation stand operation stand operation stand operati"
57,Four girls are doing backbends and playing outdoors,vocab_700.txt,none,BYT5,""" have become analysis analysis analysis analysis analysis analysis analysis analysis analysis analys"
71,A man is sitting in a field,vocab_700.txt,none,BYT5,""" saying "" saying "" saying "" saying "" saying "" saying "" saying "" saying "" saying "" saying "" saying "" saying "" saying "" saying """
114,A motorcyclist with a red helmet is riding a blue motorcycle down the road,vocab_700.txt,none,BYT5,""" total number complex complex total number complex total number complex"
125,The blond girl is dancing behind the sound equipment,vocab_700.txt,none,BYT5,""" have become dance dance dance dance dance dance dance dance dance dance dance dance dance dance dance dance dance dance dance"
140,The woman is wearing glasses and a black headdress,vocab_700.txt,none,BYT5,""" have become black head woman white black head woman white black head woman white black head woman white black head white blac"
327,A boy is climbing up a wall artificially built for climbing and is attached to a rope,vocab_700.txt,none,BYT5,""" have read someone asking ability attack attack attack attack attack attack attack attack attack attack attack attack"
377,A man is leading the race,vocab_700.txt,none,BYT5,""" have race simple race simple race simple race simple race simple race simple race simple race simple race simple race simple"
379,A man is leading the race,vocab_700.txt,none,BYT5,""" have race simple race simple race simple race simple race simple race simple race simple race simple race simple race simple"
12,A skilled person is riding a bicycle on one wheel,vocab_700.txt,none,EMB_SUB,Include tradition person include treatment include idea even tell time
52,A man is jumping into an empty pool,vocab_700.txt,none,EMB_SUB,Include man include reason even include consider ball
57,Four girls are doing backbends and playing outdoors,vocab_700.txt,none,EMB_SUB,Two girl become being back include playing field
71,A man is sitting in a field,vocab_700.txt,none,EMB_SUB,Include man include getting know include field
114,A motorcyclist with a red helmet is riding a blue motorcycle down the road,vocab_700.txt,none,EMB_SUB,Include arm even include red military include treatment include blue give down include road
125,The blond girl is dancing behind the sound equipment,vocab_700.txt,none,EMB_SUB,Include hair girl include dance straight include ship equipment
140,The woman is wearing glasses and a black headdress,vocab_700.txt,none,EMB_SUB,Include woman include dress say include include black earth
327,A boy is climbing up a wall artificially built for climbing and is attached to a rope,vocab_700.txt,none,EMB_SUB,Include boy include even say include wall firm stock do even include include personnel include include town
377,A man is leading the race,vocab_700.txt,none,EMB_SUB,Include man include leading include race
379,A man is leading the race,vocab_700.txt,none,EMB_SUB,Include man include leading include race
12,A skilled person is riding a bicycle on one wheel,vocab_800.txt,english_stopwords,MLM,A young person is holding a gun on a.
52,A man is jumping into an empty pool,vocab_800.txt,english_stopwords,MLM,A man is looking into an empty.
57,Four girls are doing backbends and playing outdoors,vocab_800.txt,english_stopwords,MLM,young people are doing reading and playing.
71,A man is sitting in a field,vocab_800.txt,english_stopwords,MLM,A man is standing in a field
114,A motorcyclist with a red helmet is riding a blue motorcycle down the road,vocab_800.txt,english_stopwords,MLM,A person with a red face is on a blue train down the road
125,The blond girl is dancing behind the sound equipment,vocab_800.txt,english_stopwords,MLM,The young girl is standing outside the farm equipment
140,The woman is wearing glasses and a black headdress,vocab_800.txt,english_stopwords,MLM,The woman is black hair and a black.
327,A boy is climbing up a wall artificially built for climbing and is attached to a rope,vocab_800.txt,english_stopwords,MLM,"A boy is standing up a wall, ready for action and is holding to a!"
377,A man is leading the race,vocab_800.txt,english_stopwords,MLM,A man is leading the race
379,A man is leading the race,vocab_800.txt,english_stopwords,MLM,A man is leading the race
12,A skilled person is riding a bicycle on one wheel,vocab_800.txt,english_stopwords,T5,.
52,A man is jumping into an empty pool,vocab_800.txt,english_stopwords,T5,.
57,Four girls are doing backbends and playing outdoors,vocab_800.txt,english_stopwords,T5,:
71,A man is sitting in a field,vocab_800.txt,english_stopwords,T5,.
114,A motorcyclist with a red helmet is riding a blue motorcycle down the road,vocab_800.txt,english_stopwords,T5,: ( in the name of the blue and blue road in the name of the blue and blue road
125,The blond girl is dancing behind the sound equipment,vocab_800.txt,english_stopwords,T5,s simple
140,The woman is wearing glasses and a black headdress,vocab_800.txt,english_stopwords,T5,.
327,A boy is climbing up a wall artificially built for climbing and is attached to a rope,vocab_800.txt,english_stopwords,T5,.
377,A man is leading the race,vocab_800.txt,english_stopwords,T5,s simple
379,A man is leading the race,vocab_800.txt,english_stopwords,T5,s simple
12,A skilled person is riding a bicycle on one wheel,vocab_800.txt,english_stopwords,BYT5,""" on on on on on on on on on on on on on on on on on on on on on on on on on on on on on on on on on on on on on on on on on on"
52,A man is jumping into an empty pool,vocab_800.txt,english_stopwords,BYT5,""" should have been should have been should have been should have been should have been should have been should have been should"
57,Four girls are doing backbends and playing outdoors,vocab_800.txt,english_stopwords,BYT5,""" has become the only thing to do with the only thing that with the only thing that with the only thing that with the only thin"
71,A man is sitting in a field,vocab_800.txt,english_stopwords,BYT5,""" having to become a field having to become a field having to become a field having to become a field having to become a field"
114,A motorcyclist with a red helmet is riding a blue motorcycle down the road,vocab_800.txt,english_stopwords,BYT5,""" should have been showing up on the road with a red car and the road should have been should have been should have been should"
125,The blond girl is dancing behind the sound equipment,vocab_800.txt,english_stopwords,BYT5,""" is about to dance and dance at the same time to dance at the same time to dance at the same time to dance at the same time to"
140,The woman is wearing glasses and a black headdress,vocab_800.txt,english_stopwords,BYT5,""" should have been showing off a black head glass and a black head woman should have been should have been should have been sho"
327,A boy is climbing up a wall artificially built for climbing and is attached to a rope,vocab_800.txt,english_stopwords,BYT5,""" has been the only thing that he has been the only thing that he has been the only thing that he has been the only thing that"
377,A man is leading the race,vocab_800.txt,english_stopwords,BYT5,""" is leading the race is leading the race is leading the race is leading the race is leading the race is leading the race is le"
379,A man is leading the race,vocab_800.txt,english_stopwords,BYT5,""" is leading the race is leading the race is leading the race is leading the race is leading the race is leading the race is le"
12,A skilled person is riding a bicycle on one wheel,vocab_800.txt,english_stopwords,EMB_SUB,A tradition person is treatment a idea on tell time
52,A man is jumping into an empty pool,vocab_800.txt,english_stopwords,EMB_SUB,A man is reason into an empty ball
57,Four girls are doing backbends and playing outdoors,vocab_800.txt,english_stopwords,EMB_SUB,Two girl are doing back and playing field
71,A man is sitting in a field,vocab_800.txt,english_stopwords,EMB_SUB,A man is getting in a field
114,A motorcyclist with a red helmet is riding a blue motorcycle down the road,vocab_800.txt,english_stopwords,EMB_SUB,A arm with a red military is treatment a blue give down the road
125,The blond girl is dancing behind the sound equipment,vocab_800.txt,english_stopwords,EMB_SUB,The hair girl is dance straight the ship equipment
140,The woman is wearing glasses and a black headdress,vocab_800.txt,english_stopwords,EMB_SUB,The woman is dress say and a black join
327,A boy is climbing up a wall artificially built for climbing and is attached to a rope,vocab_800.txt,english_stopwords,EMB_SUB,A boy is even up a wall culture stock for even and is acting to a town
377,A man is leading the race,vocab_800.txt,english_stopwords,EMB_SUB,A man is leading the race
379,A man is leading the race,vocab_800.txt,english_stopwords,EMB_SUB,A man is leading the race
12,A skilled person is riding a bicycle on one wheel,vocab_800.txt,none,MLM,- - person - turning - hands turning -.
52,A man is jumping into an empty pool,vocab_800.txt,none,MLM,young man: looking down: empty.
57,Four girls are doing backbends and playing outdoors,vocab_800.txt,none,MLM,young people like playing music like playing.
71,A man is sitting in a field,vocab_800.txt,none,MLM,young man: playing off - field
114,A motorcyclist with a red helmet is riding a blue motorcycle down the road,vocab_800.txt,none,MLM,average person holding red red hair while leading light blue light down station road
125,The blond girl is dancing behind the sound equipment,vocab_800.txt,none,MLM,young wonder girl: man inside: production equipment
140,The woman is wearing glasses and a black headdress,vocab_800.txt,none,MLM,young woman: black hair; long black.
327,A boy is climbing up a wall artificially built for climbing and is attached to a rope,vocab_800.txt,none,MLM,"young boy: steps down rock wall, ready while standing, hands holding down metal."
377,A man is leading the race,vocab_800.txt,none,MLM,wonder man: leading human race
379,A man is leading the race,vocab_800.txt,none,MLM,wonder man: leading human race
12,A skilled person is riding a bicycle on one wheel,vocab_800.txt,none,T5,.
52,A man is jumping into an empty pool,vocab_800.txt,none,T5,.
57,Four girls are doing backbends and playing outdoors,vocab_800.txt,none,T5,:
71,A man is sitting in a field,vocab_800.txt,none,T5,.
114,A motorcyclist with a red helmet is riding a blue motorcycle down the road,vocab_800.txt,none,T5,:
125,The blond girl is dancing behind the sound equipment,vocab_800.txt,none,T5,: simple simple
140,The woman is wearing glasses and a black headdress,vocab_800.txt,none,T5,.
327,A boy is climbing up a wall artificially built for climbing and is attached to a rope,vocab_800.txt,none,T5,.
377,A man is leading the race,vocab_800.txt,none,T5,.
379,A man is leading the race,vocab_800.txt,none,T5,.
12,A skilled person is riding a bicycle on one wheel,vocab_800.txt,none,BYT5,""" personnel inside outside outside outside outside outside outside outside outside outside outside outside outside outside outs"
52,A man is jumping into an empty pool,vocab_800.txt,none,BYT5,""" stand operation stand operation stand operation stand operation stand operation stand operation stand operation stand operati"
57,Four girls are doing backbends and playing outdoors,vocab_800.txt,none,BYT5,""" have become analysis analysis analysis analysis analysis analysis analysis analysis analysis analy"
71,A man is sitting in a field,vocab_800.txt,none,BYT5,""" saying "" saying "" saying "" saying "" saying "" saying "" saying "" saying "" saying "" saying "" saying "" saying "" saying "" saying """
114,A motorcyclist with a red helmet is riding a blue motorcycle down the road,vocab_800.txt,none,BYT5,""" showing information real simple information showing information simple information"
125,The blond girl is dancing behind the sound equipment,vocab_800.txt,none,BYT5,""" have become dance dance dance dance dance dance dance dance dance dance dance dance dance dance dance dance dance dance dance"
140,The woman is wearing glasses and a black headdress,vocab_800.txt,none,BYT5,""" have become black head woman white black head woman white black head woman white black head woman white black head white blac"
327,A boy is climbing up a wall artificially built for climbing and is attached to a rope,vocab_800.txt,none,BYT5,""" have read someone asking ability attack attack attack attack attack attack attack attack attack attack attack attack"
377,A man is leading the race,vocab_800.txt,none,BYT5,""" have race simple race simple race simple race simple race simple race simple race simple race simple race simple race simple"
379,A man is leading the race,vocab_800.txt,none,BYT5,""" have race simple race simple race simple race simple race simple race simple race simple race simple race simple race simple"
12,A skilled person is riding a bicycle on one wheel,vocab_800.txt,none,EMB_SUB,Include tradition person include treatment include idea even tell time
52,A man is jumping into an empty pool,vocab_800.txt,none,EMB_SUB,Include man include reason even include empty ball
57,Four girls are doing backbends and playing outdoors,vocab_800.txt,none,EMB_SUB,Two girl become being back include playing field
71,A man is sitting in a field,vocab_800.txt,none,EMB_SUB,Include man include getting know include field
114,A motorcyclist with a red helmet is riding a blue motorcycle down the road,vocab_800.txt,none,EMB_SUB,Include arm even include red military include treatment include blue give down include road
125,The blond girl is dancing behind the sound equipment,vocab_800.txt,none,EMB_SUB,Include hair girl include dance straight include ship equipment
140,The woman is wearing glasses and a black headdress,vocab_800.txt,none,EMB_SUB,Include woman include dress say include include black join
327,A boy is climbing up a wall artificially built for climbing and is attached to a rope,vocab_800.txt,none,EMB_SUB,Include boy include even say include wall culture stock do even include include acting include include town
377,A man is leading the race,vocab_800.txt,none,EMB_SUB,Include man include leading include race
379,A man is leading the race,vocab_800.txt,none,EMB_SUB,Include man include leading include race
12,A skilled person is riding a bicycle on one wheel,vocab_900.txt,english_stopwords,MLM,A young person is holding a wheel on a wheel
52,A man is jumping into an empty pool,vocab_900.txt,english_stopwords,MLM,A man is walking into an empty.
57,Four girls are doing backbends and playing outdoors,vocab_900.txt,english_stopwords,MLM,young people are doing walking and playing.
71,A man is sitting in a field,vocab_900.txt,english_stopwords,MLM,A man is standing in a field
114,A motorcyclist with a red helmet is riding a blue motorcycle down the road,vocab_900.txt,english_stopwords,MLM,A person with a red face is on a blue train down the road
125,The blond girl is dancing behind the sound equipment,vocab_900.txt,english_stopwords,MLM,The young girl is standing outside the farm equipment
140,The woman is wearing glasses and a black headdress,vocab_900.txt,english_stopwords,MLM,The woman is black hair and a black.
327,A boy is climbing up a wall artificially built for climbing and is attached to a rope,vocab_900.txt,english_stopwords,MLM,"A boy is walking up a wall, ready for escape and is holding to a!"
377,A man is leading the race,vocab_900.txt,english_stopwords,MLM,A man is leading the race
379,A man is leading the race,vocab_900.txt,english_stopwords,MLM,A man is leading the race
12,A skilled person is riding a bicycle on one wheel,vocab_900.txt,english_stopwords,T5,.
52,A man is jumping into an empty pool,vocab_900.txt,english_stopwords,T5,.
57,Four girls are doing backbends and playing outdoors,vocab_900.txt,english_stopwords,T5,:
71,A man is sitting in a field,vocab_900.txt,english_stopwords,T5,.
114,A motorcyclist with a red helmet is riding a blue motorcycle down the road,vocab_900.txt,english_stopwords,T5,a motor car can be found on the right side of the road or on the right side of the road to the right side of the road to the right side of the road to the right side of the road to the right side of the road to the right side of the road
125,The blond girl is dancing behind the sound equipment,vocab_900.txt,english_stopwords,T5,s simple
140,The woman is wearing glasses and a black headdress,vocab_900.txt,english_stopwords,T5,.
327,A boy is climbing up a wall artificially built for climbing and is attached to a rope,vocab_900.txt,english_stopwords,T5,.
377,A man is leading the race,vocab_900.txt,english_stopwords,T5,s simple
379,A man is leading the race,vocab_900.txt,english_stopwords,T5,s simple
12,A skilled person is riding a bicycle on one wheel,vocab_900.txt,english_stopwords,BYT5,""" on on on on on on on on on on on on on on on on on on on on on on on on on on on on on on on on on on on on on on on on on on"
52,A man is jumping into an empty pool,vocab_900.txt,english_stopwords,BYT5,""" should have been should have been should have been should have been should have been should have been should have been should"
57,Four girls are doing backbends and playing outdoors,vocab_900.txt,english_stopwords,BYT5,""" has become the only thing to do with the only thing that with the only thing that with the only thing that with the only thin"
71,A man is sitting in a field,vocab_900.txt,english_stopwords,BYT5,""" having to become a field having to become a field having to become a field having to become a field having to become a field"
114,A motorcyclist with a red helmet is riding a blue motorcycle down the road,vocab_900.txt,english_stopwords,BYT5,""" should have been showing up on the road where the motor should have should have been should have been showing up on the road"
125,The blond girl is dancing behind the sound equipment,vocab_900.txt,english_stopwords,BYT5,""" is about to dance and dance at the same time to dance at the same time to dance at the same time to dance at the same time to"
140,The woman is wearing glasses and a black headdress,vocab_900.txt,english_stopwords,BYT5,""" should have been showing off a black head glass and a black head woman should have been should have been should have been sho"
327,A boy is climbing up a wall artificially built for climbing and is attached to a rope,vocab_900.txt,english_stopwords,BYT5,""" has been the only thing that he has been the only thing that he has been the only thing that he has been the only thing that"
377,A man is leading the race,vocab_900.txt,english_stopwords,BYT5,""" is leading the race is leading the race is leading the race is leading the race is leading the race is leading the race is le"
379,A man is leading the race,vocab_900.txt,english_stopwords,BYT5,""" is leading the race is leading the race is leading the race is leading the race is leading the race is leading the race is le"
12,A skilled person is riding a bicycle on one wheel,vocab_900.txt,english_stopwords,EMB_SUB,A preparation person is treatment a idea on tell wheel
52,A man is jumping into an empty pool,vocab_900.txt,english_stopwords,EMB_SUB,A man is reason into an empty ball
57,Four girls are doing backbends and playing outdoors,vocab_900.txt,english_stopwords,EMB_SUB,Two girl are doing back and playing field
71,A man is sitting in a field,vocab_900.txt,english_stopwords,EMB_SUB,A man is getting in a field
114,A motorcyclist with a red helmet is riding a blue motorcycle down the road,vocab_900.txt,english_stopwords,EMB_SUB,A arm with a red military is treatment a blue give down the road
125,The blond girl is dancing behind the sound equipment,vocab_900.txt,english_stopwords,EMB_SUB,The hair girl is dance straight the ship equipment
140,The woman is wearing glasses and a black headdress,vocab_900.txt,english_stopwords,EMB_SUB,The woman is dress say and a black join
327,A boy is climbing up a wall artificially built for climbing and is attached to a rope,vocab_900.txt,english_stopwords,EMB_SUB,A boy is walking up a wall culture stock for walking and is publication to a town
377,A man is leading the race,vocab_900.txt,english_stopwords,EMB_SUB,A man is leading the race
379,A man is leading the race,vocab_900.txt,english_stopwords,EMB_SUB,A man is leading the race
12,A skilled person is riding a bicycle on one wheel,vocab_900.txt,none,MLM,- - person - turning motor wheel: turning wheel
52,A man is jumping into an empty pool,vocab_900.txt,none,MLM,young man: walking inside: empty.
57,Four girls are doing backbends and playing outdoors,vocab_900.txt,none,MLM,young people like playing baseball while playing baseball
71,A man is sitting in a field,vocab_900.txt,none,MLM,young man: walking down baseball field
114,A motorcyclist with a red helmet is riding a blue motorcycle down the road,vocab_900.txt,none,MLM,average person holding red red hair while leading light blue light down station road
125,The blond girl is dancing behind the sound equipment,vocab_900.txt,none,MLM,young wonder girl: man inside: production equipment
140,The woman is wearing glasses and a black headdress,vocab_900.txt,none,MLM,young woman: black hair; long black.
327,A boy is climbing up a wall artificially built for climbing and is attached to a rope,vocab_900.txt,none,MLM,"young boy: steps down rock wall, ready while walking down steps down like walking."
377,A man is leading the race,vocab_900.txt,none,MLM,wonder man: leading human race
379,A man is leading the race,vocab_900.txt,none,MLM,wonder man: leading human race
12,A skilled person is riding a bicycle on one wheel,vocab_900.txt,none,T5,.
52,A man is jumping into an empty pool,vocab_900.txt,none,T5,.
57,Four girls are doing backbends and playing outdoors,vocab_900.txt,none,T5,:
71,A man is sitting in a field,vocab_900.txt,none,T5,.
114,A motorcyclist with a red helmet is riding a blue motorcycle down the road,vocab_900.txt,none,T5,:
125,The blond girl is dancing behind the sound equipment,vocab_900.txt,none,T5,: simple simple
140,The woman is wearing glasses and a black headdress,vocab_900.txt,none,T5,.
327,A boy is climbing up a wall artificially built for climbing and is attached to a rope,vocab_900.txt,none,T5,.
377,A man is leading the race,vocab_900.txt,none,T5,.
379,A man is leading the race,vocab_900.txt,none,T5,.
12,A skilled person is riding a bicycle on one wheel,vocab_900.txt,none,BYT5,""" personnel investigation personnel investigation personnel investigation personnel"
52,A man is jumping into an empty pool,vocab_900.txt,none,BYT5,""" stand operation stand operation stand operation stand operation stand operation stand operation stand operation stand operati"
57,Four girls are doing backbends and playing outdoors,vocab_900.txt,none,BYT5,""" have become analysis analysis analysis analysis analysis analysis analysis analysis analysis analysis"
71,A man is sitting in a field,vocab_900.txt,none,BYT5,""" saying "" saying "" saying "" saying "" saying "" saying "" saying "" saying "" saying "" saying "" saying "" saying "" saying "" saying """
114,A motorcyclist with a red helmet is riding a blue motorcycle down the road,vocab_900.txt,none,BYT5,""" showing information telling analysis thought thought thought telling analysis telling analysis thought telling"
125,The blond girl is dancing behind the sound equipment,vocab_900.txt,none,BYT5,""" have dance theater attack attack attack attack attack attack attack attack attack attack attack attack attack attack attack a"
140,The woman is wearing glasses and a black headdress,vocab_900.txt,none,BYT5,""" have become black head woman white black head woman white black head woman white black head woman white black head white blac"
327,A boy is climbing up a wall artificially built for climbing and is attached to a rope,vocab_900.txt,none,BYT5,""" have read somebody inside outside outside outside outside outside outside outside outside outside outside outside outside out"
377,A man is leading the race,vocab_900.txt,none,BYT5,""" have race simple race simple race simple race simple race simple race simple race simple race simple race simple race simple"
379,A man is leading the race,vocab_900.txt,none,BYT5,""" have race simple race simple race simple race simple race simple race simple race simple race simple race simple race simple"
12,A skilled person is riding a bicycle on one wheel,vocab_900.txt,none,EMB_SUB,Include preparation person include treatment include idea even tell wheel
52,A man is jumping into an empty pool,vocab_900.txt,none,EMB_SUB,Include man include reason even include empty ball
57,Four girls are doing backbends and playing outdoors,vocab_900.txt,none,EMB_SUB,Two girl become being back include playing field
71,A man is sitting in a field,vocab_900.txt,none,EMB_SUB,Include man include getting know include field
114,A motorcyclist with a red helmet is riding a blue motorcycle down the road,vocab_900.txt,none,EMB_SUB,Include arm even include red military include treatment include blue give down include road
125,The blond girl is dancing behind the sound equipment,vocab_900.txt,none,EMB_SUB,Include hair girl include dance straight include ship equipment
140,The woman is wearing glasses and a black headdress,vocab_900.txt,none,EMB_SUB,Include woman include dress say include include black join
327,A boy is climbing up a wall artificially built for climbing and is attached to a rope,vocab_900.txt,none,EMB_SUB,Include boy include walking say include wall culture stock do walking include include publication include include town
377,A man is leading the race,vocab_900.txt,none,EMB_SUB,Include man include leading include race
379,A man is leading the race,vocab_900.txt,none,EMB_SUB,Include man include leading include race
12,A skilled person is riding a bicycle on one wheel,vocab_1000.txt,english_stopwords,MLM,A blind person is holding a wheel on a wheel
52,A man is jumping into an empty pool,vocab_1000.txt,english_stopwords,MLM,A man is walking into an empty.
57,Four girls are doing backbends and playing outdoors,vocab_1000.txt,english_stopwords,MLM,young people are doing walking and playing.
71,A man is sitting in a field,vocab_1000.txt,english_stopwords,MLM,A man is standing in a field
114,A motorcyclist with a red helmet is riding a blue motorcycle down the road,vocab_1000.txt,english_stopwords,MLM,A person with a red face is on a blue train down the road
125,The blond girl is dancing behind the sound equipment,vocab_1000.txt,english_stopwords,MLM,The young girl is standing outside the farm equipment
140,The woman is wearing glasses and a black headdress,vocab_1000.txt,english_stopwords,MLM,The woman is wearing black and a black.
327,A boy is climbing up a wall artificially built for climbing and is attached to a rope,vocab_1000.txt,english_stopwords,MLM,"A boy is walking up a wall, ready for escape and is holding to a!"
377,A man is leading the race,vocab_1000.txt,english_stopwords,MLM,A man is leading the race
379,A man is leading the race,vocab_1000.txt,english_stopwords,MLM,A man is leading the race
12,A skilled person is riding a bicycle on one wheel,vocab_1000.txt,english_stopwords,T5,.
52,A man is jumping into an empty pool,vocab_1000.txt,english_stopwords,T5,.
57,Four girls are doing backbends and playing outdoors,vocab_1000.txt,english_stopwords,T5,:
71,A man is sitting in a field,vocab_1000.txt,english_stopwords,T5,.
114,A motorcyclist with a red helmet is riding a blue motorcycle down the road,vocab_1000.txt,english_stopwords,T5,a motor car can be found on the right side of the road or on the right side of the road to the right side of the road to the right side of the road to the right side of the road to the right side of the road to the right side of the road
125,The blond girl is dancing behind the sound equipment,vocab_1000.txt,english_stopwords,T5,s simple
140,The woman is wearing glasses and a black headdress,vocab_1000.txt,english_stopwords,T5,.
327,A boy is climbing up a wall artificially built for climbing and is attached to a rope,vocab_1000.txt,english_stopwords,T5,.
377,A man is leading the race,vocab_1000.txt,english_stopwords,T5,s simple
379,A man is leading the race,vocab_1000.txt,english_stopwords,T5,s simple
12,A skilled person is riding a bicycle on one wheel,vocab_1000.txt,english_stopwords,BYT5,""" on on on on on on on on on on on on on on on on on on on on on on on on on on on on on on on on on on on on on on on on on on"
52,A man is jumping into an empty pool,vocab_1000.txt,english_stopwords,BYT5,""" should have been should have been should have been should have been should have been should have been should have been should"
57,Four girls are doing backbends and playing outdoors,vocab_1000.txt,english_stopwords,BYT5,""" has become the only thing to do with the only thing that with the only thing that with the only thing that with the only thin"
71,A man is sitting in a field,vocab_1000.txt,english_stopwords,BYT5,""" having to become a field having to become a field having to become a field having to become a field having to become a field"
114,A motorcyclist with a red helmet is riding a blue motorcycle down the road,vocab_1000.txt,english_stopwords,BYT5,""" should have been shooting a blue motor down the road where a motor does not have a blue motor down the road should have been"
125,The blond girl is dancing behind the sound equipment,vocab_1000.txt,english_stopwords,BYT5,""" is about to dance and dance at the same time to dance at the same time to dance at the same time to dance at the same time to"
140,The woman is wearing glasses and a black headdress,vocab_1000.txt,english_stopwords,BYT5,""" is wearing a glass and a black head wearing a glass and a glass and a glass and a glass and a glass and a glass and a black h"
327,A boy is climbing up a wall artificially built for climbing and is attached to a rope,vocab_1000.txt,english_stopwords,BYT5,""" has been the only thing that he has been the only thing that he has been the only thing that he has been the only thing that"
377,A man is leading the race,vocab_1000.txt,english_stopwords,BYT5,""" is leading the race is leading the race is leading the race is leading the race is leading the race is leading the race is le"
379,A man is leading the race,vocab_1000.txt,english_stopwords,BYT5,""" is leading the race is leading the race is leading the race is leading the race is leading the race is leading the race is le"
12,A skilled person is riding a bicycle on one wheel,vocab_1000.txt,english_stopwords,EMB_SUB,A preparation person is treatment a idea on tell wheel
52,A man is jumping into an empty pool,vocab_1000.txt,english_stopwords,EMB_SUB,A man is reason into an empty fun
57,Four girls are doing backbends and playing outdoors,vocab_1000.txt,english_stopwords,EMB_SUB,Two girl are doing back and playing field
71,A man is sitting in a field,vocab_1000.txt,english_stopwords,EMB_SUB,A man is getting in a field
114,A motorcyclist with a red helmet is riding a blue motorcycle down the road,vocab_1000.txt,english_stopwords,EMB_SUB,A arm with a red military is treatment a blue blind down the road
125,The blond girl is dancing behind the sound equipment,vocab_1000.txt,english_stopwords,EMB_SUB,The hair girl is singing straight the ship equipment
140,The woman is wearing glasses and a black headdress,vocab_1000.txt,english_stopwords,EMB_SUB,The woman is wearing say and a black join
327,A boy is climbing up a wall artificially built for climbing and is attached to a rope,vocab_1000.txt,english_stopwords,EMB_SUB,A boy is walking up a wall culture stock for walking and is publication to a town
377,A man is leading the race,vocab_1000.txt,english_stopwords,EMB_SUB,A man is leading the race
379,A man is leading the race,vocab_1000.txt,english_stopwords,EMB_SUB,A man is leading the race
12,A skilled person is riding a bicycle on one wheel,vocab_1000.txt,none,MLM,- - person - turning motor wheel: turning wheel
52,A man is jumping into an empty pool,vocab_1000.txt,none,MLM,young man: walking inside: empty.
57,Four girls are doing backbends and playing outdoors,vocab_1000.txt,none,MLM,young people like playing baseball while playing baseball
71,A man is sitting in a field,vocab_1000.txt,none,MLM,young man: walking down baseball field
114,A motorcyclist with a red helmet is riding a blue motorcycle down the road,vocab_1000.txt,none,MLM,female driver wearing red red hair while leading light blue traffic down station road
125,The blond girl is dancing behind the sound equipment,vocab_1000.txt,none,MLM,young wonder girl: man inside: production equipment
140,The woman is wearing glasses and a black headdress,vocab_1000.txt,none,MLM,young woman: wearing black wearing long black hair
327,A boy is climbing up a wall artificially built for climbing and is attached to a rope,vocab_1000.txt,none,MLM,"young boy: steps down rock wall, ready while walking down stairs down like steel."
377,A man is leading the race,vocab_1000.txt,none,MLM,wonder man: leading human race
379,A man is leading the race,vocab_1000.txt,none,MLM,wonder man: leading human race
12,A skilled person is riding a bicycle on one wheel,vocab_1000.txt,none,T5,.
52,A man is jumping into an empty pool,vocab_1000.txt,none,T5,.
57,Four girls are doing backbends and playing outdoors,vocab_1000.txt,none,T5,:
71,A man is sitting in a field,vocab_1000.txt,none,T5,.
114,A motorcyclist with a red helmet is riding a blue motorcycle down the road,vocab_1000.txt,none,T5,:
125,The blond girl is dancing behind the sound equipment,vocab_1000.txt,none,T5,: simple simple
140,The woman is wearing glasses and a black headdress,vocab_1000.txt,none,T5,.
327,A boy is climbing up a wall artificially built for climbing and is attached to a rope,vocab_1000.txt,none,T5,.
377,A man is leading the race,vocab_1000.txt,none,T5,.
379,A man is leading the race,vocab_1000.txt,none,T5,.
12,A skilled person is riding a bicycle on one wheel,vocab_1000.txt,none,BYT5,""" personnel will ride inside inside inside inside inside inside inside inside inside inside inside"
52,A man is jumping into an empty pool,vocab_1000.txt,none,BYT5,""" stand operation stand operation stand operation stand operation stand operation stand operation stand operation stand operati"
57,Four girls are doing backbends and playing outdoors,vocab_1000.txt,none,BYT5,""" have become analysis analysis analysis analysis analysis analysis analysis analysis analysis analysis"
71,A man is sitting in a field,vocab_1000.txt,none,BYT5,""" saying "" saying "" saying "" saying "" saying "" saying "" saying "" saying "" saying "" saying "" saying "" saying "" saying "" saying """
114,A motorcyclist with a red helmet is riding a blue motorcycle down the road,vocab_1000.txt,none,BYT5,""" showing information telling analysis thought thought thought telling analysis telling analysis telling analysis telling analy"
125,The blond girl is dancing behind the sound equipment,vocab_1000.txt,none,BYT5,""" have dance theater attack attack attack attack attack attack attack attack attack attack attack attack attack attack attack a"
140,The woman is wearing glasses and a black headdress,vocab_1000.txt,none,BYT5,""" have become wearing black head glass glass glass glass glass glass glass glass glass glass glass glass glass"
327,A boy is climbing up a wall artificially built for climbing and is attached to a rope,vocab_1000.txt,none,BYT5,""" have read somebody inside outside outside outside outside outside outside outside outside outside outside outside outside out"
377,A man is leading the race,vocab_1000.txt,none,BYT5,""" have race simple race simple race simple race simple race simple race simple race simple race simple race simple race simple"
379,A man is leading the race,vocab_1000.txt,none,BYT5,""" have race simple race simple race simple race simple race simple race simple race simple race simple race simple race simple"
12,A skilled person is riding a bicycle on one wheel,vocab_1000.txt,none,EMB_SUB,Include preparation person include treatment include idea even tell wheel
52,A man is jumping into an empty pool,vocab_1000.txt,none,EMB_SUB,Include man include reason even include empty fun
57,Four girls are doing backbends and playing outdoors,vocab_1000.txt,none,EMB_SUB,Two girl become being back include playing field
71,A man is sitting in a field,vocab_1000.txt,none,EMB_SUB,Include man include getting know include field
114,A motorcyclist with a red helmet is riding a blue motorcycle down the road,vocab_1000.txt,none,EMB_SUB,Include arm even include red military include treatment include blue blind down include road
125,The blond girl is dancing behind the sound equipment,vocab_1000.txt,none,EMB_SUB,Include hair girl include singing straight include ship equipment
140,The woman is wearing glasses and a black headdress,vocab_1000.txt,none,EMB_SUB,Include woman include wearing say include include black join
327,A boy is climbing up a wall artificially built for climbing and is attached to a rope,vocab_1000.txt,none,EMB_SUB,Include boy include walking say include wall culture stock do walking include include publication include include town
377,A man is leading the race,vocab_1000.txt,none,EMB_SUB,Include man include leading include race
379,A man is leading the race,vocab_1000.txt,none,EMB_SUB,Include man include leading include race
12,A skilled person is riding a bicycle on one wheel,vocab_1100.txt,english_stopwords,MLM,A blind person is holding a wheel on a wheel
52,A man is jumping into an empty pool,vocab_1100.txt,english_stopwords,MLM,A man is walking into an empty.
57,Four girls are doing backbends and playing outdoors,vocab_1100.txt,english_stopwords,MLM,young people are doing dancing and playing.
71,A man is sitting in a field,vocab_1100.txt,english_stopwords,MLM,A man is standing in a field
114,A motorcyclist with a red helmet is riding a blue motorcycle down the road,vocab_1100.txt,english_stopwords,MLM,A person with a red coat is on a blue train down the road
125,The blond girl is dancing behind the sound equipment,vocab_1100.txt,english_stopwords,MLM,The dancing girl is dancing on the dance equipment
140,The woman is wearing glasses and a black headdress,vocab_1100.txt,english_stopwords,MLM,The woman is wearing black and a black.
327,A boy is climbing up a wall artificially built for climbing and is attached to a rope,vocab_1100.txt,english_stopwords,MLM,"A boy is walking up a wall, ready for escape and is bound to a."
377,A man is leading the race,vocab_1100.txt,english_stopwords,MLM,A man is leading the race
379,A man is leading the race,vocab_1100.txt,english_stopwords,MLM,A man is leading the race
12,A skilled person is riding a bicycle on one wheel,vocab_1100.txt,english_stopwords,T5,.
52,A man is jumping into an empty pool,vocab_1100.txt,english_stopwords,T5,.
57,Four girls are doing backbends and playing outdoors,vocab_1100.txt,english_stopwords,T5,:
71,A man is sitting in a field,vocab_1100.txt,english_stopwords,T5,.
114,A motorcyclist with a red helmet is riding a blue motorcycle down the road,vocab_1100.txt,english_stopwords,T5,a motor car can be found on the right side of the road or on the right side of the road to the right side of the road to the right side of the road to the right side of the road to the right side of the road to the right side of the road
125,The blond girl is dancing behind the sound equipment,vocab_1100.txt,english_stopwords,T5,s simple
140,The woman is wearing glasses and a black headdress,vocab_1100.txt,english_stopwords,T5,.
327,A boy is climbing up a wall artificially built for climbing and is attached to a rope,vocab_1100.txt,english_stopwords,T5,.
377,A man is leading the race,vocab_1100.txt,english_stopwords,T5,s simple
379,A man is leading the race,vocab_1100.txt,english_stopwords,T5,s simple
12,A skilled person is riding a bicycle on one wheel,vocab_1100.txt,english_stopwords,BYT5,""" on on on on on on on on on on on on on on on on on on on on on on on on on on on on on on on on on on on on on on on on on on"
52,A man is jumping into an empty pool,vocab_1100.txt,english_stopwords,BYT5,""" should have been should have been should have been should have been should have been should have been should have been should"
57,Four girls are doing backbends and playing outdoors,vocab_1100.txt,english_stopwords,BYT5,""" has become the only thing to do with the only thing that with the only thing that with the only thing that with the only thin"
71,A man is sitting in a field,vocab_1100.txt,english_stopwords,BYT5,""" having to become a field having to become a field having to become a field having to become a field having to become a field"
114,A motorcyclist with a red helmet is riding a blue motorcycle down the road,vocab_1100.txt,english_stopwords,BYT5,""" should have been shooting a blue motor down the road where a motor does not have a blue motor down the road should have been"
125,The blond girl is dancing behind the sound equipment,vocab_1100.txt,english_stopwords,BYT5,""" is dancing at the same time to dance with the same time to dance with the same time to dancing at the same time to dance with"
140,The woman is wearing glasses and a black headdress,vocab_1100.txt,english_stopwords,BYT5,""" is wearing a glass and a black head wearing a glass and a glass and a glass and a glass and a glass and a glass and a black h"
327,A boy is climbing up a wall artificially built for climbing and is attached to a rope,vocab_1100.txt,english_stopwords,BYT5,""" has been the only thing that he has been the only thing that he has been the only thing that he has been the only thing that"
377,A man is leading the race,vocab_1100.txt,english_stopwords,BYT5,""" is leading the race is leading the race is leading the race is leading the race is leading the race is leading the race is le"
379,A man is leading the race,vocab_1100.txt,english_stopwords,BYT5,""" is leading the race is leading the race is leading the race is leading the race is leading the race is leading the race is le"
12,A skilled person is riding a bicycle on one wheel,vocab_1100.txt,english_stopwords,EMB_SUB,A skill person is treatment a idea on tell wheel
52,A man is jumping into an empty pool,vocab_1100.txt,english_stopwords,EMB_SUB,A man is catch into an empty fun
57,Four girls are doing backbends and playing outdoors,vocab_1100.txt,english_stopwords,EMB_SUB,Two girl are doing back and playing field
71,A man is sitting in a field,vocab_1100.txt,english_stopwords,EMB_SUB,A man is getting in a field
114,A motorcyclist with a red helmet is riding a blue motorcycle down the road,vocab_1100.txt,english_stopwords,EMB_SUB,A arm with a red coat is treatment a blue liquor down the road
125,The blond girl is dancing behind the sound equipment,vocab_1100.txt,english_stopwords,EMB_SUB,The hair girl is dancing straight the ship equipment
140,The woman is wearing glasses and a black headdress,vocab_1100.txt,english_stopwords,EMB_SUB,The woman is wearing say and a black join
327,A boy is climbing up a wall artificially built for climbing and is attached to a rope,vocab_1100.txt,english_stopwords,EMB_SUB,A boy is walking up a wall culture stock for walking and is publication to a bread
377,A man is leading the race,vocab_1100.txt,english_stopwords,EMB_SUB,A man is leading the race
379,A man is leading the race,vocab_1100.txt,english_stopwords,EMB_SUB,A man is leading the race
12,A skilled person is riding a bicycle on one wheel,vocab_1100.txt,none,MLM,- - person - turning motor wheel: turning wheel
52,A man is jumping into an empty pool,vocab_1100.txt,none,MLM,young man: walking inside: empty.
57,Four girls are doing backbends and playing outdoors,vocab_1100.txt,none,MLM,young people like playing baseball while playing baseball
71,A man is sitting in a field,vocab_1100.txt,none,MLM,young man: walking down baseball field
114,A motorcyclist with a red helmet is riding a blue motorcycle down the road,vocab_1100.txt,none,MLM,female driver wearing red red hair while leading light blue traffic down station road
125,The blond girl is dancing behind the sound equipment,vocab_1100.txt,none,MLM,young wonder girl: dancing inside: dance equipment
140,The woman is wearing glasses and a black headdress,vocab_1100.txt,none,MLM,young woman: wearing black wearing long black hair
327,A boy is climbing up a wall artificially built for climbing and is attached to a rope,vocab_1100.txt,none,MLM,"young boy: steps down rock wall, ready while walking down stairs down like steel."
377,A man is leading the race,vocab_1100.txt,none,MLM,iron man: leading stage race
379,A man is leading the race,vocab_1100.txt,none,MLM,iron man: leading stage race
12,A skilled person is riding a bicycle on one wheel,vocab_1100.txt,none,T5,.
52,A man is jumping into an empty pool,vocab_1100.txt,none,T5,.
57,Four girls are doing backbends and playing outdoors,vocab_1100.txt,none,T5,:
71,A man is sitting in a field,vocab_1100.txt,none,T5,.
114,A motorcyclist with a red helmet is riding a blue motorcycle down the road,vocab_1100.txt,none,T5,:
125,The blond girl is dancing behind the sound equipment,vocab_1100.txt,none,T5,: simple simple
140,The woman is wearing glasses and a black headdress,vocab_1100.txt,none,T5,.
327,A boy is climbing up a wall artificially built for climbing and is attached to a rope,vocab_1100.txt,none,T5,.
377,A man is leading the race,vocab_1100.txt,none,T5,.
379,A man is leading the race,vocab_1100.txt,none,T5,.
12,A skilled person is riding a bicycle on one wheel,vocab_1100.txt,none,BYT5,""" personnel will ride theater person will ride theater person will ride theater person will ride theater person will ride theat"
52,A man is jumping into an empty pool,vocab_1100.txt,none,BYT5,""" stand operation stand operation stand operation stand operation stand operation stand operation stand operation stand operati"
57,Four girls are doing backbends and playing outdoors,vocab_1100.txt,none,BYT5,""" have become analysis analysis analysis analysis analysis analysis analysis analysis analysis analysis"
71,A man is sitting in a field,vocab_1100.txt,none,BYT5,""" saying "" saying "" saying "" saying "" saying "" saying "" saying "" saying "" saying "" saying "" saying "" saying "" saying "" saying """
114,A motorcyclist with a red helmet is riding a blue motorcycle down the road,vocab_1100.txt,none,BYT5,""" shooting machine down town town town town town town town town town town town"
125,The blond girl is dancing behind the sound equipment,vocab_1100.txt,none,BYT5,""" have dancing best dancing best dancing best dancing best dancing best dancing best dancing best dancing best dancing best dan"
140,The woman is wearing glasses and a black headdress,vocab_1100.txt,none,BYT5,""" have become wearing black head glass glass glass glass glass glass glass glass glass glass glass glass glass"
327,A boy is climbing up a wall artificially built for climbing and is attached to a rope,vocab_1100.txt,none,BYT5,""" have read somebody inside outside outside outside outside outside outside outside outside outside outside outside outside out"
377,A man is leading the race,vocab_1100.txt,none,BYT5,""" participation participation participation participation participation participation participation participation participation"
379,A man is leading the race,vocab_1100.txt,none,BYT5,""" participation participation participation participation participation participation participation participation participation"
12,A skilled person is riding a bicycle on one wheel,vocab_1100.txt,none,EMB_SUB,Include skill person include treatment include idea even tell wheel
52,A man is jumping into an empty pool,vocab_1100.txt,none,EMB_SUB,Include man include catch even include empty fun
57,Four girls are doing backbends and playing outdoors,vocab_1100.txt,none,EMB_SUB,Two girl become being back include playing field
71,A man is sitting in a field,vocab_1100.txt,none,EMB_SUB,Include man include getting know include field
114,A motorcyclist with a red helmet is riding a blue motorcycle down the road,vocab_1100.txt,none,EMB_SUB,Include arm even include red coat include treatment include blue liquor down include road
125,The blond girl is dancing behind the sound equipment,vocab_1100.txt,none,EMB_SUB,Include hair girl include dancing straight include ship equipment
140,The woman is wearing glasses and a black headdress,vocab_1100.txt,none,EMB_SUB,Include woman include wearing say include include black join
327,A boy is climbing up a wall artificially built for climbing and is attached to a rope,vocab_1100.txt,none,EMB_SUB,Include boy include walking say include wall culture stock do walking include include publication include include bread
377,A man is leading the race,vocab_1100.txt,none,EMB_SUB,Include man include leading include race
379,A man is leading the race,vocab_1100.txt,none,EMB_SUB,Include man include leading include race
12,A skilled person is riding a bicycle on one wheel,vocab_1200.txt,english_stopwords,MLM,A blind person is holding a wheel on a wheel
52,A man is jumping into an empty pool,vocab_1200.txt,english_stopwords,MLM,A man is swimming into an empty lake
57,Four girls are doing backbends and playing outdoors,vocab_1200.txt,english_stopwords,MLM,young people are doing swimming and playing.
71,A man is sitting in a field,vocab_1200.txt,english_stopwords,MLM,A man is standing in a field
114,A motorcyclist with a red helmet is riding a blue motorcycle down the road,vocab_1200.txt,english_stopwords,MLM,A person with a red coat is on a blue train down the road
125,The blond girl is dancing behind the sound equipment,vocab_1200.txt,english_stopwords,MLM,The dancing girl is dancing on the dance equipment
140,The woman is wearing glasses and a black headdress,vocab_1200.txt,english_stopwords,MLM,The woman is wearing black and a black.
327,A boy is climbing up a wall artificially built for climbing and is attached to a rope,vocab_1200.txt,english_stopwords,MLM,"A boy is walking up a wall, ready for escape and is bound to a."
377,A man is leading the race,vocab_1200.txt,english_stopwords,MLM,A man is leading the race
379,A man is leading the race,vocab_1200.txt,english_stopwords,MLM,A man is leading the race
12,A skilled person is riding a bicycle on one wheel,vocab_1200.txt,english_stopwords,T5,.
52,A man is jumping into an empty pool,vocab_1200.txt,english_stopwords,T5,.
57,Four girls are doing backbends and playing outdoors,vocab_1200.txt,english_stopwords,T5,:
71,A man is sitting in a field,vocab_1200.txt,english_stopwords,T5,.
114,A motorcyclist with a red helmet is riding a blue motorcycle down the road,vocab_1200.txt,english_stopwords,T5,a motor car can be found on the right side of the road or on the right side of the road to the right side of the road to the right side of the road to the right side of the road to the right side of the road to the right side of the road
125,The blond girl is dancing behind the sound equipment,vocab_1200.txt,english_stopwords,T5,s simple
140,The woman is wearing glasses and a black headdress,vocab_1200.txt,english_stopwords,T5,.
327,A boy is climbing up a wall artificially built for climbing and is attached to a rope,vocab_1200.txt,english_stopwords,T5,.
377,A man is leading the race,vocab_1200.txt,english_stopwords,T5,s simple
379,A man is leading the race,vocab_1200.txt,english_stopwords,T5,s simple
12,A skilled person is riding a bicycle on one wheel,vocab_1200.txt,english_stopwords,BYT5,""" on on on on on on on on on on on on on on on on on on on on on on on on on on on on on on on on on on on on on on on on on on"
52,A man is jumping into an empty pool,vocab_1200.txt,english_stopwords,BYT5,""" should have been should have been should have been should have been should have been should have been should have been should"
57,Four girls are doing backbends and playing outdoors,vocab_1200.txt,english_stopwords,BYT5,""" has become the only thing to do with the only thing that with the only thing that with the only thing that with the only thin"
71,A man is sitting in a field,vocab_1200.txt,english_stopwords,BYT5,""" having to become a field having to become a field having to become a field having to become a field having to become a field"
114,A motorcyclist with a red helmet is riding a blue motorcycle down the road,vocab_1200.txt,english_stopwords,BYT5,""" should have been shooting a blue motor down the road where a motor does not have a blue motor down the road should have been"
125,The blond girl is dancing behind the sound equipment,vocab_1200.txt,english_stopwords,BYT5,""" is dancing at the same time to dance with the same time to dance with the same time to dancing at the same time to dance with"
140,The woman is wearing glasses and a black headdress,vocab_1200.txt,english_stopwords,BYT5,""" is wearing a glass and a black head wearing a glass and a glass and a glass and a glass and a glass and a glass and a black h"
327,A boy is climbing up a wall artificially built for climbing and is attached to a rope,vocab_1200.txt,english_stopwords,BYT5,""" has been the only thing that he has been the only thing that he has been the only thing that he has been the only thing that"
377,A man is leading the race,vocab_1200.txt,english_stopwords,BYT5,""" is leading the race is leading the race is leading the race is leading the race is leading the race is leading the race is le"
379,A man is leading the race,vocab_1200.txt,english_stopwords,BYT5,""" is leading the race is leading the race is leading the race is leading the race is leading the race is leading the race is le"
12,A skilled person is riding a bicycle on one wheel,vocab_1200.txt,english_stopwords,EMB_SUB,A skill person is treatment a idea on tell wheel
52,A man is jumping into an empty pool,vocab_1200.txt,english_stopwords,EMB_SUB,A man is catch into an empty fun
57,Four girls are doing backbends and playing outdoors,vocab_1200.txt,english_stopwords,EMB_SUB,Two girl are doing back and playing field
71,A man is sitting in a field,vocab_1200.txt,english_stopwords,EMB_SUB,A man is getting in a field
114,A motorcyclist with a red helmet is riding a blue motorcycle down the road,vocab_1200.txt,english_stopwords,EMB_SUB,A arm with a red coat is treatment a blue liquor down the road
125,The blond girl is dancing behind the sound equipment,vocab_1200.txt,english_stopwords,EMB_SUB,The hair girl is dancing straight the ship equipment
140,The woman is wearing glasses and a black headdress,vocab_1200.txt,english_stopwords,EMB_SUB,The woman is wearing say and a black join
327,A boy is climbing up a wall artificially built for climbing and is attached to a rope,vocab_1200.txt,english_stopwords,EMB_SUB,A boy is walking up a wall culture stock for walking and is publication to a bread
377,A man is leading the race,vocab_1200.txt,english_stopwords,EMB_SUB,A man is leading the race
379,A man is leading the race,vocab_1200.txt,english_stopwords,EMB_SUB,A man is leading the race
12,A skilled person is riding a bicycle on one wheel,vocab_1200.txt,none,MLM,- - person - turning motor wheel: turning wheel
52,A man is jumping into an empty pool,vocab_1200.txt,none,MLM,young man: walking inside: empty.
57,Four girls are doing backbends and playing outdoors,vocab_1200.txt,none,MLM,young people like playing golf while playing.
71,A man is sitting in a field,vocab_1200.txt,none,MLM,young man: walking down baseball field
114,A motorcyclist with a red helmet is riding a blue motorcycle down the road,vocab_1200.txt,none,MLM,male driver wearing red red hair while leading police blue police down station road
125,The blond girl is dancing behind the sound equipment,vocab_1200.txt,none,MLM,young wonder girl: dancing inside: dance equipment
140,The woman is wearing glasses and a black headdress,vocab_1200.txt,none,MLM,young woman: wearing black wearing long black hair
327,A boy is climbing up a wall artificially built for climbing and is attached to a rope,vocab_1200.txt,none,MLM,"young boy: steps down rock wall, ready while walking down stairs down like steel."
377,A man is leading the race,vocab_1200.txt,none,MLM,iron man: leading stage race
379,A man is leading the race,vocab_1200.txt,none,MLM,iron man: leading stage race
12,A skilled person is riding a bicycle on one wheel,vocab_1200.txt,none,T5,.
52,A man is jumping into an empty pool,vocab_1200.txt,none,T5,.
57,Four girls are doing backbends and playing outdoors,vocab_1200.txt,none,T5,:
71,A man is sitting in a field,vocab_1200.txt,none,T5,.
114,A motorcyclist with a red helmet is riding a blue motorcycle down the road,vocab_1200.txt,none,T5,:
125,The blond girl is dancing behind the sound equipment,vocab_1200.txt,none,T5,: simple simple
140,The woman is wearing glasses and a black headdress,vocab_1200.txt,none,T5,.
327,A boy is climbing up a wall artificially built for climbing and is attached to a rope,vocab_1200.txt,none,T5,.
377,A man is leading the race,vocab_1200.txt,none,T5,.
379,A man is leading the race,vocab_1200.txt,none,T5,.
12,A skilled person is riding a bicycle on one wheel,vocab_1200.txt,none,BYT5,""" introduction better introduction better introduction better introduction better introduction"
52,A man is jumping into an empty pool,vocab_1200.txt,none,BYT5,""" show interpretation show interpretation show interpretation show interpretation show interpretation show interpretation show"
57,Four girls are doing backbends and playing outdoors,vocab_1200.txt,none,BYT5,""" have become analysis analysis analysis analysis analysis analysis analysis analysis analysis analysis"
71,A man is sitting in a field,vocab_1200.txt,none,BYT5,""" saying "" saying "" saying "" saying "" saying "" saying "" saying "" saying "" saying "" saying "" saying "" saying "" saying "" saying """
114,A motorcyclist with a red helmet is riding a blue motorcycle down the road,vocab_1200.txt,none,BYT5,""" shooting machine down town town town town town town"
125,The blond girl is dancing behind the sound equipment,vocab_1200.txt,none,BYT5,""" have dancing best dancing best dancing best dancing best dancing best dancing best dancing best dancing best dancing best dan"
140,The woman is wearing glasses and a black headdress,vocab_1200.txt,none,BYT5,""" have become wearing black head glass glass glass glass glass glass glass glass glass glass glass glass glass"
327,A boy is climbing up a wall artificially built for climbing and is attached to a rope,vocab_1200.txt,none,BYT5,""" have read somebody inside outside outside outside outside outside outside outside outside outside outside outside outside out"
377,A man is leading the race,vocab_1200.txt,none,BYT5,""" participation participation participation participation participation participation participation participation participation"
379,A man is leading the race,vocab_1200.txt,none,BYT5,""" participation participation participation participation participation participation participation participation participation"
12,A skilled person is riding a bicycle on one wheel,vocab_1200.txt,none,EMB_SUB,Include skill person include treatment include idea even tell wheel
52,A man is jumping into an empty pool,vocab_1200.txt,none,EMB_SUB,Include man include catch even include empty fun
57,Four girls are doing backbends and playing outdoors,vocab_1200.txt,none,EMB_SUB,Two girl become being back include playing field
71,A man is sitting in a field,vocab_1200.txt,none,EMB_SUB,Include man include getting know include field
114,A motorcyclist with a red helmet is riding a blue motorcycle down the road,vocab_1200.txt,none,EMB_SUB,Include arm even include red coat include treatment include blue liquor down include road
125,The blond girl is dancing behind the sound equipment,vocab_1200.txt,none,EMB_SUB,Include hair girl include dancing straight include ship equipment
140,The woman is wearing glasses and a black headdress,vocab_1200.txt,none,EMB_SUB,Include woman include wearing say include include black join
327,A boy is climbing up a wall artificially built for climbing and is attached to a rope,vocab_1200.txt,none,EMB_SUB,Include boy include walking say include wall culture stock do walking include include publication include include bread
377,A man is leading the race,vocab_1200.txt,none,EMB_SUB,Include man include leading include race
379,A man is leading the race,vocab_1200.txt,none,EMB_SUB,Include man include leading include race
12,A skilled person is riding a bicycle on one wheel,vocab_1300.txt,english_stopwords,MLM,A blind person is holding a wheel on a wheel
52,A man is jumping into an empty pool,vocab_1300.txt,english_stopwords,MLM,A man is swimming into an empty lake
57,Four girls are doing backbends and playing outdoors,vocab_1300.txt,english_stopwords,MLM,young people are doing fishing and playing.
71,A man is sitting in a field,vocab_1300.txt,english_stopwords,MLM,A man is standing in a field
114,A motorcyclist with a red helmet is riding a blue motorcycle down the road,vocab_1300.txt,english_stopwords,MLM,A person with a red jacket is on a blue ride down the road
125,The blond girl is dancing behind the sound equipment,vocab_1300.txt,english_stopwords,MLM,The dancing girl is dancing on the dance equipment
140,The woman is wearing glasses and a black headdress,vocab_1300.txt,english_stopwords,MLM,The woman is wearing black and a black.
327,A boy is climbing up a wall artificially built for climbing and is attached to a rope,vocab_1300.txt,english_stopwords,MLM,"A boy is walking up a wall, ready for escape and is bound to a."
377,A man is leading the race,vocab_1300.txt,english_stopwords,MLM,A man is leading the race
379,A man is leading the race,vocab_1300.txt,english_stopwords,MLM,A man is leading the race
12,A skilled person is riding a bicycle on one wheel,vocab_1300.txt,english_stopwords,T5,.
52,A man is jumping into an empty pool,vocab_1300.txt,english_stopwords,T5,.
57,Four girls are doing backbends and playing outdoors,vocab_1300.txt,english_stopwords,T5,:
71,A man is sitting in a field,vocab_1300.txt,english_stopwords,T5,.
114,A motorcyclist with a red helmet is riding a blue motorcycle down the road,vocab_1300.txt,english_stopwords,T5,a motor car can be found on the right side of the road or on the right side of the road to the right side of the road to the right side of the road to the right side of the road to the right side of the road to the right side of the road
125,The blond girl is dancing behind the sound equipment,vocab_1300.txt,english_stopwords,T5,s simple
140,The woman is wearing glasses and a black headdress,vocab_1300.txt,english_stopwords,T5,.
327,A boy is climbing up a wall artificially built for climbing and is attached to a rope,vocab_1300.txt,english_stopwords,T5,.
377,A man is leading the race,vocab_1300.txt,english_stopwords,T5,s simple
379,A man is leading the race,vocab_1300.txt,english_stopwords,T5,s simple
12,A skilled person is riding a bicycle on one wheel,vocab_1300.txt,english_stopwords,BYT5,""" on on on on on on on on on on on on on on on on on on on on on on on on on on on on on on on on on on on on on on on on on on"
52,A man is jumping into an empty pool,vocab_1300.txt,english_stopwords,BYT5,""" should have been should have been should have been should have been should have been should have been should have been should"
57,Four girls are doing backbends and playing outdoors,vocab_1300.txt,english_stopwords,BYT5,""" has become the only thing to do with the only thing that with the only thing that with the only thing that with the only thin"
71,A man is sitting in a field,vocab_1300.txt,english_stopwords,BYT5,""" having to become a field having to become a field having to become a field having to become a field having to become a field"
114,A motorcyclist with a red helmet is riding a blue motorcycle down the road,vocab_1300.txt,english_stopwords,BYT5,""" should have been shooting a blue motor down the road where a motor does not have a blue motor down the road should have been"
125,The blond girl is dancing behind the sound equipment,vocab_1300.txt,english_stopwords,BYT5,""" is dancing at the same time to dance at the same time to dance at the same time to dance at the same time to dance at the sam"
140,The woman is wearing glasses and a black headdress,vocab_1300.txt,english_stopwords,BYT5,""" is wearing a glass and a black head wearing a glass and a glass and a glass and a glass and a glass and a glass and a black h"
327,A boy is climbing up a wall artificially built for climbing and is attached to a rope,vocab_1300.txt,english_stopwords,BYT5,""" has been the only thing that he has been the only thing that he has been the only thing that he has been the only thing that"
377,A man is leading the race,vocab_1300.txt,english_stopwords,BYT5,""" is leading the race is leading the race is leading the race is leading the race is leading the race is leading the race is le"
379,A man is leading the race,vocab_1300.txt,english_stopwords,BYT5,""" is leading the race is leading the race is leading the race is leading the race is leading the race is leading the race is le"
12,A skilled person is riding a bicycle on one wheel,vocab_1300.txt,english_stopwords,EMB_SUB,A skill person is treatment a idea on tell wheel
52,A man is jumping into an empty pool,vocab_1300.txt,english_stopwords,EMB_SUB,A man is catch into an empty fun
57,Four girls are doing backbends and playing outdoors,vocab_1300.txt,english_stopwords,EMB_SUB,Two girl are doing back and playing field
71,A man is sitting in a field,vocab_1300.txt,english_stopwords,EMB_SUB,A man is getting in a field
114,A motorcyclist with a red helmet is riding a blue motorcycle down the road,vocab_1300.txt,english_stopwords,EMB_SUB,A arm with a red jacket is treatment a blue liquor down the road
125,The blond girl is dancing behind the sound equipment,vocab_1300.txt,english_stopwords,EMB_SUB,The hair girl is dancing straight the ship equipment
140,The woman is wearing glasses and a black headdress,vocab_1300.txt,english_stopwords,EMB_SUB,The woman is wearing say and a black jacket
327,A boy is climbing up a wall artificially built for climbing and is attached to a rope,vocab_1300.txt,english_stopwords,EMB_SUB,A boy is buying up a wall culture stock for buying and is publication to a bread
377,A man is leading the race,vocab_1300.txt,english_stopwords,EMB_SUB,A man is leading the race
379,A man is leading the race,vocab_1300.txt,english_stopwords,EMB_SUB,A man is leading the race
12,A skilled person is riding a bicycle on one wheel,vocab_1300.txt,none,MLM,- - person - turning motor wheel: turning wheel
52,A man is jumping into an empty pool,vocab_1300.txt,none,MLM,young man: walking inside: empty.
57,Four girls are doing backbends and playing outdoors,vocab_1300.txt,none,MLM,young people like playing golf while playing.
71,A man is sitting in a field,vocab_1300.txt,none,MLM,young man: walking down baseball field
114,A motorcyclist with a red helmet is riding a blue motorcycle down the road,vocab_1300.txt,none,MLM,male driver wearing red red hair while leading police blue police down station road
125,The blond girl is dancing behind the sound equipment,vocab_1300.txt,none,MLM,young wonder girl: dancing inside: dance equipment
140,The woman is wearing glasses and a black headdress,vocab_1300.txt,none,MLM,young woman: wearing black wearing long black hair
327,A boy is climbing up a wall artificially built for climbing and is attached to a rope,vocab_1300.txt,none,MLM,"young boy: steps down rock wall, ready while walking down stairs down like steel."
377,A man is leading the race,vocab_1300.txt,none,MLM,iron man: leading stage race
379,A man is leading the race,vocab_1300.txt,none,MLM,iron man: leading stage race
12,A skilled person is riding a bicycle on one wheel,vocab_1300.txt,none,T5,.
52,A man is jumping into an empty pool,vocab_1300.txt,none,T5,.
57,Four girls are doing backbends and playing outdoors,vocab_1300.txt,none,T5,:
71,A man is sitting in a field,vocab_1300.txt,none,T5,.
114,A motorcyclist with a red helmet is riding a blue motorcycle down the road,vocab_1300.txt,none,T5,:
125,The blond girl is dancing behind the sound equipment,vocab_1300.txt,none,T5,: simple simple
140,The woman is wearing glasses and a black headdress,vocab_1300.txt,none,T5,.
327,A boy is climbing up a wall artificially built for climbing and is attached to a rope,vocab_1300.txt,none,T5,.
377,A man is leading the race,vocab_1300.txt,none,T5,.
379,A man is leading the race,vocab_1300.txt,none,T5,.
12,A skilled person is riding a bicycle on one wheel,vocab_1300.txt,none,BYT5,""" introduction better introduction better introduction better introduction better introduction"
52,A man is jumping into an empty pool,vocab_1300.txt,none,BYT5,""" show interpretation show interpretation show interpretation show interpretation show interpretation show interpretation show"
57,Four girls are doing backbends and playing outdoors,vocab_1300.txt,none,BYT5,""" have become analysis analysis analysis analysis analysis analysis analysis analysis analysis analysis analysis"
71,A man is sitting in a field,vocab_1300.txt,none,BYT5,""" saying "" saying "" saying "" saying "" saying "" saying "" saying "" saying "" saying "" saying "" saying "" saying "" saying "" saying """
114,A motorcyclist with a red helmet is riding a blue motorcycle down the road,vocab_1300.txt,none,BYT5,""" shooting machine down town town town town town town"
125,The blond girl is dancing behind the sound equipment,vocab_1300.txt,none,BYT5,""" have dancing best dancing best dancing best dancing best dancing best dancing best dancing best dancing best dancing best dan"
140,The woman is wearing glasses and a black headdress,vocab_1300.txt,none,BYT5,""" have become wearing black head glass glass glass glass glass glass glass glass glass glass glass glass glass"
327,A boy is climbing up a wall artificially built for climbing and is attached to a rope,vocab_1300.txt,none,BYT5,""" have read somebody inside outside outside outside outside outside outside outside outside outside outside outside outside out"
377,A man is leading the race,vocab_1300.txt,none,BYT5,""" participation participation participation participation participation participation participation participation participation"
379,A man is leading the race,vocab_1300.txt,none,BYT5,""" participation participation participation participation participation participation participation participation participation"
12,A skilled person is riding a bicycle on one wheel,vocab_1300.txt,none,EMB_SUB,Include skill person include treatment include idea even tell wheel
52,A man is jumping into an empty pool,vocab_1300.txt,none,EMB_SUB,Include man include catch even include empty fun
57,Four girls are doing backbends and playing outdoors,vocab_1300.txt,none,EMB_SUB,Two girl become being back include playing field
71,A man is sitting in a field,vocab_1300.txt,none,EMB_SUB,Include man include getting know include field
114,A motorcyclist with a red helmet is riding a blue motorcycle down the road,vocab_1300.txt,none,EMB_SUB,Include arm even include red jacket include treatment include blue liquor down include road
125,The blond girl is dancing behind the sound equipment,vocab_1300.txt,none,EMB_SUB,Include hair girl include dancing straight include ship equipment
140,The woman is wearing glasses and a black headdress,vocab_1300.txt,none,EMB_SUB,Include woman include wearing say include include black jacket
327,A boy is climbing up a wall artificially built for climbing and is attached to a rope,vocab_1300.txt,none,EMB_SUB,Include boy include buying say include wall culture stock do buying include include publication include include bread
377,A man is leading the race,vocab_1300.txt,none,EMB_SUB,Include man include leading include race
379,A man is leading the race,vocab_1300.txt,none,EMB_SUB,Include man include leading include race
12,A skilled person is riding a bicycle on one wheel,vocab_1400.txt,english_stopwords,MLM,A blind person is holding a wheel on a wheel
52,A man is jumping into an empty pool,vocab_1400.txt,english_stopwords,MLM,A man is swimming into an empty lake
57,Four girls are doing backbends and playing outdoors,vocab_1400.txt,english_stopwords,MLM,young people are doing fishing and playing.
71,A man is sitting in a field,vocab_1400.txt,english_stopwords,MLM,A man is standing in a field
114,A motorcyclist with a red helmet is riding a blue motorcycle down the road,vocab_1400.txt,english_stopwords,MLM,A person with a red shirt is on a blue road down the road
125,The blond girl is dancing behind the sound equipment,vocab_1400.txt,english_stopwords,MLM,The dancing girl is dancing on the dance equipment
140,The woman is wearing glasses and a black headdress,vocab_1400.txt,english_stopwords,MLM,The woman is wearing black and a black.
327,A boy is climbing up a wall artificially built for climbing and is attached to a rope,vocab_1400.txt,english_stopwords,MLM,"A boy is walking up a wall, ready for combat and is bound to a."
377,A man is leading the race,vocab_1400.txt,english_stopwords,MLM,A man is leading the race
379,A man is leading the race,vocab_1400.txt,english_stopwords,MLM,A man is leading the race
12,A skilled person is riding a bicycle on one wheel,vocab_1400.txt,english_stopwords,T5,.
52,A man is jumping into an empty pool,vocab_1400.txt,english_stopwords,T5,.
57,Four girls are doing backbends and playing outdoors,vocab_1400.txt,english_stopwords,T5,:
71,A man is sitting in a field,vocab_1400.txt,english_stopwords,T5,.
114,A motorcyclist with a red helmet is riding a blue motorcycle down the road,vocab_1400.txt,english_stopwords,T5,a motor car can be found on the right side of the road or on the right side of the road to the right side of the road to the right side of the road to the right side of the road to the right side of the road to the right side of the road
125,The blond girl is dancing behind the sound equipment,vocab_1400.txt,english_stopwords,T5,s simple
140,The woman is wearing glasses and a black headdress,vocab_1400.txt,english_stopwords,T5,.
327,A boy is climbing up a wall artificially built for climbing and is attached to a rope,vocab_1400.txt,english_stopwords,T5,.
377,A man is leading the race,vocab_1400.txt,english_stopwords,T5,s simple
379,A man is leading the race,vocab_1400.txt,english_stopwords,T5,s simple
12,A skilled person is riding a bicycle on one wheel,vocab_1400.txt,english_stopwords,BYT5,""" on on on on on on on on on on on on on on on on on on on on on on on on on on on on on on on on on on on on on on on on on on"
52,A man is jumping into an empty pool,vocab_1400.txt,english_stopwords,BYT5,""" should have been should have been should have been should have been should have been should have been should have been should"
57,Four girls are doing backbends and playing outdoors,vocab_1400.txt,english_stopwords,BYT5,""" has become the only thing to do with the only thing that with the only thing that with the only thing that with the only thin"
71,A man is sitting in a field,vocab_1400.txt,english_stopwords,BYT5,""" having to become a field having to become a field having to become a field having to become a field having to become a field"
114,A motorcyclist with a red helmet is riding a blue motorcycle down the road,vocab_1400.txt,english_stopwords,BYT5,""" should have been shooting a blue motor down the road where a motor does not have a blue motor down the road should have been"
125,The blond girl is dancing behind the sound equipment,vocab_1400.txt,english_stopwords,BYT5,""" is dancing at the same time to dance at the same time to dance at the same time to dance at the same time to dance at the sam"
140,The woman is wearing glasses and a black headdress,vocab_1400.txt,english_stopwords,BYT5,""" is wearing a glass and a black head wearing a glass and a glass and a glass and a glass and a glass and a glass and a black h"
327,A boy is climbing up a wall artificially built for climbing and is attached to a rope,vocab_1400.txt,english_stopwords,BYT5,""" has been the only thing that he has been the only thing that he has been the only thing that he has been the only thing that"
377,A man is leading the race,vocab_1400.txt,english_stopwords,BYT5,""" is leading the race is leading the race is leading the race is leading the race is leading the race is leading the race is le"
379,A man is leading the race,vocab_1400.txt,english_stopwords,BYT5,""" is leading the race is leading the race is leading the race is leading the race is leading the race is leading the race is le"
12,A skilled person is riding a bicycle on one wheel,vocab_1400.txt,english_stopwords,EMB_SUB,A skill person is treatment a idea on tell wheel
52,A man is jumping into an empty pool,vocab_1400.txt,english_stopwords,EMB_SUB,A man is catch into an empty pot
57,Four girls are doing backbends and playing outdoors,vocab_1400.txt,english_stopwords,EMB_SUB,Two girl are doing back and playing field
71,A man is sitting in a field,vocab_1400.txt,english_stopwords,EMB_SUB,A man is getting in a field
114,A motorcyclist with a red helmet is riding a blue motorcycle down the road,vocab_1400.txt,english_stopwords,EMB_SUB,A arm with a red jacket is treatment a blue liquor down the road
125,The blond girl is dancing behind the sound equipment,vocab_1400.txt,english_stopwords,EMB_SUB,The hair girl is dancing straight the ship equipment
140,The woman is wearing glasses and a black headdress,vocab_1400.txt,english_stopwords,EMB_SUB,The woman is wearing say and a black jacket
327,A boy is climbing up a wall artificially built for climbing and is attached to a rope,vocab_1400.txt,english_stopwords,EMB_SUB,A boy is buying up a wall culture stock for buying and is publication to a bread
377,A man is leading the race,vocab_1400.txt,english_stopwords,EMB_SUB,A man is leading the race
379,A man is leading the race,vocab_1400.txt,english_stopwords,EMB_SUB,A man is leading the race
12,A skilled person is riding a bicycle on one wheel,vocab_1400.txt,none,MLM,- - person - turning motor wheel: turning wheel
52,A man is jumping into an empty pool,vocab_1400.txt,none,MLM,young man: walking inside: empty.
57,Four girls are doing backbends and playing outdoors,vocab_1400.txt,none,MLM,young people like playing golf while playing.
71,A man is sitting in a field,vocab_1400.txt,none,MLM,young man: walking down baseball field
114,A motorcyclist with a red helmet is riding a blue motorcycle down the road,vocab_1400.txt,none,MLM,male driver wearing red red shirt while leading police blue police down station road
125,The blond girl is dancing behind the sound equipment,vocab_1400.txt,none,MLM,young wonder girl: dancing inside: dance equipment
140,The woman is wearing glasses and a black headdress,vocab_1400.txt,none,MLM,young woman: wearing black wearing long black hair
327,A boy is climbing up a wall artificially built for climbing and is attached to a rope,vocab_1400.txt,none,MLM,"young boy: steps down rock wall, ready while walking down stairs down like steel."
377,A man is leading the race,vocab_1400.txt,none,MLM,iron man: leading stage race
379,A man is leading the race,vocab_1400.txt,none,MLM,iron man: leading stage race
12,A skilled person is riding a bicycle on one wheel,vocab_1400.txt,none,T5,.
52,A man is jumping into an empty pool,vocab_1400.txt,none,T5,.
57,Four girls are doing backbends and playing outdoors,vocab_1400.txt,none,T5,:
71,A man is sitting in a field,vocab_1400.txt,none,T5,.
114,A motorcyclist with a red helmet is riding a blue motorcycle down the road,vocab_1400.txt,none,T5,:
125,The blond girl is dancing behind the sound equipment,vocab_1400.txt,none,T5,: simple simple
140,The woman is wearing glasses and a black headdress,vocab_1400.txt,none,T5,.
327,A boy is climbing up a wall artificially built for climbing and is attached to a rope,vocab_1400.txt,none,T5,.
377,A man is leading the race,vocab_1400.txt,none,T5,.
379,A man is leading the race,vocab_1400.txt,none,T5,.
12,A skilled person is riding a bicycle on one wheel,vocab_1400.txt,none,BYT5,""" introduction better introduction better introduction better introduction better introduction"
52,A man is jumping into an empty pool,vocab_1400.txt,none,BYT5,""" show interpretation show interpretation show interpretation show interpretation show interpretation show interpretation show"
57,Four girls are doing backbends and playing outdoors,vocab_1400.txt,none,BYT5,""" have become analysis analysis analysis analysis analysis analysis analysis analysis analysis analysis analysis"
71,A man is sitting in a field,vocab_1400.txt,none,BYT5,""" saying "" saying "" saying "" saying "" saying "" saying "" saying "" saying "" saying "" saying "" saying "" saying "" saying "" saying """
114,A motorcyclist with a red helmet is riding a blue motorcycle down the road,vocab_1400.txt,none,BYT5,""" shooting machine down town town town town town town"
125,The blond girl is dancing behind the sound equipment,vocab_1400.txt,none,BYT5,""" have dancing theater inside inside inside dancing theater inside inside inside inside inside inside inside inside inside insi"
140,The woman is wearing glasses and a black headdress,vocab_1400.txt,none,BYT5,""" have become wearing black head glass glass glass glass glass glass glass glass glass glass glass glass glass glass glass glas"
327,A boy is climbing up a wall artificially built for climbing and is attached to a rope,vocab_1400.txt,none,BYT5,""" have read somebody inside outside outside outside outside outside outside outside outside outside outside outside outside out"
377,A man is leading the race,vocab_1400.txt,none,BYT5,""" participation participation participation participation participation participation participation participation participation"
379,A man is leading the race,vocab_1400.txt,none,BYT5,""" participation participation participation participation participation participation participation participation participation"
12,A skilled person is riding a bicycle on one wheel,vocab_1400.txt,none,EMB_SUB,Include skill person include treatment include idea even tell wheel
52,A man is jumping into an empty pool,vocab_1400.txt,none,EMB_SUB,Include man include catch even include empty pot
57,Four girls are doing backbends and playing outdoors,vocab_1400.txt,none,EMB_SUB,Two girl become being back include playing field
71,A man is sitting in a field,vocab_1400.txt,none,EMB_SUB,Include man include getting know include field
114,A motorcyclist with a red helmet is riding a blue motorcycle down the road,vocab_1400.txt,none,EMB_SUB,Include arm even include red jacket include treatment include blue liquor down include road
125,The blond girl is dancing behind the sound equipment,vocab_1400.txt,none,EMB_SUB,Include hair girl include dancing straight include ship equipment
140,The woman is wearing glasses and a black headdress,vocab_1400.txt,none,EMB_SUB,Include woman include wearing say include include black jacket
327,A boy is climbing up a wall artificially built for climbing and is attached to a rope,vocab_1400.txt,none,EMB_SUB,Include boy include buying say include wall culture stock do buying include include publication include include bread
377,A man is leading the race,vocab_1400.txt,none,EMB_SUB,Include man include leading include race
379,A man is leading the race,vocab_1400.txt,none,EMB_SUB,Include man include leading include race
12,A skilled person is riding a bicycle on one wheel,vocab_1500.txt,english_stopwords,MLM,A blind person is holding a wheel on a wheel
52,A man is jumping into an empty pool,vocab_1500.txt,english_stopwords,MLM,A man is swimming into an empty lake
57,Four girls are doing backbends and playing outdoors,vocab_1500.txt,english_stopwords,MLM,young people are doing fishing and playing.
71,A man is sitting in a field,vocab_1500.txt,english_stopwords,MLM,A man is standing in a field
114,A motorcyclist with a red helmet is riding a blue motorcycle down the road,vocab_1500.txt,english_stopwords,MLM,A person with a red shirt is on a blue road down the road
125,The blond girl is dancing behind the sound equipment,vocab_1500.txt,english_stopwords,MLM,The dancing girl is dancing on the dance equipment
140,The woman is wearing glasses and a black headdress,vocab_1500.txt,english_stopwords,MLM,The woman is wearing black and a black.
327,A boy is climbing up a wall artificially built for climbing and is attached to a rope,vocab_1500.txt,english_stopwords,MLM,"A boy is walking up a wall, ready for combat and is bound to a."
377,A man is leading the race,vocab_1500.txt,english_stopwords,MLM,A man is leading the race
379,A man is leading the race,vocab_1500.txt,english_stopwords,MLM,A man is leading the race
12,A skilled person is riding a bicycle on one wheel,vocab_1500.txt,english_stopwords,T5,.
52,A man is jumping into an empty pool,vocab_1500.txt,english_stopwords,T5,.
57,Four girls are doing backbends and playing outdoors,vocab_1500.txt,english_stopwords,T5,:
71,A man is sitting in a field,vocab_1500.txt,english_stopwords,T5,.
114,A motorcyclist with a red helmet is riding a blue motorcycle down the road,vocab_1500.txt,english_stopwords,T5,a motor car can be found on the right side of the road or on the right side of the road to the right side of the road to the right side of the road to the right side of the road to the right side of the road to the right side of the road
125,The blond girl is dancing behind the sound equipment,vocab_1500.txt,english_stopwords,T5,s simple
140,The woman is wearing glasses and a black headdress,vocab_1500.txt,english_stopwords,T5,.
327,A boy is climbing up a wall artificially built for climbing and is attached to a rope,vocab_1500.txt,english_stopwords,T5,.
377,A man is leading the race,vocab_1500.txt,english_stopwords,T5,s simple
379,A man is leading the race,vocab_1500.txt,english_stopwords,T5,s simple
12,A skilled person is riding a bicycle on one wheel,vocab_1500.txt,english_stopwords,BYT5,""" on on on on on on on on on on on on on on on on on on on on on on on on on on on on on on on on on on on on on on on on on on"
52,A man is jumping into an empty pool,vocab_1500.txt,english_stopwords,BYT5,""" should have jump into an empty should have jump into an empty should have jump into an empty should have jump into an empty s"
57,Four girls are doing backbends and playing outdoors,vocab_1500.txt,english_stopwords,BYT5,""" has become the only thing to do with the only thing that with the only thing that with the only thing that with the only thin"
71,A man is sitting in a field,vocab_1500.txt,english_stopwords,BYT5,""" having to become a field having to become a field having to become a field having to become a field having to become a field"
114,A motorcyclist with a red helmet is riding a blue motorcycle down the road,vocab_1500.txt,english_stopwords,BYT5,""" should have been shooting a blue motor down the road where a motor does not have a blue motor down the road should have been"
125,The blond girl is dancing behind the sound equipment,vocab_1500.txt,english_stopwords,BYT5,""" is dancing at the same time to dance at the same time to dance at the same time to dance at the same time to dance at the sam"
140,The woman is wearing glasses and a black headdress,vocab_1500.txt,english_stopwords,BYT5,""" is wearing a glass and a black head wearing a glass and a glass and a glass and a glass and a glass and a glass and a black h"
327,A boy is climbing up a wall artificially built for climbing and is attached to a rope,vocab_1500.txt,english_stopwords,BYT5,""" has been the only thing that he has been the only thing that he has been the only thing that he has been the only thing that"
377,A man is leading the race,vocab_1500.txt,english_stopwords,BYT5,""" is leading the race is leading the race is leading the race is leading the race is leading the race is leading the race is le"
379,A man is leading the race,vocab_1500.txt,english_stopwords,BYT5,""" is leading the race is leading the race is leading the race is leading the race is leading the race is leading the race is le"
12,A skilled person is riding a bicycle on one wheel,vocab_1500.txt,english_stopwords,EMB_SUB,A skill person is treatment a idea on tell wheel
52,A man is jumping into an empty pool,vocab_1500.txt,english_stopwords,EMB_SUB,A man is jump into an empty pot
57,Four girls are doing backbends and playing outdoors,vocab_1500.txt,english_stopwords,EMB_SUB,Two girl are doing back and playing field
71,A man is sitting in a field,vocab_1500.txt,english_stopwords,EMB_SUB,A man is getting in a field
114,A motorcyclist with a red helmet is riding a blue motorcycle down the road,vocab_1500.txt,english_stopwords,EMB_SUB,A arm with a red jacket is treatment a blue liquor down the road
125,The blond girl is dancing behind the sound equipment,vocab_1500.txt,english_stopwords,EMB_SUB,The leather girl is dancing straight the ship equipment
140,The woman is wearing glasses and a black headdress,vocab_1500.txt,english_stopwords,EMB_SUB,The woman is wearing say and a black jacket
327,A boy is climbing up a wall artificially built for climbing and is attached to a rope,vocab_1500.txt,english_stopwords,EMB_SUB,A boy is buying up a wall culture stock for buying and is publication to a bread
377,A man is leading the race,vocab_1500.txt,english_stopwords,EMB_SUB,A man is leading the race
379,A man is leading the race,vocab_1500.txt,english_stopwords,EMB_SUB,A man is leading the race
12,A skilled person is riding a bicycle on one wheel,vocab_1500.txt,none,MLM,- - person - pulling motor vehicle - rear wheel
52,A man is jumping into an empty pool,vocab_1500.txt,none,MLM,young man: walking inside: empty.
57,Four girls are doing backbends and playing outdoors,vocab_1500.txt,none,MLM,young people like playing golf while playing.
71,A man is sitting in a field,vocab_1500.txt,none,MLM,young man: walking down baseball field
114,A motorcyclist with a red helmet is riding a blue motorcycle down the road,vocab_1500.txt,none,MLM,male driver wearing red red shirt while leading police blue police down station road
125,The blond girl is dancing behind the sound equipment,vocab_1500.txt,none,MLM,young wonder girl: dancing inside: dance equipment
140,The woman is wearing glasses and a black headdress,vocab_1500.txt,none,MLM,young woman: wearing black wearing long black hair
327,A boy is climbing up a wall artificially built for climbing and is attached to a rope,vocab_1500.txt,none,MLM,"young boy: steps down rock wall, ready while walking down stairs down like steel."
377,A man is leading the race,vocab_1500.txt,none,MLM,iron man: leading stage race
379,A man is leading the race,vocab_1500.txt,none,MLM,iron man: leading stage race
12,A skilled person is riding a bicycle on one wheel,vocab_1500.txt,none,T5,.
52,A man is jumping into an empty pool,vocab_1500.txt,none,T5,.
57,Four girls are doing backbends and playing outdoors,vocab_1500.txt,none,T5,:
71,A man is sitting in a field,vocab_1500.txt,none,T5,.
114,A motorcyclist with a red helmet is riding a blue motorcycle down the road,vocab_1500.txt,none,T5,: ( in case we have an accident we will have an accident we will have an accident we will have an accident we will have an accident we will have an accident we will have an accident we will have an accident we will have an accident we will have an accident we will have an accident we will be
125,The blond girl is dancing behind the sound equipment,vocab_1500.txt,none,T5,: simple simple
140,The woman is wearing glasses and a black headdress,vocab_1500.txt,none,T5,.
327,A boy is climbing up a wall artificially built for climbing and is attached to a rope,vocab_1500.txt,none,T5,.
377,A man is leading the race,vocab_1500.txt,none,T5,.
379,A man is leading the race,vocab_1500.txt,none,T5,.
12,A skilled person is riding a bicycle on one wheel,vocab_1500.txt,none,BYT5,""" introduction better introduction better introduction better introduction better introduction"
52,A man is jumping into an empty pool,vocab_1500.txt,none,BYT5,""" show interpretation show interpretation show interpretation show interpretation show interpretation show interpretation show"
57,Four girls are doing backbends and playing outdoors,vocab_1500.txt,none,BYT5,""" have reaction back back back back back back back back back back back back back back back back back back back back back back b"
71,A man is sitting in a field,vocab_1500.txt,none,BYT5,""" saying "" saying "" saying "" saying "" saying "" saying "" saying "" saying "" saying "" saying "" saying "" saying "" saying "" saying """
114,A motorcyclist with a red helmet is riding a blue motorcycle down the road,vocab_1500.txt,none,BYT5,""" shooting machine down town town town town town town"
125,The blond girl is dancing behind the sound equipment,vocab_1500.txt,none,BYT5,""" have dancing theater inside inside inside dancing theater inside inside inside inside inside inside inside inside inside insi"
140,The woman is wearing glasses and a black headdress,vocab_1500.txt,none,BYT5,""" have become wearing black head glass glass glass glass glass glass glass glass glass glass glass glass glass glass glass glas"
327,A boy is climbing up a wall artificially built for climbing and is attached to a rope,vocab_1500.txt,none,BYT5,""" have read somebody inside outside outside outside outside outside outside outside outside outside outside outside outside out"
377,A man is leading the race,vocab_1500.txt,none,BYT5,""" participation participation participation participation participation participation participation participation participation"
379,A man is leading the race,vocab_1500.txt,none,BYT5,""" participation participation participation participation participation participation participation participation participation"
12,A skilled person is riding a bicycle on one wheel,vocab_1500.txt,none,EMB_SUB,Include skill person include treatment include idea even tell wheel
52,A man is jumping into an empty pool,vocab_1500.txt,none,EMB_SUB,Include man include jump even include empty pot
57,Four girls are doing backbends and playing outdoors,vocab_1500.txt,none,EMB_SUB,Two girl become breaking back include playing field
71,A man is sitting in a field,vocab_1500.txt,none,EMB_SUB,Include man include getting know include field
114,A motorcyclist with a red helmet is riding a blue motorcycle down the road,vocab_1500.txt,none,EMB_SUB,Include arm even include red jacket include treatment include blue liquor down include road
125,The blond girl is dancing behind the sound equipment,vocab_1500.txt,none,EMB_SUB,Include leather girl include dancing straight include ship equipment
140,The woman is wearing glasses and a black headdress,vocab_1500.txt,none,EMB_SUB,Include woman include wearing say include include black jacket
327,A boy is climbing up a wall artificially built for climbing and is attached to a rope,vocab_1500.txt,none,EMB_SUB,Include boy include buying say include wall culture stock do buying include include publication include include bread
377,A man is leading the race,vocab_1500.txt,none,EMB_SUB,Include man include leading include race
379,A man is leading the race,vocab_1500.txt,none,EMB_SUB,Include man include leading include race
12,A skilled person is riding a bicycle on one wheel,vocab_1600.txt,english_stopwords,MLM,A blind person is holding a wheel on a wheel
52,A man is jumping into an empty pool,vocab_1600.txt,english_stopwords,MLM,A man is swimming into an empty lake
57,Four girls are doing backbends and playing outdoors,vocab_1600.txt,english_stopwords,MLM,young people are doing fishing and playing.
71,A man is sitting in a field,vocab_1600.txt,english_stopwords,MLM,A man is standing in a field
114,A motorcyclist with a red helmet is riding a blue motorcycle down the road,vocab_1600.txt,english_stopwords,MLM,A person with a red shirt is on a blue road down the road
125,The blond girl is dancing behind the sound equipment,vocab_1600.txt,english_stopwords,MLM,The dancing girl is dancing on the dance equipment
140,The woman is wearing glasses and a black headdress,vocab_1600.txt,english_stopwords,MLM,The woman is wearing black and a black skirt
327,A boy is climbing up a wall artificially built for climbing and is attached to a rope,vocab_1600.txt,english_stopwords,MLM,"A boy is walking up a wall, ready for combat and is bound to a."
377,A man is leading the race,vocab_1600.txt,english_stopwords,MLM,A man is leading the race
379,A man is leading the race,vocab_1600.txt,english_stopwords,MLM,A man is leading the race
12,A skilled person is riding a bicycle on one wheel,vocab_1600.txt,english_stopwords,T5,.
52,A man is jumping into an empty pool,vocab_1600.txt,english_stopwords,T5,.
57,Four girls are doing backbends and playing outdoors,vocab_1600.txt,english_stopwords,T5,:
71,A man is sitting in a field,vocab_1600.txt,english_stopwords,T5,.
114,A motorcyclist with a red helmet is riding a blue motorcycle down the road,vocab_1600.txt,english_stopwords,T5,a motor car can be found on the right side of the road or on the right side of the road to the right side of the road to the right side of the road to the right side of the road to the right side of the road to the right side of the road
125,The blond girl is dancing behind the sound equipment,vocab_1600.txt,english_stopwords,T5,s simple
140,The woman is wearing glasses and a black headdress,vocab_1600.txt,english_stopwords,T5,.
327,A boy is climbing up a wall artificially built for climbing and is attached to a rope,vocab_1600.txt,english_stopwords,T5,.
377,A man is leading the race,vocab_1600.txt,english_stopwords,T5,s simple
379,A man is leading the race,vocab_1600.txt,english_stopwords,T5,s simple
12,A skilled person is riding a bicycle on one wheel,vocab_1600.txt,english_stopwords,BYT5,""" on on on on on on on on on on on on on on on on on on on on on on on on on on on on on on on on on on on on on on on on on on"
52,A man is jumping into an empty pool,vocab_1600.txt,english_stopwords,BYT5,""" should have jump into an empty should have jump into an empty should have jump into an empty should have jump into an empty s"
57,Four girls are doing backbends and playing outdoors,vocab_1600.txt,english_stopwords,BYT5,""" has become the only thing to do with the only thing that with the only thing that with the only thing that with the only thin"
71,A man is sitting in a field,vocab_1600.txt,english_stopwords,BYT5,""" having to become a field having to become a field having to become a field having to become a field having to become a field"
114,A motorcyclist with a red helmet is riding a blue motorcycle down the road,vocab_1600.txt,english_stopwords,BYT5,""" should have been shooting a blue motor down the road where a motor does not have a blue motor down the road should have been"
125,The blond girl is dancing behind the sound equipment,vocab_1600.txt,english_stopwords,BYT5,""" is dancing at the same time to dance at the same time to dance at the same time to dance at the same time to dance at the sam"
140,The woman is wearing glasses and a black headdress,vocab_1600.txt,english_stopwords,BYT5,""" is wearing a glass and a black head wearing a glass and a glass and a glass and a glass and a glass and a glass and a black h"
327,A boy is climbing up a wall artificially built for climbing and is attached to a rope,vocab_1600.txt,english_stopwords,BYT5,""" has been the only thing that he has been the only thing that he has been the only thing that he has been the only thing that"
377,A man is leading the race,vocab_1600.txt,english_stopwords,BYT5,""" is leading the race is leading the race is leading the race is leading the race is leading the race is leading the race is le"
379,A man is leading the race,vocab_1600.txt,english_stopwords,BYT5,""" is leading the race is leading the race is leading the race is leading the race is leading the race is leading the race is le"
12,A skilled person is riding a bicycle on one wheel,vocab_1600.txt,english_stopwords,EMB_SUB,A skill person is treatment a idea on tell wheel
52,A man is jumping into an empty pool,vocab_1600.txt,english_stopwords,EMB_SUB,A man is jump into an empty pot
57,Four girls are doing backbends and playing outdoors,vocab_1600.txt,english_stopwords,EMB_SUB,Two girl are doing back and playing field
71,A man is sitting in a field,vocab_1600.txt,english_stopwords,EMB_SUB,A man is getting in a field
114,A motorcyclist with a red helmet is riding a blue motorcycle down the road,vocab_1600.txt,english_stopwords,EMB_SUB,A arm with a red jacket is treatment a blue liquor down the road
125,The blond girl is dancing behind the sound equipment,vocab_1600.txt,english_stopwords,EMB_SUB,The lean girl is dancing straight the ship equipment
140,The woman is wearing glasses and a black headdress,vocab_1600.txt,english_stopwords,EMB_SUB,The woman is wearing say and a black jacket
327,A boy is climbing up a wall artificially built for climbing and is attached to a rope,vocab_1600.txt,english_stopwords,EMB_SUB,A boy is unfortunate up a wall culture stock for unfortunate and is publication to a bread
377,A man is leading the race,vocab_1600.txt,english_stopwords,EMB_SUB,A man is leading the race
379,A man is leading the race,vocab_1600.txt,english_stopwords,EMB_SUB,A man is leading the race
12,A skilled person is riding a bicycle on one wheel,vocab_1600.txt,none,MLM,- - person - pulling motor vehicle - rear wheel
52,A man is jumping into an empty pool,vocab_1600.txt,none,MLM,young man: walking inside: empty.
57,Four girls are doing backbends and playing outdoors,vocab_1600.txt,none,MLM,young people like playing golf while playing.
71,A man is sitting in a field,vocab_1600.txt,none,MLM,young man: walking down baseball field
114,A motorcyclist with a red helmet is riding a blue motorcycle down the road,vocab_1600.txt,none,MLM,male driver wearing red red shirt while leading police blue police down station road
125,The blond girl is dancing behind the sound equipment,vocab_1600.txt,none,MLM,young wonder girl: dancing inside: dance equipment
140,The woman is wearing glasses and a black headdress,vocab_1600.txt,none,MLM,young woman: wearing black wearing long black hair
327,A boy is climbing up a wall artificially built for climbing and is attached to a rope,vocab_1600.txt,none,MLM,"young boy: steps down rock wall, ready while walking down stairs down like steel."
377,A man is leading the race,vocab_1600.txt,none,MLM,iron man: leading stage race
379,A man is leading the race,vocab_1600.txt,none,MLM,iron man: leading stage race
12,A skilled person is riding a bicycle on one wheel,vocab_1600.txt,none,T5,.
52,A man is jumping into an empty pool,vocab_1600.txt,none,T5,.
57,Four girls are doing backbends and playing outdoors,vocab_1600.txt,none,T5,:
71,A man is sitting in a field,vocab_1600.txt,none,T5,.
114,A motorcyclist with a red helmet is riding a blue motorcycle down the road,vocab_1600.txt,none,T5,: ( in case we have an accident we will have an accident we will have an accident we will have an accident we will have an accident we will have an accident we will have an accident we will have an accident we will have an accident we will have an accident we will have an accident we will be
125,The blond girl is dancing behind the sound equipment,vocab_1600.txt,none,T5,: simple simple
140,The woman is wearing glasses and a black headdress,vocab_1600.txt,none,T5,.
327,A boy is climbing up a wall artificially built for climbing and is attached to a rope,vocab_1600.txt,none,T5,.
377,A man is leading the race,vocab_1600.txt,none,T5,.
379,A man is leading the race,vocab_1600.txt,none,T5,.
12,A skilled person is riding a bicycle on one wheel,vocab_1600.txt,none,BYT5,""" introduction better introduction better introduction better introduction better introduction"
52,A man is jumping into an empty pool,vocab_1600.txt,none,BYT5,""" show interpretation show interpretation show interpretation show interpretation show interpretation show interpretation show"
57,Four girls are doing backbends and playing outdoors,vocab_1600.txt,none,BYT5,""" have reaction back back back back back back back back back back back back back back back back back back back back back back b"
71,A man is sitting in a field,vocab_1600.txt,none,BYT5,""" saying "" saying "" saying "" saying "" saying "" saying "" saying "" saying "" saying "" saying "" saying "" saying "" saying "" saying """
114,A motorcyclist with a red helmet is riding a blue motorcycle down the road,vocab_1600.txt,none,BYT5,""" shooting machine down town town town town town town"
125,The blond girl is dancing behind the sound equipment,vocab_1600.txt,none,BYT5,""" have dancing theater inside inside inside dancing theater inside inside inside inside inside inside inside inside inside insi"
140,The woman is wearing glasses and a black headdress,vocab_1600.txt,none,BYT5,""" have become wearing black head glass glass glass glass glass glass glass glass glass glass glass glass glass glass glass glas"
327,A boy is climbing up a wall artificially built for climbing and is attached to a rope,vocab_1600.txt,none,BYT5,""" have read somebody inside outside outside outside outside outside outside outside outside outside outside outside outside out"
377,A man is leading the race,vocab_1600.txt,none,BYT5,""" participation participation participation participation participation participation participation participation participation"
379,A man is leading the race,vocab_1600.txt,none,BYT5,""" participation participation participation participation participation participation participation participation participation"
12,A skilled person is riding a bicycle on one wheel,vocab_1600.txt,none,EMB_SUB,Include skill person include treatment include idea regime tell wheel
52,A man is jumping into an empty pool,vocab_1600.txt,none,EMB_SUB,Include man include jump even include empty pot
57,Four girls are doing backbends and playing outdoors,vocab_1600.txt,none,EMB_SUB,Two girl become breaking back include playing field
71,A man is sitting in a field,vocab_1600.txt,none,EMB_SUB,Include man include getting know include field
114,A motorcyclist with a red helmet is riding a blue motorcycle down the road,vocab_1600.txt,none,EMB_SUB,Include arm even include red jacket include treatment include blue liquor down include road
125,The blond girl is dancing behind the sound equipment,vocab_1600.txt,none,EMB_SUB,Include lean girl include dancing straight include ship equipment
140,The woman is wearing glasses and a black headdress,vocab_1600.txt,none,EMB_SUB,Include woman include wearing say include include black jacket
327,A boy is climbing up a wall artificially built for climbing and is attached to a rope,vocab_1600.txt,none,EMB_SUB,Include boy include unfortunate say include wall culture stock do unfortunate include include publication include include bread
377,A man is leading the race,vocab_1600.txt,none,EMB_SUB,Include man include leading include race
379,A man is leading the race,vocab_1600.txt,none,EMB_SUB,Include man include leading include race
12,A skilled person is riding a bicycle on one wheel,vocab_1700.txt,english_stopwords,MLM,A blind person is holding a wheel on a wheel
52,A man is jumping into an empty pool,vocab_1700.txt,english_stopwords,MLM,A man is swimming into an empty lake
57,Four girls are doing backbends and playing outdoors,vocab_1700.txt,english_stopwords,MLM,young people are doing fishing and playing.
71,A man is sitting in a field,vocab_1700.txt,english_stopwords,MLM,A man is standing in a field
114,A motorcyclist with a red helmet is riding a blue motorcycle down the road,vocab_1700.txt,english_stopwords,MLM,A person with a red shirt is on a blue road down the road
125,The blond girl is dancing behind the sound equipment,vocab_1700.txt,english_stopwords,MLM,The chorus girl is dancing on the stage equipment
140,The woman is wearing glasses and a black headdress,vocab_1700.txt,english_stopwords,MLM,The woman is wearing black and a black skirt
327,A boy is climbing up a wall artificially built for climbing and is attached to a rope,vocab_1700.txt,english_stopwords,MLM,"A boy is walking up a wall, ready for combat and is bound to a."
377,A man is leading the race,vocab_1700.txt,english_stopwords,MLM,A man is leading the race
379,A man is leading the race,vocab_1700.txt,english_stopwords,MLM,A man is leading the race
12,A skilled person is riding a bicycle on one wheel,vocab_1700.txt,english_stopwords,T5,.
52,A man is jumping into an empty pool,vocab_1700.txt,english_stopwords,T5,.
57,Four girls are doing backbends and playing outdoors,vocab_1700.txt,english_stopwords,T5,:
71,A man is sitting in a field,vocab_1700.txt,english_stopwords,T5,.
114,A motorcyclist with a red helmet is riding a blue motorcycle down the road,vocab_1700.txt,english_stopwords,T5,a motor car can be found on the right side of the road or on the right side of the road to the right side of the road to the right side of the road to the right side of the road to the right side of the road to the right side of the road
125,The blond girl is dancing behind the sound equipment,vocab_1700.txt,english_stopwords,T5,s simple
140,The woman is wearing glasses and a black headdress,vocab_1700.txt,english_stopwords,T5,.
327,A boy is climbing up a wall artificially built for climbing and is attached to a rope,vocab_1700.txt,english_stopwords,T5,.
377,A man is leading the race,vocab_1700.txt,english_stopwords,T5,s simple
379,A man is leading the race,vocab_1700.txt,english_stopwords,T5,s simple
12,A skilled person is riding a bicycle on one wheel,vocab_1700.txt,english_stopwords,BYT5,""" on on on on on on on on on on on on on on on on on on on on on on on on on on on on on on on on on on on on on on on on on on"
52,A man is jumping into an empty pool,vocab_1700.txt,english_stopwords,BYT5,""" should have jump into an empty should have jump into an empty should have jump into an empty should have jump into an empty s"
57,Four girls are doing backbends and playing outdoors,vocab_1700.txt,english_stopwords,BYT5,""" has become the only thing to do with the only thing that with the only thing that with the only thing that with the only thin"
71,A man is sitting in a field,vocab_1700.txt,english_stopwords,BYT5,""" having to become a field having to become a field having to become a field having to become a field having to become a field"
114,A motorcyclist with a red helmet is riding a blue motorcycle down the road,vocab_1700.txt,english_stopwords,BYT5,""" should have been shooting a blue motor down the road where a motor does not have a blue motor down the road should have been"
125,The blond girl is dancing behind the sound equipment,vocab_1700.txt,english_stopwords,BYT5,""" is dancing at the same time to dance at the same time to dance at the same time to dance at the same time to dance at the sam"
140,The woman is wearing glasses and a black headdress,vocab_1700.txt,english_stopwords,BYT5,""" is wearing a glass and a black head wearing a glass and a glass and a glass and a glass and a glass and a glass and a black h"
327,A boy is climbing up a wall artificially built for climbing and is attached to a rope,vocab_1700.txt,english_stopwords,BYT5,""" has been the only thing that he has been the only thing that he has been the only thing that he has been the only thing that"
377,A man is leading the race,vocab_1700.txt,english_stopwords,BYT5,""" is leading the race is leading the race is leading the race is leading the race is leading the race is leading the race is le"
379,A man is leading the race,vocab_1700.txt,english_stopwords,BYT5,""" is leading the race is leading the race is leading the race is leading the race is leading the race is leading the race is le"
12,A skilled person is riding a bicycle on one wheel,vocab_1700.txt,english_stopwords,EMB_SUB,A skill person is treatment a idea on tell wheel
52,A man is jumping into an empty pool,vocab_1700.txt,english_stopwords,EMB_SUB,A man is jump into an empty pot
57,Four girls are doing backbends and playing outdoors,vocab_1700.txt,english_stopwords,EMB_SUB,Two girl are doing back and playing field
71,A man is sitting in a field,vocab_1700.txt,english_stopwords,EMB_SUB,A man is getting in a field
114,A motorcyclist with a red helmet is riding a blue motorcycle down the road,vocab_1700.txt,english_stopwords,EMB_SUB,A arm with a red jacket is treatment a blue liquor down the road
125,The blond girl is dancing behind the sound equipment,vocab_1700.txt,english_stopwords,EMB_SUB,The lean girl is dancing straight the ship equipment
140,The woman is wearing glasses and a black headdress,vocab_1700.txt,english_stopwords,EMB_SUB,The woman is wearing say and a black jacket
327,A boy is climbing up a wall artificially built for climbing and is attached to a rope,vocab_1700.txt,english_stopwords,EMB_SUB,A boy is unfortunate up a wall culture stock for unfortunate and is publication to a trap
377,A man is leading the race,vocab_1700.txt,english_stopwords,EMB_SUB,A man is leading the race
379,A man is leading the race,vocab_1700.txt,english_stopwords,EMB_SUB,A man is leading the race
12,A skilled person is riding a bicycle on one wheel,vocab_1700.txt,none,MLM,- - person - pulling motor vehicle - rear wheel
52,A man is jumping into an empty pool,vocab_1700.txt,none,MLM,young man: walking inside: empty.
57,Four girls are doing backbends and playing outdoors,vocab_1700.txt,none,MLM,young people like playing golf while playing.
71,A man is sitting in a field,vocab_1700.txt,none,MLM,young man: walking down baseball field
114,A motorcyclist with a red helmet is riding a blue motorcycle down the road,vocab_1700.txt,none,MLM,male driver wearing red red shirt while leading police blue police down station road
125,The blond girl is dancing behind the sound equipment,vocab_1700.txt,none,MLM,young wonder girl: dancing inside: dance equipment
140,The woman is wearing glasses and a black headdress,vocab_1700.txt,none,MLM,young woman: wearing black wearing long black hair
327,A boy is climbing up a wall artificially built for climbing and is attached to a rope,vocab_1700.txt,none,MLM,"young boy: steps down rock wall, ready while walking down stairs down like steel."
377,A man is leading the race,vocab_1700.txt,none,MLM,iron man: leading stage race
379,A man is leading the race,vocab_1700.txt,none,MLM,iron man: leading stage race
12,A skilled person is riding a bicycle on one wheel,vocab_1700.txt,none,T5,.
52,A man is jumping into an empty pool,vocab_1700.txt,none,T5,.
57,Four girls are doing backbends and playing outdoors,vocab_1700.txt,none,T5,:
71,A man is sitting in a field,vocab_1700.txt,none,T5,.
114,A motorcyclist with a red helmet is riding a blue motorcycle down the road,vocab_1700.txt,none,T5,: ( in case we have an accident we will have an accident we will have an accident we will have an accident we will have an accident we will have an accident we will have an accident we will have an accident we will have an accident we will have an accident we will have an accident we will be
125,The blond girl is dancing behind the sound equipment,vocab_1700.txt,none,T5,: simple simple
140,The woman is wearing glasses and a black headdress,vocab_1700.txt,none,T5,.
327,A boy is climbing up a wall artificially built for climbing and is attached to a rope,vocab_1700.txt,none,T5,.
377,A man is leading the race,vocab_1700.txt,none,T5,.
379,A man is leading the race,vocab_1700.txt,none,T5,.
12,A skilled person is riding a bicycle on one wheel,vocab_1700.txt,none,BYT5,""" introduction better introduction better introduction better introduction better introduction"
52,A man is jumping into an empty pool,vocab_1700.txt,none,BYT5,""" show interpretation show interpretation show interpretation show interpretation show interpretation show interpretation show"
57,Four girls are doing backbends and playing outdoors,vocab_1700.txt,none,BYT5,""" have reaction back back back back back back back back back back back back back back back back back back back back back back b"
71,A man is sitting in a field,vocab_1700.txt,none,BYT5,""" saying "" saying "" saying "" saying "" saying "" saying "" saying "" saying "" saying "" saying "" saying "" saying "" saying "" saying """
114,A motorcyclist with a red helmet is riding a blue motorcycle down the road,vocab_1700.txt,none,BYT5,""" showing information technology showing information technology information technology technology technology technology technol"
125,The blond girl is dancing behind the sound equipment,vocab_1700.txt,none,BYT5,""" have dancing theater inside inside inside dancing theater inside inside inside inside inside inside inside inside inside insi"
140,The woman is wearing glasses and a black headdress,vocab_1700.txt,none,BYT5,""" have become wearing black head glass glass glass glass glass glass glass glass glass glass glass glass glass glass glass glas"
327,A boy is climbing up a wall artificially built for climbing and is attached to a rope,vocab_1700.txt,none,BYT5,""" have read somebody inside outside outside outside outside outside outside outside outside outside outside outside outside out"
377,A man is leading the race,vocab_1700.txt,none,BYT5,""" participation participation participation participation participation participation participation participation participation"
379,A man is leading the race,vocab_1700.txt,none,BYT5,""" participation participation participation participation participation participation participation participation participation"
12,A skilled person is riding a bicycle on one wheel,vocab_1700.txt,none,EMB_SUB,Include skill person include treatment include idea regime tell wheel
52,A man is jumping into an empty pool,vocab_1700.txt,none,EMB_SUB,Include man include jump even include empty pot
57,Four girls are doing backbends and playing outdoors,vocab_1700.txt,none,EMB_SUB,Two girl become breaking back include playing field
71,A man is sitting in a field,vocab_1700.txt,none,EMB_SUB,Include man include getting know include field
114,A motorcyclist with a red helmet is riding a blue motorcycle down the road,vocab_1700.txt,none,EMB_SUB,Include arm even include red jacket include treatment include blue liquor down include road
125,The blond girl is dancing behind the sound equipment,vocab_1700.txt,none,EMB_SUB,Include lean girl include dancing straight include ship equipment
140,The woman is wearing glasses and a black headdress,vocab_1700.txt,none,EMB_SUB,Include woman include wearing say include include black jacket
327,A boy is climbing up a wall artificially built for climbing and is attached to a rope,vocab_1700.txt,none,EMB_SUB,Include boy include unfortunate say include wall culture stock do unfortunate include include publication include include trap
377,A man is leading the race,vocab_1700.txt,none,EMB_SUB,Include man include leading include race
379,A man is leading the race,vocab_1700.txt,none,EMB_SUB,Include man include leading include race
12,A skilled person is riding a bicycle on one wheel,vocab_1800.txt,english_stopwords,MLM,A blind person is holding a wheel on a wheel
52,A man is jumping into an empty pool,vocab_1800.txt,english_stopwords,MLM,A man is swimming into an empty lake
57,Four girls are doing backbends and playing outdoors,vocab_1800.txt,english_stopwords,MLM,young people are doing fishing and playing.
71,A man is sitting in a field,vocab_1800.txt,english_stopwords,MLM,A man is standing in a field
114,A motorcyclist with a red helmet is riding a blue motorcycle down the road,vocab_1800.txt,english_stopwords,MLM,A person with a red shirt is on a blue road down the road
125,The blond girl is dancing behind the sound equipment,vocab_1800.txt,english_stopwords,MLM,The chorus girl is dancing on the stage equipment
140,The woman is wearing glasses and a black headdress,vocab_1800.txt,english_stopwords,MLM,The woman is wearing black and a black skirt
327,A boy is climbing up a wall artificially built for climbing and is attached to a rope,vocab_1800.txt,english_stopwords,MLM,"A boy is walking up a wall, ready for combat and is bound to a."
377,A man is leading the race,vocab_1800.txt,english_stopwords,MLM,A man is leading the race
379,A man is leading the race,vocab_1800.txt,english_stopwords,MLM,A man is leading the race
12,A skilled person is riding a bicycle on one wheel,vocab_1800.txt,english_stopwords,T5,.
52,A man is jumping into an empty pool,vocab_1800.txt,english_stopwords,T5,.
57,Four girls are doing backbends and playing outdoors,vocab_1800.txt,english_stopwords,T5,:
71,A man is sitting in a field,vocab_1800.txt,english_stopwords,T5,.
114,A motorcyclist with a red helmet is riding a blue motorcycle down the road,vocab_1800.txt,english_stopwords,T5,a motor car can be found on the right side of the road or on the right side of the road to the right side of the road to the right side of the road to the right side of the road to the right side of the road to the right side of the road
125,The blond girl is dancing behind the sound equipment,vocab_1800.txt,english_stopwords,T5,s simple
140,The woman is wearing glasses and a black headdress,vocab_1800.txt,english_stopwords,T5,.
327,A boy is climbing up a wall artificially built for climbing and is attached to a rope,vocab_1800.txt,english_stopwords,T5,.
377,A man is leading the race,vocab_1800.txt,english_stopwords,T5,s simple
379,A man is leading the race,vocab_1800.txt,english_stopwords,T5,s simple
12,A skilled person is riding a bicycle on one wheel,vocab_1800.txt,english_stopwords,BYT5,""" on on on on on on on on on on on on on on on on on on on on on on on on on on on on on on on on on on on on on on on on on on"
52,A man is jumping into an empty pool,vocab_1800.txt,english_stopwords,BYT5,""" should have jump into an empty should have jump into an empty should have jump into an empty should have jump into an empty s"
57,Four girls are doing backbends and playing outdoors,vocab_1800.txt,english_stopwords,BYT5,""" has become the only thing to do with the only thing that with the only thing that with the only thing that with the only thin"
71,A man is sitting in a field,vocab_1800.txt,english_stopwords,BYT5,""" having to become a field having to become a field having to become a field having to become a field having to become a field"
114,A motorcyclist with a red helmet is riding a blue motorcycle down the road,vocab_1800.txt,english_stopwords,BYT5,""" should have been shooting a blue motor down the road where a motor does not have a blue motor down the road should have been"
125,The blond girl is dancing behind the sound equipment,vocab_1800.txt,english_stopwords,BYT5,""" is dancing at the same time to dance at the same time to dance at the same time to dance at the same time to dance at the sam"
140,The woman is wearing glasses and a black headdress,vocab_1800.txt,english_stopwords,BYT5,""" is wearing a glass and a black head wearing a glass and a glass and a glass and a glass and a glass and a glass and a black h"
327,A boy is climbing up a wall artificially built for climbing and is attached to a rope,vocab_1800.txt,english_stopwords,BYT5,""" has been the only thing that he has been the only thing that he has been the only thing that he has been the only thing that"
377,A man is leading the race,vocab_1800.txt,english_stopwords,BYT5,""" is leading the race is leading the race is leading the race is leading the race is leading the race is leading the race is le"
379,A man is leading the race,vocab_1800.txt,english_stopwords,BYT5,""" is leading the race is leading the race is leading the race is leading the race is leading the race is leading the race is le"
12,A skilled person is riding a bicycle on one wheel,vocab_1800.txt,english_stopwords,EMB_SUB,A skill person is treatment a idea on tell wheel
52,A man is jumping into an empty pool,vocab_1800.txt,english_stopwords,EMB_SUB,A man is jump into an empty pot
57,Four girls are doing backbends and playing outdoors,vocab_1800.txt,english_stopwords,EMB_SUB,Two girl are doing back and playing field
71,A man is sitting in a field,vocab_1800.txt,english_stopwords,EMB_SUB,A man is getting in a field
114,A motorcyclist with a red helmet is riding a blue motorcycle down the road,vocab_1800.txt,english_stopwords,EMB_SUB,A arm with a red jacket is treatment a blue liquor down the road
125,The blond girl is dancing behind the sound equipment,vocab_1800.txt,english_stopwords,EMB_SUB,The lean girl is dancing straight the ship equipment
140,The woman is wearing glasses and a black headdress,vocab_1800.txt,english_stopwords,EMB_SUB,The woman is wearing say and a black jacket
327,A boy is climbing up a wall artificially built for climbing and is attached to a rope,vocab_1800.txt,english_stopwords,EMB_SUB,A boy is unfortunate up a wall culture stock for unfortunate and is publication to a trap
377,A man is leading the race,vocab_1800.txt,english_stopwords,EMB_SUB,A man is leading the race
379,A man is leading the race,vocab_1800.txt,english_stopwords,EMB_SUB,A man is leading the race
12,A skilled person is riding a bicycle on one wheel,vocab_1800.txt,none,MLM,- - person - pulling motor vehicle - rear wheel
52,A man is jumping into an empty pool,vocab_1800.txt,none,MLM,young man: walking inside: empty.
57,Four girls are doing backbends and playing outdoors,vocab_1800.txt,none,MLM,young people like playing golf while playing.
71,A man is sitting in a field,vocab_1800.txt,none,MLM,young man: walking down baseball field
114,A motorcyclist with a red helmet is riding a blue motorcycle down the road,vocab_1800.txt,none,MLM,male driver wearing red red shirt while leading police blue police down station road
125,The blond girl is dancing behind the sound equipment,vocab_1800.txt,none,MLM,young wonder girl: dancing inside: dance equipment
140,The woman is wearing glasses and a black headdress,vocab_1800.txt,none,MLM,young woman: wearing black wearing long black hair
327,A boy is climbing up a wall artificially built for climbing and is attached to a rope,vocab_1800.txt,none,MLM,"young boy: steps down rock wall, ready while walking down stairs down like steel."
377,A man is leading the race,vocab_1800.txt,none,MLM,iron man: leading endurance race
379,A man is leading the race,vocab_1800.txt,none,MLM,iron man: leading endurance race
12,A skilled person is riding a bicycle on one wheel,vocab_1800.txt,none,T5,.
52,A man is jumping into an empty pool,vocab_1800.txt,none,T5,.
57,Four girls are doing backbends and playing outdoors,vocab_1800.txt,none,T5,:
71,A man is sitting in a field,vocab_1800.txt,none,T5,.
114,A motorcyclist with a red helmet is riding a blue motorcycle down the road,vocab_1800.txt,none,T5,: ( in case we have an accident we will have an accident we will have an accident we will have an accident we will have an accident we will have an accident we will have an accident we will have an accident we will have an accident we will have an accident we will have an accident we will be
125,The blond girl is dancing behind the sound equipment,vocab_1800.txt,none,T5,: simple simple
140,The woman is wearing glasses and a black headdress,vocab_1800.txt,none,T5,.
327,A boy is climbing up a wall artificially built for climbing and is attached to a rope,vocab_1800.txt,none,T5,.
377,A man is leading the race,vocab_1800.txt,none,T5,.
379,A man is leading the race,vocab_1800.txt,none,T5,.
12,A skilled person is riding a bicycle on one wheel,vocab_1800.txt,none,BYT5,""" introduction better introduction better introduction better introduction better introduction"
52,A man is jumping into an empty pool,vocab_1800.txt,none,BYT5,""" show interpretation show interpretation show interpretation show interpretation show interpretation show interpretation show"
57,Four girls are doing backbends and playing outdoors,vocab_1800.txt,none,BYT5,""" have reaction back back back back back back back back back back back back back back back back back back back back back back b"
71,A man is sitting in a field,vocab_1800.txt,none,BYT5,""" saying "" saying "" saying "" saying "" saying "" saying "" saying "" saying "" saying "" saying "" saying "" saying "" saying "" saying """
114,A motorcyclist with a red helmet is riding a blue motorcycle down the road,vocab_1800.txt,none,BYT5,""" showing information technology showing information technology information technology technology technology technology technol"
125,The blond girl is dancing behind the sound equipment,vocab_1800.txt,none,BYT5,""" have dancing theater inside inside inside dancing theater inside inside inside inside inside inside inside inside inside insi"
140,The woman is wearing glasses and a black headdress,vocab_1800.txt,none,BYT5,""" have become wearing black head glass glass glass glass glass glass glass glass glass glass glass"
327,A boy is climbing up a wall artificially built for climbing and is attached to a rope,vocab_1800.txt,none,BYT5,""" have read somebody inside outside outside outside outside outside outside outside outside outside outside outside outside out"
377,A man is leading the race,vocab_1800.txt,none,BYT5,""" participation participation participation participation participation participation participation participation participation"
379,A man is leading the race,vocab_1800.txt,none,BYT5,""" participation participation participation participation participation participation participation participation participation"
12,A skilled person is riding a bicycle on one wheel,vocab_1800.txt,none,EMB_SUB,Include skill person include treatment include idea regime tell wheel
52,A man is jumping into an empty pool,vocab_1800.txt,none,EMB_SUB,Include man include jump even include empty pot
57,Four girls are doing backbends and playing outdoors,vocab_1800.txt,none,EMB_SUB,Two girl become channel back include playing field
71,A man is sitting in a field,vocab_1800.txt,none,EMB_SUB,Include man include getting know include field
114,A motorcyclist with a red helmet is riding a blue motorcycle down the road,vocab_1800.txt,none,EMB_SUB,Include arm even include red jacket include treatment include blue liquor down include road
125,The blond girl is dancing behind the sound equipment,vocab_1800.txt,none,EMB_SUB,Include lean girl include dancing straight include ship equipment
140,The woman is wearing glasses and a black headdress,vocab_1800.txt,none,EMB_SUB,Include woman include wearing say include include black jacket
327,A boy is climbing up a wall artificially built for climbing and is attached to a rope,vocab_1800.txt,none,EMB_SUB,Include boy include unfortunate say include wall culture stock do unfortunate include include publication include include trap
377,A man is leading the race,vocab_1800.txt,none,EMB_SUB,Include man include leading include race
379,A man is leading the race,vocab_1800.txt,none,EMB_SUB,Include man include leading include race
12,A skilled person is riding a bicycle on one wheel,vocab_1900.txt,english_stopwords,MLM,A blind person is holding a wheel on a wheel
52,A man is jumping into an empty pool,vocab_1900.txt,english_stopwords,MLM,A man is swimming into an empty lake
57,Four girls are doing backbends and playing outdoors,vocab_1900.txt,english_stopwords,MLM,young people are doing fishing and playing.
71,A man is sitting in a field,vocab_1900.txt,english_stopwords,MLM,A man is standing in a field
114,A motorcyclist with a red helmet is riding a blue motorcycle down the road,vocab_1900.txt,english_stopwords,MLM,A rider with a red cape is on a blue horse down the road
125,The blond girl is dancing behind the sound equipment,vocab_1900.txt,english_stopwords,MLM,The chorus girl is dancing on the stage equipment
140,The woman is wearing glasses and a black headdress,vocab_1900.txt,english_stopwords,MLM,The woman is wearing black and a black skirt
327,A boy is climbing up a wall artificially built for climbing and is attached to a rope,vocab_1900.txt,english_stopwords,MLM,"A boy is walking up a wall, ready for combat and is bound to a rope"
377,A man is leading the race,vocab_1900.txt,english_stopwords,MLM,A man is leading the race
379,A man is leading the race,vocab_1900.txt,english_stopwords,MLM,A man is leading the race
12,A skilled person is riding a bicycle on one wheel,vocab_1900.txt,english_stopwords,T5,.
52,A man is jumping into an empty pool,vocab_1900.txt,english_stopwords,T5,.
57,Four girls are doing backbends and playing outdoors,vocab_1900.txt,english_stopwords,T5,:
71,A man is sitting in a field,vocab_1900.txt,english_stopwords,T5,.
114,A motorcyclist with a red helmet is riding a blue motorcycle down the road,vocab_1900.txt,english_stopwords,T5,a motor car can be found on the right side of the road or on the right side of the road to the right side of the road to the right side of the road to the right side of the road to the right side of the road to the right side of the road
125,The blond girl is dancing behind the sound equipment,vocab_1900.txt,english_stopwords,T5,s simple
140,The woman is wearing glasses and a black headdress,vocab_1900.txt,english_stopwords,T5,.
327,A boy is climbing up a wall artificially built for climbing and is attached to a rope,vocab_1900.txt,english_stopwords,T5,.
377,A man is leading the race,vocab_1900.txt,english_stopwords,T5,s simple
379,A man is leading the race,vocab_1900.txt,english_stopwords,T5,s simple
12,A skilled person is riding a bicycle on one wheel,vocab_1900.txt,english_stopwords,BYT5,""" on on on on on on on on on on on on on on on on on on on on on on on on on on on on on on on on on on on on on on on on on on"
52,A man is jumping into an empty pool,vocab_1900.txt,english_stopwords,BYT5,""" should have jump into an empty should have jump into an empty should have jump into an empty should have jump into an empty s"
57,Four girls are doing backbends and playing outdoors,vocab_1900.txt,english_stopwords,BYT5,""" has become the only thing to do with the only thing that with the only thing that with the only thing that with the only thin"
71,A man is sitting in a field,vocab_1900.txt,english_stopwords,BYT5,""" having to become a field having to become a field having to become a field having to become a field having to become a field"
114,A motorcyclist with a red helmet is riding a blue motorcycle down the road,vocab_1900.txt,english_stopwords,BYT5,""" should have been shooting a blue motor down the road where a motor does not have a blue motor down the road should have been"
125,The blond girl is dancing behind the sound equipment,vocab_1900.txt,english_stopwords,BYT5,""" is dancing at the same time to dance at the same time to dance at the same time to dance at the same time to dance at the sam"
140,The woman is wearing glasses and a black headdress,vocab_1900.txt,english_stopwords,BYT5,""" is wearing a glass and a black head wearing a glass and a glass and a glass and a glass and a glass and a glass and a black h"
327,A boy is climbing up a wall artificially built for climbing and is attached to a rope,vocab_1900.txt,english_stopwords,BYT5,""" has been the only thing that is the only thing that is the only thing that is the only thing that is the only thing that is t"
377,A man is leading the race,vocab_1900.txt,english_stopwords,BYT5,""" is leading the race is leading the race is leading the race is leading the race is leading the race is leading the race is le"
379,A man is leading the race,vocab_1900.txt,english_stopwords,BYT5,""" is leading the race is leading the race is leading the race is leading the race is leading the race is leading the race is le"
12,A skilled person is riding a bicycle on one wheel,vocab_1900.txt,english_stopwords,EMB_SUB,A skill person is treatment a idea on tell wheel
52,A man is jumping into an empty pool,vocab_1900.txt,english_stopwords,EMB_SUB,A man is jump into an empty pot
57,Four girls are doing backbends and playing outdoors,vocab_1900.txt,english_stopwords,EMB_SUB,Two girl are doing back and playing field
71,A man is sitting in a field,vocab_1900.txt,english_stopwords,EMB_SUB,A man is hire in a field
114,A motorcyclist with a red helmet is riding a blue motorcycle down the road,vocab_1900.txt,english_stopwords,EMB_SUB,A arm with a red jacket is treatment a blue liquor down the road
125,The blond girl is dancing behind the sound equipment,vocab_1900.txt,english_stopwords,EMB_SUB,The lean girl is dancing straight the ship equipment
140,The woman is wearing glasses and a black headdress,vocab_1900.txt,english_stopwords,EMB_SUB,The woman is wearing say and a black jacket
327,A boy is climbing up a wall artificially built for climbing and is attached to a rope,vocab_1900.txt,english_stopwords,EMB_SUB,A boy is unfortunate up a wall preventive stock for unfortunate and is rope to a rope
377,A man is leading the race,vocab_1900.txt,english_stopwords,EMB_SUB,A man is leading the race
379,A man is leading the race,vocab_1900.txt,english_stopwords,EMB_SUB,A man is leading the race
12,A skilled person is riding a bicycle on one wheel,vocab_1900.txt,none,MLM,- - person - pulling motor vehicle - rear wheel
52,A man is jumping into an empty pool,vocab_1900.txt,none,MLM,young man: walking inside: empty.
57,Four girls are doing backbends and playing outdoors,vocab_1900.txt,none,MLM,young people like playing golf while playing.
71,A man is sitting in a field,vocab_1900.txt,none,MLM,young man: walking down baseball field
114,A motorcyclist with a red helmet is riding a blue motorcycle down the road,vocab_1900.txt,none,MLM,male rider wearing red red shirt while leading light blue rider down - road
125,The blond girl is dancing behind the sound equipment,vocab_1900.txt,none,MLM,young wonder girl: dancing inside: dance equipment
140,The woman is wearing glasses and a black headdress,vocab_1900.txt,none,MLM,young woman: wearing black wearing long black hair
327,A boy is climbing up a wall artificially built for climbing and is attached to a rope,vocab_1900.txt,none,MLM,"young boy: steps down rock wall, ready while walking rope rope rope like rope rope"
377,A man is leading the race,vocab_1900.txt,none,MLM,iron man: leading drag race
379,A man is leading the race,vocab_1900.txt,none,MLM,iron man: leading drag race
12,A skilled person is riding a bicycle on one wheel,vocab_1900.txt,none,T5,.
52,A man is jumping into an empty pool,vocab_1900.txt,none,T5,.
57,Four girls are doing backbends and playing outdoors,vocab_1900.txt,none,T5,:
71,A man is sitting in a field,vocab_1900.txt,none,T5,.
114,A motorcyclist with a red helmet is riding a blue motorcycle down the road,vocab_1900.txt,none,T5,: ( in case we have an accident we will have an accident we will have an accident we will have an accident we will have an accident we will have an accident we will have an accident we will have an accident we will have an accident we will have an accident we will have an accident we will be
125,The blond girl is dancing behind the sound equipment,vocab_1900.txt,none,T5,: simple simple
140,The woman is wearing glasses and a black headdress,vocab_1900.txt,none,T5,.
327,A boy is climbing up a wall artificially built for climbing and is attached to a rope,vocab_1900.txt,none,T5,.
377,A man is leading the race,vocab_1900.txt,none,T5,.
379,A man is leading the race,vocab_1900.txt,none,T5,.
12,A skilled person is riding a bicycle on one wheel,vocab_1900.txt,none,BYT5,""" personnel rider rider rider rider rider rider rider rider rider rider rider rider rider rider rider rider rider rider rider r"
52,A man is jumping into an empty pool,vocab_1900.txt,none,BYT5,""" show interpretation show interpretation show interpretation show interpretation show interpretation show interpretation show"
57,Four girls are doing backbends and playing outdoors,vocab_1900.txt,none,BYT5,""" have reaction back back back back back back back back back back back back back back back back back back back back back back b"
71,A man is sitting in a field,vocab_1900.txt,none,BYT5,""" saying "" saying "" saying "" saying "" saying "" saying "" saying "" saying "" saying "" saying "" saying "" saying "" saying "" saying """
114,A motorcyclist with a red helmet is riding a blue motorcycle down the road,vocab_1900.txt,none,BYT5,""" shooting machine down town town town town town town"
125,The blond girl is dancing behind the sound equipment,vocab_1900.txt,none,BYT5,""" have dancing theater inside inside inside dancing theater inside inside inside inside inside inside inside inside inside insi"
140,The woman is wearing glasses and a black headdress,vocab_1900.txt,none,BYT5,""" have become wearing black head glass glass glass glass glass glass glass glass glass glass glass"
327,A boy is climbing up a wall artificially built for climbing and is attached to a rope,vocab_1900.txt,none,BYT5,""" have read somebody inside outside outside outside outside outside outside outside outside outside outside outside outside out"
377,A man is leading the race,vocab_1900.txt,none,BYT5,""" participation participation participation participation participation participation participation participation participation"
379,A man is leading the race,vocab_1900.txt,none,BYT5,""" participation participation participation participation participation participation participation participation participation"
12,A skilled person is riding a bicycle on one wheel,vocab_1900.txt,none,EMB_SUB,Include skill person include treatment include idea regime tell wheel
52,A man is jumping into an empty pool,vocab_1900.txt,none,EMB_SUB,Include man include jump even include empty pot
57,Four girls are doing backbends and playing outdoors,vocab_1900.txt,none,EMB_SUB,Two girl become channel back include playing field
71,A man is sitting in a field,vocab_1900.txt,none,EMB_SUB,Include man include hire know include field
114,A motorcyclist with a red helmet is riding a blue motorcycle down the road,vocab_1900.txt,none,EMB_SUB,Include arm even include red jacket include treatment include blue liquor down include road
125,The blond girl is dancing behind the sound equipment,vocab_1900.txt,none,EMB_SUB,Include lean girl include dancing straight include ship equipment
140,The woman is wearing glasses and a black headdress,vocab_1900.txt,none,EMB_SUB,Include woman include wearing say include include black jacket
327,A boy is climbing up a wall artificially built for climbing and is attached to a rope,vocab_1900.txt,none,EMB_SUB,Include boy include unfortunate say include wall preventive stock do unfortunate include include rope include include rope
377,A man is leading the race,vocab_1900.txt,none,EMB_SUB,Include man include leading include race
379,A man is leading the race,vocab_1900.txt,none,EMB_SUB,Include man include leading include race
12,A skilled person is riding a bicycle on one wheel,vocab_2000.txt,english_stopwords,MLM,A blind person is holding a wheel on a wheel
52,A man is jumping into an empty pool,vocab_2000.txt,english_stopwords,MLM,A man is swimming into an empty lake
57,Four girls are doing backbends and playing outdoors,vocab_2000.txt,english_stopwords,MLM,young people are doing fishing and playing.
71,A man is sitting in a field,vocab_2000.txt,english_stopwords,MLM,A man is standing in a field
114,A motorcyclist with a red helmet is riding a blue motorcycle down the road,vocab_2000.txt,english_stopwords,MLM,A rider with a red cape is on a blue horse down the road
125,The blond girl is dancing behind the sound equipment,vocab_2000.txt,english_stopwords,MLM,The chorus girl is dancing on the stage equipment
140,The woman is wearing glasses and a black headdress,vocab_2000.txt,english_stopwords,MLM,The woman is wearing black and a black skirt
327,A boy is climbing up a wall artificially built for climbing and is attached to a rope,vocab_2000.txt,english_stopwords,MLM,"A boy is walking up a wall, ready for combat and is bound to a rope"
377,A man is leading the race,vocab_2000.txt,english_stopwords,MLM,A man is leading the race
379,A man is leading the race,vocab_2000.txt,english_stopwords,MLM,A man is leading the race
12,A skilled person is riding a bicycle on one wheel,vocab_2000.txt,english_stopwords,T5,.
52,A man is jumping into an empty pool,vocab_2000.txt,english_stopwords,T5,.
57,Four girls are doing backbends and playing outdoors,vocab_2000.txt,english_stopwords,T5,:
71,A man is sitting in a field,vocab_2000.txt,english_stopwords,T5,.
114,A motorcyclist with a red helmet is riding a blue motorcycle down the road,vocab_2000.txt,english_stopwords,T5,a motor car can be found on the right side of the road or on the right side of the road to the right side of the road to the right side of the road to the right side of the road to the right side of the road to the right side of the road
125,The blond girl is dancing behind the sound equipment,vocab_2000.txt,english_stopwords,T5,s simple
140,The woman is wearing glasses and a black headdress,vocab_2000.txt,english_stopwords,T5,.
327,A boy is climbing up a wall artificially built for climbing and is attached to a rope,vocab_2000.txt,english_stopwords,T5,.
377,A man is leading the race,vocab_2000.txt,english_stopwords,T5,s simple
379,A man is leading the race,vocab_2000.txt,english_stopwords,T5,s simple
12,A skilled person is riding a bicycle on one wheel,vocab_2000.txt,english_stopwords,BYT5,""" on on on on on on on on on on on on on on on on on on on on on on on on on on on on on on on on on on on on on on on on on on"
52,A man is jumping into an empty pool,vocab_2000.txt,english_stopwords,BYT5,""" should have jump into an empty should have jump into an empty should have jump into an empty should have jump into an empty s"
57,Four girls are doing backbends and playing outdoors,vocab_2000.txt,english_stopwords,BYT5,""" has become the only thing to do with the only thing that with the only thing that with the only thing that with the only thin"
71,A man is sitting in a field,vocab_2000.txt,english_stopwords,BYT5,""" having to become a field having to become a field having to become a field having to become a field having to become a field"
114,A motorcyclist with a red helmet is riding a blue motorcycle down the road,vocab_2000.txt,english_stopwords,BYT5,""" should have been shooting a blue motor down the road where a motor does not have a blue motor down the road should have been"
125,The blond girl is dancing behind the sound equipment,vocab_2000.txt,english_stopwords,BYT5,""" is dancing at the same time to dance at the same time to dance at the same time to dance at the same time to dance at the sam"
140,The woman is wearing glasses and a black headdress,vocab_2000.txt,english_stopwords,BYT5,""" is wearing a glass and a black head wearing a glass and a glass and a glass and a glass and a glass and a glass and a black h"
327,A boy is climbing up a wall artificially built for climbing and is attached to a rope,vocab_2000.txt,english_stopwords,BYT5,""" has been the only thing that is the only thing that is the only thing that is the only thing that is the only thing that is t"
377,A man is leading the race,vocab_2000.txt,english_stopwords,BYT5,""" is leading the race is leading the race is leading the race is leading the race is leading the race is leading the race is le"
379,A man is leading the race,vocab_2000.txt,english_stopwords,BYT5,""" is leading the race is leading the race is leading the race is leading the race is leading the race is leading the race is le"
12,A skilled person is riding a bicycle on one wheel,vocab_2000.txt,english_stopwords,EMB_SUB,A skill person is treatment a idea on tell wheel
52,A man is jumping into an empty pool,vocab_2000.txt,english_stopwords,EMB_SUB,A man is jump into an empty pot
57,Four girls are doing backbends and playing outdoors,vocab_2000.txt,english_stopwords,EMB_SUB,Two girl are doing back and playing field
71,A man is sitting in a field,vocab_2000.txt,english_stopwords,EMB_SUB,A man is hire in a field
114,A motorcyclist with a red helmet is riding a blue motorcycle down the road,vocab_2000.txt,english_stopwords,EMB_SUB,A arm with a red jacket is treatment a blue liquor down the road
125,The blond girl is dancing behind the sound equipment,vocab_2000.txt,english_stopwords,EMB_SUB,The lean girl is dancing straight the ship equipment
140,The woman is wearing glasses and a black headdress,vocab_2000.txt,english_stopwords,EMB_SUB,The woman is wearing say and a black jacket
327,A boy is climbing up a wall artificially built for climbing and is attached to a rope,vocab_2000.txt,english_stopwords,EMB_SUB,A boy is unfortunate up a wall preventive stock for unfortunate and is rope to a rope
377,A man is leading the race,vocab_2000.txt,english_stopwords,EMB_SUB,A man is leading the race
379,A man is leading the race,vocab_2000.txt,english_stopwords,EMB_SUB,A man is leading the race
12,A skilled person is riding a bicycle on one wheel,vocab_2000.txt,none,MLM,- - person - pulling motor lever pulling rear wheel
52,A man is jumping into an empty pool,vocab_2000.txt,none,MLM,young man: walking inside: empty.
57,Four girls are doing backbends and playing outdoors,vocab_2000.txt,none,MLM,young people like playing golf while playing.
71,A man is sitting in a field,vocab_2000.txt,none,MLM,young man: walking down baseball field
114,A motorcyclist with a red helmet is riding a blue motorcycle down the road,vocab_2000.txt,none,MLM,male rider wearing red red shirt while leading light blue rider down - road
125,The blond girl is dancing behind the sound equipment,vocab_2000.txt,none,MLM,young wonder girl: dancing inside: dance equipment
140,The woman is wearing glasses and a black headdress,vocab_2000.txt,none,MLM,young woman: wearing black wearing long black hair
327,A boy is climbing up a wall artificially built for climbing and is attached to a rope,vocab_2000.txt,none,MLM,"young boy: steps down rock wall, ready while walking rope rope rope like rope rope"
377,A man is leading the race,vocab_2000.txt,none,MLM,iron man: leading drag race
379,A man is leading the race,vocab_2000.txt,none,MLM,iron man: leading drag race
12,A skilled person is riding a bicycle on one wheel,vocab_2000.txt,none,T5,.
52,A man is jumping into an empty pool,vocab_2000.txt,none,T5,.
57,Four girls are doing backbends and playing outdoors,vocab_2000.txt,none,T5,:
71,A man is sitting in a field,vocab_2000.txt,none,T5,.
114,A motorcyclist with a red helmet is riding a blue motorcycle down the road,vocab_2000.txt,none,T5,:
125,The blond girl is dancing behind the sound equipment,vocab_2000.txt,none,T5,: simple simple
140,The woman is wearing glasses and a black headdress,vocab_2000.txt,none,T5,.
327,A boy is climbing up a wall artificially built for climbing and is attached to a rope,vocab_2000.txt,none,T5,.
377,A man is leading the race,vocab_2000.txt,none,T5,.
379,A man is leading the race,vocab_2000.txt,none,T5,.
12,A skilled person is riding a bicycle on one wheel,vocab_2000.txt,none,BYT5,""" personnel rider rider rider rider rider rider rider rider rider rider rider rider rider rider rider rider rider rider rider r"
52,A man is jumping into an empty pool,vocab_2000.txt,none,BYT5,""" show interpretation show interpretation show interpretation show interpretation show interpretation show interpretation show"
57,Four girls are doing backbends and playing outdoors,vocab_2000.txt,none,BYT5,""" have reaction back back back back back back back back back back back back back back back back back back back back back back b"
71,A man is sitting in a field,vocab_2000.txt,none,BYT5,""" saying "" saying "" saying "" saying "" saying "" saying "" saying "" saying "" saying "" saying "" saying "" saying "" saying "" saying """
114,A motorcyclist with a red helmet is riding a blue motorcycle down the road,vocab_2000.txt,none,BYT5,""" shooting machine down town town town town town"
125,The blond girl is dancing behind the sound equipment,vocab_2000.txt,none,BYT5,""" have dancing theater inside inside inside inside inside inside inside inside inside"
140,The woman is wearing glasses and a black headdress,vocab_2000.txt,none,BYT5,""" have become wearing black head glass glass glass glass glass glass glass glass glass glass glass"
327,A boy is climbing up a wall artificially built for climbing and is attached to a rope,vocab_2000.txt,none,BYT5,""" have read somebody inside outside outside outside outside outside outside outside outside outside outside outside outside out"
377,A man is leading the race,vocab_2000.txt,none,BYT5,""" participation participation participation participation participation participation participation participation participation"
379,A man is leading the race,vocab_2000.txt,none,BYT5,""" participation participation participation participation participation participation participation participation participation"
12,A skilled person is riding a bicycle on one wheel,vocab_2000.txt,none,EMB_SUB,Include skill person include treatment include idea regime tell wheel
52,A man is jumping into an empty pool,vocab_2000.txt,none,EMB_SUB,Include man include jump even include empty pot
57,Four girls are doing backbends and playing outdoors,vocab_2000.txt,none,EMB_SUB,Two girl become channel back include playing field
71,A man is sitting in a field,vocab_2000.txt,none,EMB_SUB,Include man include hire know include field
114,A motorcyclist with a red helmet is riding a blue motorcycle down the road,vocab_2000.txt,none,EMB_SUB,Include arm even include red jacket include treatment include blue liquor down include road
125,The blond girl is dancing behind the sound equipment,vocab_2000.txt,none,EMB_SUB,Include lean girl include dancing straight include ship equipment
140,The woman is wearing glasses and a black headdress,vocab_2000.txt,none,EMB_SUB,Include woman include wearing say include include black jacket
327,A boy is climbing up a wall artificially built for climbing and is attached to a rope,vocab_2000.txt,none,EMB_SUB,Include boy include unfortunate say include wall preventive stock do unfortunate include include rope include include rope
377,A man is leading the race,vocab_2000.txt,none,EMB_SUB,Include man include leading include race
379,A man is leading the race,vocab_2000.txt,none,EMB_SUB,Include man include leading include race
